1;0;0;0;0;670;283;267;0;62;202;112;123;0;0;0;0;0;0;0;0;0;0;0;0;0;0;0;0;0;0;TN
2;0;0;0;0;670;283;267;0;62;202;112;123;215;-36;346;299;68.6423;375;0;375;299;90;0;0;0;0;0;0;0;0;TP
3;0;0;0;0;670;283;267;0;62;202;112;124;215;-36;346;299;68.6423;375;0;375;299;90;0;0;0;0;0;0;0;0;TP
4;0;0;0;0;670;283;267;0;62;202;113;122;212;-38;346;299;68.3159;375;0;375;299;90;0;0;0;0;0;0;0;0;TP
5;0;0;0;0;670;283;267;0;62;202;113;122;212;-38;346;299;68.3159;375;0;375;299;90;0;0;0;0;0;0;0;0;TP
6;0;0;0;0;670;283;267;0;62;202;113;122;212;-38;346;299;68.3159;375;0;375;299;90;0;0;0;0;0;0;0;0;TP
7;0;0;0;0;670;283;267;0;62;202;113;122;212;-38;346;299;68.3159;375;0;375;299;90;0;0;0;0;0;0;0;0;TP
8;0;0;0;0;670;283;267;0;62;202;113;122;212;-38;346;299;68.3159;375;0;375;299;90;0;0;0;0;0;0;0;0;TP
9;0;0;0;0;670;283;267;0;62;202;113;122;212;-38;346;299;68.3159;375;0;375;299;90;0;0;0;0;0;0;0;0;TP
10;0;0;0;0;670;283;267;0;62;202;113;122;212;-38;346;299;68.3159;375;0;375;299;90;0;0;0;0;0;0;0;0;TP
11;0;0;0;0;670;283;267;0;62;202;113;122;212;-38;346;299;68.3159;375;0;375;299;90;0;0;0;0;0;0;0;0;TP
12;0;0;0;0;670;283;267;0;62;202;113;122;212;-38;346;299;68.3159;375;0;375;299;90;0;0;0;0;0;0;0;0;TP
13;0;0;0;0;670;283;267;0;62;202;113;122;212;-38;346;299;68.3159;375;0;375;299;90;0;0;0;0;0;0;0;0;TP
14;0;0;0;0;670;283;267;0;62;202;113;122;212;-38;346;299;68.3159;375;0;375;299;90;0;0;0;0;0;0;0;0;TP
15;0;0;0;0;670;283;267;0;62;202;113;122;212;-38;346;299;68.3159;375;0;375;299;90;0;0;0;0;0;0;0;0;TP
16;0;0;0;0;670;283;267;0;62;202;113;122;212;-38;346;299;68.3159;375;0;375;299;90;0;0;0;0;0;0;0;0;TP
17;0;0;0;0;670;283;267;0;62;202;113;122;212;-38;346;299;68.3159;375;0;375;299;90;0;0;0;0;0;0;0;0;TP
18;0;0;0;0;670;283;267;0;62;202;113;122;212;-38;346;299;68.3159;375;0;375;299;90;0;0;0;0;0;0;0;0;TP
19;0;0;0;0;670;283;267;0;62;202;113;122;212;-38;346;299;68.3159;375;0;375;299;90;0;0;0;0;0;0;0;0;TP
20;0;0;0;0;670;283;267;0;62;202;112;123;215;-36;346;299;68.6423;375;0;375;299;90;0;0;0;0;0;0;0;0;TP
21;0;0;0;0;670;283;267;0;62;202;112;123;215;-36;346;299;68.6423;375;0;375;299;90;0;0;0;0;0;0;0;0;TP
22;0;0;0;0;670;283;267;0;62;202;112;123;215;-36;346;299;68.6423;375;0;375;299;90;0;0;0;0;0;0;0;0;TP
23;0;0;0;0;670;283;267;0;62;202;112;123;215;-36;346;299;68.6423;375;0;375;299;90;0;0;0;0;0;0;0;0;TP
24;0;0;0;0;670;283;267;0;62;202;112;123;215;-36;346;299;68.6423;375;0;375;299;90;0;0;0;0;0;0;0;0;TP
25;0;0;0;0;670;283;267;0;62;202;112;123;215;-36;346;299;68.6423;375;0;375;299;90;0;0;0;0;0;0;0;0;TP
26;0;0;0;0;670;283;267;0;62;202;112;123;215;-36;346;299;68.6423;375;0;375;299;90;0;0;0;0;0;0;0;0;TP
27;0;0;0;0;670;283;267;0;62;202;113;122;212;-38;346;299;68.3159;375;0;375;299;90;0;0;0;0;0;0;0;0;TP
28;0;0;0;0;670;283;267;0;62;202;113;122;212;-38;346;299;68.3159;375;0;375;299;90;0;0;0;0;0;0;0;0;TP
29;0;0;0;0;670;283;267;0;62;201;112;123;214;-36;346;299;68.4941;375;0;375;299;90;0;0;0;0;0;0;0;0;TP
30;0;0;0;0;670;283;267;0;62;201;112;123;214;-36;346;299;68.4941;375;0;375;299;90;0;0;0;0;0;0;0;0;TP
31;0;0;0;0;670;283;267;0;62;202;113;122;212;-38;346;299;68.3159;375;0;375;299;90;0;0;0;0;0;0;0;0;TP
32;0;0;0;0;670;283;267;0;61;201;114;123;218;-34;344;299;69.2744;375;0;375;299;90;0;0;0;0;0;0;0;0;TP
33;0;0;0;0;670;284;266;0;62;202;113;122;211;-36;346;299;68.0513;375;0;375;299;90;0;0;0;0;0;0;0;0;TP
34;0;0;0;0;670;284;266;0;61;201;114;123;217;-33;343;299;69.2173;375;0;375;299;90;0;0;0;0;0;0;0;0;TP
35;0;0;0;0;670;284;266;0;61;201;114;123;217;-33;343;299;69.2173;375;0;375;299;90;0;0;0;0;0;0;0;0;TP
36;0;0;0;0;670;283;267;0;62;202;113;122;212;-38;346;299;68.3159;375;0;375;299;90;0;0;0;0;0;0;0;0;TP
37;0;0;0;0;670;283;267;0;62;202;113;122;212;-38;346;299;68.3159;375;0;375;299;90;0;0;0;0;0;0;0;0;TP
38;0;0;0;0;670;284;266;0;62;201;113;122;214;-36;345;299;68.6423;375;0;375;299;90;0;0;0;0;0;0;0;0;TP
39;0;0;0;0;670;284;266;0;62;201;113;122;214;-36;345;299;68.6423;375;0;375;299;90;0;0;0;0;0;0;0;0;TP
40;0;0;0;0;670;284;266;0;62;201;113;122;214;-36;345;299;68.6423;375;0;375;299;90;0;0;0;0;0;0;0;0;TP
41;0;0;0;0;670;284;266;0;62;201;113;122;214;-36;345;299;68.6423;375;0;375;299;90;0;0;0;0;0;0;0;0;TP
42;0;0;0;0;670;284;266;0;62;202;113;122;211;-36;346;299;68.0513;375;0;375;299;90;0;0;0;0;0;0;0;0;TP
43;0;0;0;0;670;283;267;0;62;201;113;122;214;-36;346;299;68.4941;375;0;375;299;90;0;0;0;0;0;0;0;0;TP
44;0;0;0;0;670;283;267;0;62;201;113;122;214;-36;346;299;68.4941;375;0;375;299;90;0;0;0;0;0;0;0;0;TP
45;0;0;0;0;670;283;267;0;62;202;112;122;212;-38;346;299;68.3159;375;0;375;299;90;0;0;0;0;0;0;0;0;TP
46;0;0;0;0;670;283;267;0;62;202;113;122;212;-38;346;299;68.3159;375;0;375;299;90;0;0;0;0;0;0;0;0;TP
47;0;0;0;0;670;284;266;0;62;202;113;122;211;-36;346;299;68.0513;375;0;375;299;90;0;0;0;0;0;0;0;0;TP
48;0;0;0;0;670;283;267;0;62;202;113;122;212;-38;346;299;68.3159;375;0;375;299;90;0;0;0;0;0;0;0;0;TP
49;0;0;0;0;670;284;266;0;62;202;113;122;211;-36;346;299;68.0513;375;0;375;299;90;0;0;0;0;0;0;0;0;TP
50;0;0;0;0;670;284;266;0;62;202;113;122;211;-36;346;299;68.0513;375;0;375;299;90;0;0;0;0;0;0;0;0;TP
51;0;0;0;0;670;283;267;0;62;201;112;123;214;-36;346;299;68.4941;375;0;375;299;90;0;0;0;0;0;0;0;0;TP
52;0;0;0;0;670;283;267;0;62;201;112;123;214;-36;346;299;68.4941;375;0;375;299;90;0;0;0;0;0;0;0;0;TP
53;0;0;0;0;670;283;267;0;61;201;114;123;218;-34;344;299;69.2744;375;0;375;299;90;0;0;0;0;0;0;0;0;TP
54;0;0;0;0;670;283;267;0;61;201;114;123;218;-34;344;299;69.2744;375;0;375;299;90;0;0;0;0;0;0;0;0;TP
55;0;0;0;0;670;283;267;0;61;201;114;123;218;-34;344;299;69.2744;375;0;375;299;90;0;0;0;0;0;0;0;0;TP
56;0;0;0;0;670;283;267;0;61;201;114;123;218;-34;344;299;69.2744;375;0;375;299;90;0;0;0;0;0;0;0;0;TP
57;0;0;0;0;670;283;267;0;61;201;114;123;218;-34;344;299;69.2744;375;0;375;299;90;0;0;0;0;0;0;0;0;TP
58;0;0;0;0;670;284;266;0;62;201;112;123;214;-36;345;299;68.6423;375;0;375;299;90;0;0;0;0;0;0;0;0;TP
59;0;0;0;0;670;284;266;0;62;201;112;123;214;-36;345;299;68.6423;375;0;375;299;90;0;0;0;0;0;0;0;0;TP
60;0;0;0;0;670;283;267;0;61;201;114;123;218;-34;344;299;69.2744;375;0;375;299;90;0;0;0;0;0;0;0;0;TP
61;0;0;0;0;670;284;266;0;61;201;114;123;217;-33;343;299;69.2173;375;0;375;299;90;0;0;0;0;0;0;0;0;TP
62;0;0;0;0;670;284;266;0;62;202;113;122;211;-36;346;299;68.0513;375;0;375;299;90;0;0;0;0;0;0;0;0;TP
63;0;0;0;0;670;284;266;0;62;202;113;122;211;-36;346;299;68.0513;375;0;375;299;90;0;0;0;0;0;0;0;0;TP
64;0;0;0;0;670;284;266;0;62;202;113;122;211;-36;346;299;68.0513;375;0;375;299;90;0;0;0;0;0;0;0;0;TP
65;0;0;0;0;670;284;266;0;62;201;114;123;218;-33;344;299;69.2173;375;0;375;299;90;0;0;0;0;0;0;0;0;TP
66;0;0;0;0;670;284;266;0;62;201;114;123;218;-33;344;299;69.2173;375;0;375;299;90;0;0;0;0;0;0;0;0;TP
67;0;0;0;0;670;284;266;0;62;201;114;123;218;-33;344;299;69.2173;375;0;375;299;90;0;0;0;0;0;0;0;0;TP
68;0;0;0;0;670;283;267;0;62;202;113;122;212;-38;346;299;68.3159;375;0;375;299;90;0;0;0;0;0;0;0;0;TP
69;0;0;0;0;670;283;267;0;62;202;113;122;212;-38;346;299;68.3159;375;0;375;299;90;0;0;0;0;0;0;0;0;TP
70;0;0;0;0;670;283;267;0;62;202;113;122;212;-38;346;299;68.3159;375;0;375;299;90;0;0;0;0;0;0;0;0;TP
71;0;0;0;0;670;283;267;0;62;202;113;122;212;-38;346;299;68.3159;375;0;375;299;90;0;0;0;0;0;0;0;0;TP
72;0;0;0;0;670;283;267;0;62;202;113;122;212;-38;346;299;68.3159;375;0;375;299;90;0;0;0;0;0;0;0;0;TP
73;0;0;0;0;670;283;267;0;61;201;114;123;218;-34;344;299;69.2744;375;0;375;299;90;0;0;0;0;0;0;0;0;TP
74;0;0;0;0;670;283;267;0;61;201;114;123;218;-34;344;299;69.2744;375;0;375;299;90;0;0;0;0;0;0;0;0;TP
75;0;0;0;0;670;283;267;0;62;201;112;123;214;-36;346;299;68.4941;375;0;375;299;90;0;0;0;0;0;0;0;0;TP
76;0;0;0;0;670;284;266;0;61;201;114;123;217;-33;343;299;69.2173;375;0;375;299;90;0;0;0;0;0;0;0;0;TP
77;0;0;0;0;670;284;266;0;61;201;114;123;217;-33;343;299;69.2173;375;0;375;299;90;0;0;0;0;0;0;0;0;TP
78;0;0;0;0;670;284;266;0;61;201;114;123;217;-33;343;299;69.2173;375;0;375;299;90;0;0;0;0;0;0;0;0;TP
79;0;0;0;0;670;284;266;0;61;201;114;123;217;-33;343;299;69.2173;375;0;375;299;90;0;0;0;0;0;0;0;0;TP
80;0;0;0;0;670;284;266;0;62;201;112;123;214;-36;345;299;68.6423;375;0;375;299;90;0;0;0;0;0;0;0;0;TP
81;0;0;0;0;670;284;266;0;62;201;112;123;214;-36;345;299;68.6423;375;0;375;299;90;0;0;0;0;0;0;0;0;TP
82;0;0;0;0;670;284;266;0;62;201;112;123;214;-36;345;299;68.6423;375;0;375;299;90;0;0;0;0;0;0;0;0;TP
83;0;0;0;0;672;281;257;0;62;201;112;123;211;-31;349;299;67.3062;375;0;375;299;90;0;0;0;0;0;0;0;0;TP
84;0;0;0;0;672;281;257;0;62;201;112;123;211;-31;349;299;67.3062;375;0;375;299;90;0;0;0;0;0;0;0;0;TP
85;0;0;0;0;672;281;257;0;62;201;112;123;211;-31;349;299;67.3062;375;0;375;299;90;0;0;0;0;0;0;0;0;TP
86;0;0;0;0;672;281;257;0;62;201;112;123;211;-31;349;299;67.3062;375;0;375;299;90;0;0;0;0;0;0;0;0;TP
87;0;0;0;0;672;281;257;0;62;201;112;123;211;-31;349;299;67.3062;375;0;375;299;90;0;0;0;0;0;0;0;0;TP
88;0;0;0;0;672;281;257;0;62;201;112;123;211;-31;349;299;67.3062;375;0;375;299;90;0;0;0;0;0;0;0;0;TP
89;0;0;0;0;672;281;257;0;62;201;112;123;211;-31;349;299;67.3062;375;0;375;299;90;0;0;0;0;0;0;0;0;TP
90;0;0;0;0;672;281;257;0;62;201;112;123;211;-31;349;299;67.3062;375;0;375;299;90;0;0;0;0;0;0;0;0;TP
91;0;0;0;0;672;281;257;0;62;201;112;123;211;-31;349;299;67.3062;375;0;375;299;90;0;0;0;0;0;0;0;0;TP
92;0;0;0;0;672;281;257;0;63;201;111;123;208;-34;350;299;66.9053;375;0;375;299;90;0;0;0;0;0;0;0;0;TP
93;0;0;0;0;672;281;257;0;63;201;111;123;208;-34;350;299;66.9053;375;0;375;299;90;0;0;0;0;0;0;0;0;TP
94;0;0;0;0;672;281;257;0;62;201;112;123;211;-31;349;299;67.3062;375;0;375;299;90;0;0;0;0;0;0;0;0;TP
95;0;0;0;0;672;281;257;0;62;201;112;123;211;-31;349;299;67.3062;375;0;375;299;90;0;0;0;0;0;0;0;0;TP
96;0;0;0;0;672;281;257;0;62;201;112;123;211;-31;349;299;67.3062;375;0;375;299;90;0;0;0;0;0;0;0;0;TP
97;0;0;0;0;670;283;266;0;63;201;111;123;210;-37;347;299;67.8174;375;0;375;299;90;0;0;0;0;0;0;0;0;TP
98;0;0;0;0;670;283;266;0;63;201;111;123;210;-37;347;299;67.8174;375;0;375;299;90;0;0;0;0;0;0;0;0;TP
99;0;0;0;0;670;283;266;0;63;201;111;123;210;-37;347;299;67.8174;375;0;375;299;90;0;0;0;0;0;0;0;0;TP
100;0;0;0;0;670;283;266;0;63;201;111;123;210;-37;347;299;67.8174;375;0;375;299;90;0;0;0;0;0;0;0;0;TP
101;0;0;0;0;670;283;266;0;63;201;111;123;210;-37;347;299;67.8174;375;0;375;299;90;0;0;0;0;0;0;0;0;TP
102;0;0;0;0;670;283;266;0;63;201;111;123;210;-37;347;299;67.8174;375;0;375;299;90;0;0;0;0;0;0;0;0;TP
103;0;0;0;0;670;283;266;0;63;201;111;123;210;-37;347;299;67.8174;375;0;375;299;90;0;0;0;0;0;0;0;0;TP
104;0;0;0;0;670;283;265;0;61;201;114;123;217;-33;344;299;69.0666;375;0;375;299;90;0;0;0;0;0;0;0;0;TP
105;0;0;0;0;670;282;256;-1;62;202;112;123;209;-33;347;299;67.4292;375;0;375;299;90;0;0;0;0;0;0;0;0;TP
106;0;0;0;0;671;281;256;-1;62;202;112;123;209;-33;349;299;67.1355;375;0;375;299;90;0;0;0;0;0;0;0;0;TP
107;0;0;0;0;671;282;257;-1;62;202;112;123;209;-33;348;299;67.2822;375;0;375;299;90;0;0;0;0;0;0;0;0;TP
108;0;0;0;0;671;282;264;0;61;203;113;124;215;-33;347;299;68.3177;375;0;375;299;90;0;0;0;0;0;0;0;0;TP
109;0;0;0;0;671;282;264;0;61;203;113;124;215;-33;347;299;68.3177;375;0;375;299;90;0;0;0;0;0;0;0;0;TP
110;0;0;0;0;672;282;258;0;59;205;112;124;213;-31;347;299;67.8999;375;0;375;299;90;0;0;0;0;0;0;0;0;TP
111;0;0;0;0;670;283;269;2;59;206;111;126;215;-34;345;299;68.6748;375;0;375;299;90;0;0;0;0;0;0;0;0;TP
112;0;0;0;0;670;283;273;2;57;208;111;126;218;-36;345;299;69.2381;375;0;375;299;90;0;0;0;0;0;0;0;0;TP
113;0;0;0;0;672;284;274;2;57;210;110;127;215;-39;346;299;68.815;375;0;375;299;90;0;0;0;0;0;0;0;0;TP
114;0;0;0;0;674;282;266;0;55;213;111;129;218;-31;348;299;68.4986;375;0;375;299;90;0;0;0;0;0;0;0;0;TP
115;0;0;0;0;674;282;266;0;55;213;111;129;218;-31;348;299;68.4986;375;0;375;299;90;0;0;0;0;0;0;0;0;TP
116;0;0;0;0;674;282;266;0;55;213;111;129;218;-31;348;299;68.4986;375;0;375;299;90;0;0;0;0;0;0;0;0;TP
117;0;0;0;0;674;282;266;0;55;213;111;129;218;-31;348;299;68.4986;375;0;375;299;90;0;0;0;0;0;0;0;0;TP
118;0;0;0;0;674;282;266;0;55;213;111;129;218;-31;348;299;68.4986;375;0;375;299;90;0;0;0;0;0;0;0;0;TP
119;0;0;0;0;678;281;261;0;46;229;106;136;216;-31;352;299;67.6024;375;0;375;299;90;0;0;0;0;0;0;0;0;TP
120;0;0;0;0;679;281;262;0;43;234;105;138;215;-32;353;299;67.3678;375;0;375;299;90;0;0;0;0;0;0;0;0;TP
121;0;0;0;0;680;281;264;0;41;239;105;141;218;-32;353;299;67.8117;375;0;375;299;90;0;0;0;0;0;0;0;0;TP
122;0;0;0;0;681;281;266;0;39;245;104;142;216;-33;355;299;67.2822;375;0;375;299;90;0;0;0;0;0;0;0;0;TP
123;0;0;0;0;683;281;268;0;36;250;102;145;216;-33;356;299;67.1355;375;0;375;299;90;0;0;0;0;0;0;0;0;TP
124;0;0;0;0;684;282;270;0;33;256;102;148;216;-34;356;299;67.1971;375;0;375;299;90;0;0;0;0;0;0;0;0;TP
125;0;0;0;0;686;282;273;0;30;262;101;152;220;-36;358;299;67.6113;375;0;375;299;90;0;0;0;0;0;0;0;0;TP
126;0;0;0;0;688;282;276;1;27;269;100;154;220;-36;360;299;67.3194;375;0;375;299;90;0;0;0;0;0;0;0;0;TP
127;0;0;0;0;690;282;277;0;24;276;98;157;221;-38;361;299;67.4405;375;0;375;299;90;0;0;0;0;0;0;0;0;TP
128;0;0;0;0;692;283;279;0;21;284;96;161;219;-39;363;299;66.9243;375;0;375;299;90;0;0;0;0;0;0;0;0;TP
129;0;0;0;0;692;283;279;0;21;284;96;161;219;-39;363;299;66.9243;375;0;375;299;90;0;0;0;0;0;0;0;0;TP
130;0;0;0;0;695;284;285;0;14;298;93;169;223;-41;364;299;67.4759;375;0;375;299;90;0;0;0;0;0;0;0;0;TP
131;0;0;0;0;695;284;285;0;14;298;93;169;223;-41;364;299;67.4759;375;0;375;299;90;0;0;0;0;0;0;0;0;TP
132;0;0;0;0;695;284;285;0;14;298;93;169;223;-41;364;299;67.4759;375;0;375;299;90;0;0;0;0;0;0;0;0;TP
133;0;0;0;0;695;284;285;0;14;298;93;169;223;-41;364;299;67.4759;375;0;375;299;90;0;0;0;0;0;0;0;0;TP
134;0;0;0;0;702;283;293;2;20;300;82;192;220;-48;372;299;66.3447;375;0;375;299;90;0;0;0;0;0;0;0;0;TP
135;0;0;0;0;705;283;296;2;21;299;81;200;227;-44;374;299;66.8014;375;0;375;299;90;0;0;0;0;0;0;0;0;TP
136;0;0;0;0;709;284;300;3;24;299;76;207;221;-49;377;299;65.8545;375;0;375;299;90;0;0;0;0;0;0;0;0;TP
137;0;0;0;0;709;284;300;3;24;299;76;207;221;-49;377;299;65.8545;375;0;375;299;90;0;0;0;0;0;0;0;0;TP
138;0;0;0;0;711;284;304;4;25;300;69;220;220;-54;378;299;65.8871;375;0;375;299;90;0;0;0;0;0;0;0;0;TP
139;0;0;0;0;711;285;307;3;24;299;65;227;224;-53;377;299;66.5074;375;0;375;299;90;0;0;0;0;0;0;0;0;TP
140;0;0;0;0;712;285;311;3;24;299;62;236;232;-51;377;299;67.4965;375;0;375;299;90;0;0;0;0;0;0;0;0;TP
141;0;0;0;0;713;285;313;5;26;300;57;245;228;-53;379;299;66.7818;375;0;375;299;90;0;0;0;0;0;0;0;0;TP
142;0;0;0;0;713;285;313;5;26;300;57;245;228;-53;379;299;66.7818;375;0;375;299;90;0;0;0;0;0;0;0;0;TP
143;0;0;0;0;713;286;318;7;28;300;50;264;240;-46;379;299;68.0556;375;0;375;299;90;0;0;0;0;0;0;0;0;TP
144;0;0;0;0;714;286;321;9;29;299;46;273;248;-41;380;299;68.782;375;0;375;299;90;0;0;0;0;0;0;0;0;TP
145;0;0;0;0;714;286;321;9;29;299;46;273;248;-41;380;299;68.782;375;0;375;299;90;0;0;0;0;0;0;0;0;TP
146;0;0;0;0;714;286;321;9;29;299;46;273;248;-41;380;299;68.782;375;0;375;299;90;0;0;0;0;0;0;0;0;TP
147;0;0;0;0;714;286;321;9;29;299;46;273;248;-41;380;299;68.782;375;0;375;299;90;0;0;0;0;0;0;0;0;TP
148;0;0;0;0;714;286;321;9;29;299;46;273;248;-41;380;299;68.782;375;0;375;299;90;0;0;0;0;0;0;0;0;TP
149;0;0;0;0;714;286;321;9;29;299;46;273;248;-41;380;299;68.782;375;0;375;299;90;0;0;0;0;0;0;0;0;TP
150;0;0;0;0;722;286;337;15;108;173;139;106;220;-65;394;299;64.4512;375;0;375;299;90;0;0;0;0;0;0;0;0;TP
151;0;0;0;0;723;286;340;16;107;177;141;109;226;-61;393;299;65.1139;375;0;375;299;90;0;0;0;0;0;0;0;0;TP
152;0;0;0;0;725;287;343;15;105;180;139;109;225;-67;394;299;65.2149;375;0;375;299;90;0;0;0;0;0;0;0;0;TP
153;0;0;0;0;728;287;342;15;100;185;137;112;228;-64;393;299;65.556;375;0;375;299;90;0;0;0;0;0;0;0;0;TP
154;0;0;0;0;730;288;345;16;97;192;135;116;227;-68;394;299;65.5325;375;0;375;299;90;0;0;0;0;0;0;0;0;TP
155;0;0;0;0;730;288;345;16;97;192;135;116;227;-68;394;299;65.5325;375;0;375;299;90;0;0;0;0;0;0;0;0;TP
156;0;0;0;0;728;288;351;21;91;206;133;122;227;-66;393;299;65.5442;375;0;375;299;90;0;0;0;0;0;0;0;0;TP
157;0;0;0;0;731;287;355;22;90;213;133;126;230;-67;396;299;65.6032;375;0;375;299;90;0;0;0;0;0;0;0;0;TP
158;0;0;0;0;735;288;360;23;88;222;134;129;232;-66;399;299;65.4143;375;0;375;299;90;0;0;0;0;0;0;0;0;TP
159;0;0;0;0;735;288;360;23;88;222;134;129;232;-66;399;299;65.4143;375;0;375;299;90;0;0;0;0;0;0;0;0;TP
160;0;0;0;0;735;289;367;25;79;236;133;135;239;-66;396;299;66.7257;375;0;375;299;90;0;0;0;0;0;0;0;0;TP
161;0;0;0;0;735;289;367;25;79;236;133;135;239;-66;396;299;66.7257;375;0;375;299;90;0;0;0;0;0;0;0;0;TP
162;0;0;0;0;735;289;367;25;79;236;133;135;239;-66;396;299;66.7257;375;0;375;299;90;0;0;0;0;0;0;0;0;TP
163;0;0;0;0;735;289;367;25;79;236;133;135;239;-66;396;299;66.7257;375;0;375;299;90;0;0;0;0;0;0;0;0;TP
164;0;0;0;0;736;289;380;31;57;281;121;153;234;-73;398;299;66.2092;375;0;375;299;90;0;0;0;0;0;0;0;0;TP
165;0;0;0;0;736;289;380;31;57;281;121;153;234;-73;398;299;66.2092;375;0;375;299;90;0;0;0;0;0;0;0;0;TP
166;0;0;0;0;736;289;380;31;57;281;121;153;234;-73;398;299;66.2092;375;0;375;299;90;0;0;0;0;0;0;0;0;TP
167;0;0;0;0;737;290;389;36;47;300;111;174;237;-74;398;299;66.6533;375;0;375;299;90;0;0;0;0;0;0;0;0;TP
168;0;0;0;0;737;291;394;39;48;300;108;182;238;-73;397;299;66.8572;375;0;375;299;90;0;0;0;0;0;0;0;0;TP
169;0;0;0;0;738;291;398;41;48;300;104;189;236;-76;398;299;66.6357;375;0;375;299;90;0;0;0;0;0;0;0;0;TP
170;0;0;0;0;737;292;403;44;48;300;99;197;237;-78;397;299;67.0035;375;0;375;299;90;0;0;0;0;0;0;0;0;TP
171;0;0;0;0;737;292;403;44;48;300;99;197;237;-78;397;299;67.0035;375;0;375;299;90;0;0;0;0;0;0;0;0;TP
172;0;0;0;0;733;292;416;49;49;300;93;212;241;-84;395;299;68.0955;375;0;375;299;90;0;0;0;0;0;0;0;0;TP
173;0;0;0;0;734;292;424;53;52;300;89;223;240;-85;397;299;67.7626;375;0;375;299;90;0;0;0;0;0;0;0;0;TP
174;0;0;0;0;736;293;431;56;56;300;85;234;235;-93;399;299;67.2972;375;0;375;299;90;0;0;0;0;0;0;0;0;TP
175;0;0;0;0;738;293;439;61;59;300;82;247;235;-96;402;299;67.0821;375;0;375;299;90;0;0;0;0;0;0;0;0;TP
176;0;0;0;0;738;293;439;61;59;300;82;247;235;-96;402;299;67.0821;375;0;375;299;90;0;0;0;0;0;0;0;0;TP
177;0;0;0;0;738;293;439;61;59;300;82;247;235;-96;402;299;67.0821;375;0;375;299;90;0;0;0;0;0;0;0;0;TP
178;0;0;0;0;738;293;439;61;59;300;82;247;235;-96;402;299;67.0821;375;0;375;299;90;0;0;0;0;0;0;0;0;TP
179;0;0;0;0;738;293;439;61;59;300;82;247;235;-96;402;299;67.0821;375;0;375;299;90;0;0;0;0;0;0;0;0;TP
180;0;0;0;0;748;295;479;78;0;0;0;0;-300;-551;397;299;50.6482;375;0;375;299;90;0;0;0;0;0;0;0;0;TP
181;0;0;0;0;749;295;486;84;0;0;0;0;-290;-537;398;299;50.5468;375;0;375;299;90;0;0;0;0;0;0;0;0;TP
182;0;0;0;0;750;295;493;88;0;0;0;0;-294;-545;399;299;50.6109;375;0;375;299;90;0;0;0;0;0;0;0;0;TP
183;0;0;0;0;750;295;493;88;0;0;0;0;-294;-545;399;299;50.6109;375;0;375;299;90;0;0;0;0;0;0;0;0;TP
184;0;0;0;0;748;296;509;99;0;0;0;0;-349;-609;398;299;50.5563;375;0;375;299;90;0;0;0;0;0;0;0;0;TP
185;0;0;0;0;747;296;517;104;0;0;0;0;-367;-633;397;299;50.6571;375;0;375;299;90;0;0;0;0;0;0;0;0;TP
186;0;0;0;0;747;296;517;104;0;0;0;0;-367;-633;397;299;50.6571;375;0;375;299;90;0;0;0;0;0;0;0;0;TP
187;0;0;0;0;746;297;537;120;0;0;0;0;-419;-690;398;299;50.4403;375;0;375;299;90;0;0;0;0;0;0;0;0;TP
188;0;0;0;0;746;297;537;120;0;0;0;0;-419;-690;398;299;50.4403;375;0;375;299;90;0;0;0;0;0;0;0;0;TP
189;0;0;0;0;748;297;561;134;0;0;0;0;-505;-796;402;299;50.3647;375;0;375;299;90;0;0;0;0;0;0;0;0;TP
190;0;0;0;0;748;297;561;134;0;0;0;0;-505;-796;402;299;50.3647;375;0;375;299;90;0;0;0;0;0;0;0;0;TP
191;0;0;0;0;749;296;591;151;0;0;0;0;-716;-1039;409;299;49.9426;375;0;375;299;90;0;0;0;0;0;0;0;0;TP
192;0;0;0;0;749;296;591;151;0;0;0;0;-716;-1039;409;299;49.9426;375;0;375;299;90;0;0;0;0;0;0;0;0;TP
193;0;0;0;0;749;296;591;151;0;0;0;0;-716;-1039;409;299;49.9426;375;0;375;299;90;0;0;0;0;0;0;0;0;TP
194;0;0;0;0;749;296;591;151;0;0;0;0;-716;-1039;409;299;49.9426;375;0;375;299;90;0;0;0;0;0;0;0;0;TP
195;0;0;0;0;0;0;0;0;746;299;650;205;1368;908;1071;299;64.0022;375;0;375;299;90;0;0;0;0;0;0;0;0;TP
196;0;0;0;0;0;0;0;0;746;298;667;219;1385;937;1072;299;63.8676;375;0;375;299;90;0;0;0;0;0;0;0;0;TP
197;0;0;0;0;0;0;0;0;123;61;105;53;1162;522;983;299;51.2463;375;0;375;299;90;0;0;0;0;0;0;0;0;TP
198;0;0;0;0;0;0;0;0;123;61;105;53;1162;522;983;299;51.2463;375;0;375;299;90;0;0;0;0;0;0;0;0;TP
199;0;0;0;0;0;0;0;0;125;64;107;52;1009;653;802;299;59.6832;375;0;375;299;90;0;0;0;0;0;0;0;0;TP
200;0;0;0;0;0;0;0;0;126;64;107;57;1215;499;1038;299;48.4912;375;0;375;299;90;0;0;0;0;0;0;0;0;TP
201;0;0;0;0;0;0;0;0;127;67;111;54;981;731;750;299;61.8656;375;0;375;299;90;0;0;0;0;0;0;0;0;TP
202;0;0;0;0;0;0;0;0;129;69;113;57;981;707;760;299;61.5571;375;0;375;299;90;0;0;0;0;0;0;0;0;TP
203;0;0;0;0;0;0;0;0;132;73;115;60;979;708;758;299;61.6158;375;0;375;299;90;0;0;0;0;0;0;0;0;TP
204;0;0;0;0;0;0;0;0;132;73;115;60;979;708;758;299;61.6158;375;0;375;299;90;0;0;0;0;0;0;0;0;TP
205;0;0;0;0;0;0;0;0;133;77;117;61;993;937;680;299;63.8676;375;0;375;299;90;0;0;0;0;0;0;0;0;TP
206;0;0;0;0;0;0;0;0;132;76;117;61;993;937;680;299;63.8676;375;0;375;299;90;0;0;0;0;0;0;0;0;TP
207;0;0;0;0;0;0;0;0;132;76;117;61;993;937;680;299;63.8676;375;0;375;299;90;0;0;0;0;0;0;0;0;TP
208;0;0;0;0;0;0;0;0;132;76;117;61;993;937;680;299;63.8676;375;0;375;299;90;0;0;0;0;0;0;0;0;TP
209;0;0;0;0;0;0;0;0;132;76;117;61;993;937;680;299;63.8676;375;0;375;299;90;0;0;0;0;0;0;0;0;TP
210;0;0;0;0;0;0;0;0;132;88;122;68;13537;26898;562;299;63.9969;375;0;375;299;90;0;0;0;0;0;0;0;0;TP
211;0;0;0;0;0;0;0;0;130;92;122;71;-495;-1626;530;299;61.9661;375;0;375;299;90;0;0;0;0;0;0;0;0;TP
212;0;0;0;0;362;42;242;20;131;94;120;73;79;-10;998;299;18.5844;375;0;375;299;90;0;0;0;0;0;0;0;0;TP
213;0;0;0;0;0;0;0;0;131;95;121;73;-3067;-6940;548;299;63.4634;375;0;375;299;90;0;0;0;0;0;0;0;0;TP
214;0;0;0;0;374;47;262;23;131;98;125;74;103;-14;865;299;22.331;375;0;375;299;90;0;0;0;0;0;0;0;0;TP
215;0;0;0;0;0;0;0;0;131;103;125;78;-18;-542;501;299;58.3203;375;0;375;299;90;0;0;0;0;0;0;0;0;TP
216;0;0;0;0;0;0;0;0;131;103;125;78;-18;-542;501;299;58.3203;375;0;375;299;90;0;0;0;0;0;0;0;0;TP
217;0;0;0;0;0;0;0;0;133;108;125;81;-208;-1000;516;299;60.8668;375;0;375;299;90;0;0;0;0;0;0;0;0;TP
218;0;0;0;0;0;0;0;0;133;108;125;81;-208;-1000;516;299;60.8668;375;0;375;299;90;0;0;0;0;0;0;0;0;TP
219;0;0;0;0;0;0;0;0;133;108;125;81;-208;-1000;516;299;60.8668;375;0;375;299;90;0;0;0;0;0;0;0;0;TP
220;0;0;0;0;0;0;0;0;133;108;125;81;-208;-1000;516;299;60.8668;375;0;375;299;90;0;0;0;0;0;0;0;0;TP
221;0;0;0;0;419;61;170;15;122;129;122;90;0;0;0;0;0;0;0;0;0;0;0;0;0;0;0;0;0;0;TN
222;0;0;0;0;419;61;170;15;122;129;122;90;122;0;917;299;20.6113;375;0;375;299;90;0;0;0;0;0;0;0;0;TP
223;0;0;0;0;419;61;170;15;122;129;122;90;122;0;917;299;20.6113;375;0;375;299;90;0;0;0;0;0;0;0;0;TP
224;0;0;0;0;419;61;170;15;122;129;122;90;122;0;917;299;20.6113;375;0;375;299;90;0;0;0;0;0;0;0;0;TP
225;0;0;0;0;440;77;231;22;105;154;113;105;130;-2;676;299;28.8672;375;0;375;299;90;0;0;0;0;0;0;0;0;TP
226;0;0;0;0;448;77;165;17;101;162;110;108;128;10;783;299;23.8081;375;0;375;299;90;0;0;0;0;0;0;0;0;TP
227;0;0;0;0;455;82;177;17;97;169;108;113;130;9;719;299;26.2138;375;0;375;299;90;0;0;0;0;0;0;0;0;TP
228;0;0;0;0;464;88;179;18;92;179;106;116;129;9;695;299;27.1291;375;0;375;299;90;0;0;0;0;0;0;0;0;TP
229;0;0;0;0;475;92;170;16;88;186;104;119;131;8;684;299;27.7543;375;0;375;299;90;0;0;0;0;0;0;0;0;TP
230;0;0;0;0;486;98;163;14;84;195;102;123;131;7;659;299;28.9439;375;0;375;299;90;0;0;0;0;0;0;0;0;TP
231;0;0;0;0;486;98;163;14;84;195;102;123;131;7;659;299;28.9439;375;0;375;299;90;0;0;0;0;0;0;0;0;TP
232;0;0;0;0;510;109;168;12;74;214;100;131;139;4;611;299;32.0054;375;0;375;299;90;0;0;0;0;0;0;0;0;TP
233;0;0;0;0;510;109;168;12;74;214;100;131;139;4;611;299;32.0054;375;0;375;299;90;0;0;0;0;0;0;0;0;TP
234;0;0;0;0;533;123;167;10;61;240;93;142;139;1;571;299;34.5985;375;0;375;299;90;0;0;0;0;0;0;0;0;TP
235;0;0;0;0;547;132;184;11;53;253;89;148;140;-3;541;299;36.984;375;0;375;299;90;0;0;0;0;0;0;0;0;TP
236;0;0;0;0;562;142;183;10;47;268;85;155;138;-4;524;299;38.131;375;0;375;299;90;0;0;0;0;0;0;0;0;TP
237;0;0;0;0;562;142;183;10;47;268;85;155;138;-4;524;299;38.131;375;0;375;299;90;0;0;0;0;0;0;0;0;TP
238;0;0;0;0;562;142;183;10;47;268;85;155;138;-4;524;299;38.131;375;0;375;299;90;0;0;0;0;0;0;0;0;TP
239;0;0;0;0;562;142;183;10;47;268;85;155;138;-4;524;299;38.131;375;0;375;299;90;0;0;0;0;0;0;0;0;TP
240;0;0;0;0;562;142;183;10;47;268;85;155;138;-4;524;299;38.131;375;0;375;299;90;0;0;0;0;0;0;0;0;TP
241;0;0;0;0;655;203;182;5;38;299;75;198;148;-6;461;299;44.2583;375;0;375;299;90;0;0;0;0;0;0;0;0;TP
242;0;0;0;0;674;217;183;3;36;299;70;207;150;-9;448;299;45.9454;375;0;375;299;90;0;0;0;0;0;0;0;0;TP
243;0;0;0;0;691;235;191;3;36;299;63;221;142;-18;432;299;47.5469;375;0;375;299;90;0;0;0;0;0;0;0;0;TP
244;0;0;0;0;691;235;191;3;36;299;63;221;142;-18;432;299;47.5469;375;0;375;299;90;0;0;0;0;0;0;0;0;TP
245;0;0;0;0;0;0;0;0;35;299;53;244;171;-108;390;299;61.716;375;0;375;299;90;0;0;0;0;0;0;0;0;TP
246;0;0;0;0;0;0;0;0;35;299;46;259;157;-107;392;299;59.937;375;0;375;299;90;0;0;0;0;0;0;0;0;TP
247;0;0;0;0;0;0;0;0;35;298;41;275;135;-102;394;299;57.1422;375;0;375;299;90;0;0;0;0;0;0;0;0;TP
248;0;0;0;0;0;0;0;0;35;298;41;275;135;-102;394;299;57.1422;375;0;375;299;90;0;0;0;0;0;0;0;0;TP
249;0;0;0;0;744;274;189;0;79;172;93;115;129;-28;420;299;48.3339;375;0;375;299;90;0;0;0;0;0;0;0;0;TP
250;0;0;0;0;744;274;189;0;79;172;93;115;129;-28;420;299;48.3339;375;0;375;299;90;0;0;0;0;0;0;0;0;TP
251;0;0;0;0;737;276;195;0;71;186;91;120;136;-28;409;299;50.1428;375;0;375;299;90;0;0;0;0;0;0;0;0;TP
252;0;0;0;0;738;275;187;1;69;194;91;124;137;-22;410;299;49.6199;375;0;375;299;90;0;0;0;0;0;0;0;0;TP
253;0;0;0;0;738;275;187;1;69;194;91;124;137;-22;410;299;49.6199;375;0;375;299;90;0;0;0;0;0;0;0;0;TP
254;0;0;0;0;738;275;187;1;69;194;91;124;137;-22;410;299;49.6199;375;0;375;299;90;0;0;0;0;0;0;0;0;TP
255;0;0;0;0;738;275;187;1;69;194;91;124;137;-22;410;299;49.6199;375;0;375;299;90;0;0;0;0;0;0;0;0;TP
256;0;0;0;0;738;275;187;1;69;194;91;124;137;-22;410;299;49.6199;375;0;375;299;90;0;0;0;0;0;0;0;0;TP
257;0;0;0;0;739;279;222;1;51;245;87;147;152;-35;403;299;53.0752;375;0;375;299;90;0;0;0;0;0;0;0;0;TP
258;0;0;0;0;739;279;222;1;51;245;87;147;152;-35;403;299;53.0752;375;0;375;299;90;0;0;0;0;0;0;0;0;TP
259;0;0;0;0;739;279;222;1;51;245;87;147;152;-35;403;299;53.0752;375;0;375;299;90;0;0;0;0;0;0;0;0;TP
260;0;0;0;0;740;277;217;2;34;279;80;160;154;-28;403;299;52.7119;375;0;375;299;90;0;0;0;0;0;0;0;0;TP
261;0;0;0;0;740;278;221;3;29;294;77;168;152;-34;403;299;52.9927;375;0;375;299;90;0;0;0;0;0;0;0;0;TP
262;0;0;0;0;741;279;222;3;28;299;76;174;155;-29;402;299;53.0185;375;0;375;299;90;0;0;0;0;0;0;0;0;TP
263;0;0;0;0;740;280;229;4;28;299;74;183;159;-31;401;299;53.7462;375;0;375;299;90;0;0;0;0;0;0;0;0;TP
264;0;0;0;0;740;280;232;6;30;299;70;193;156;-34;402;299;53.5453;375;0;375;299;90;0;0;0;0;0;0;0;0;TP
265;0;0;0;0;741;280;236;8;31;299;67;202;153;-33;403;299;53.0198;375;0;375;299;90;0;0;0;0;0;0;0;0;TP
266;0;0;0;0;741;280;236;8;31;299;67;202;153;-33;403;299;53.0198;375;0;375;299;90;0;0;0;0;0;0;0;0;TP
267;0;0;0;0;738;280;240;10;30;299;60;221;158;-33;401;299;53.7986;375;0;375;299;90;0;0;0;0;0;0;0;0;TP
268;0;0;0;0;738;280;240;10;30;299;60;221;158;-33;401;299;53.7986;375;0;375;299;90;0;0;0;0;0;0;0;0;TP
269;0;0;0;0;738;280;240;10;30;299;60;221;158;-33;401;299;53.7986;375;0;375;299;90;0;0;0;0;0;0;0;0;TP
270;0;0;0;0;738;280;240;10;30;299;60;221;158;-33;401;299;53.7986;375;0;375;299;90;0;0;0;0;0;0;0;0;TP
271;0;0;0;0;727;283;253;17;25;299;30;277;121;-53;389;299;52.7157;375;0;375;299;90;0;0;0;0;0;0;0;0;TP
272;0;0;0;0;0;0;0;0;74;168;88;112;141;-100;401;299;56.9106;375;0;375;299;90;0;0;0;0;0;0;0;0;TP
273;122;70;235;44;725;283;254;20;69;176;84;117;129;-48;394;299;52.6314;375;0;375;299;90;0;0;0;0;0;0;0;0;TP
274;0;0;0;0;0;0;0;0;62;184;82;120;151;-100;381;299;60.0391;375;0;375;299;90;0;0;0;0;0;0;0;0;TP
275;0;0;0;0;0;0;0;0;62;184;82;120;151;-100;381;299;60.0391;375;0;375;299;90;0;0;0;0;0;0;0;0;TP
276;0;0;0;0;0;0;0;0;53;199;79;127;162;-102;368;299;62.8097;375;0;375;299;90;0;0;0;0;0;0;0;0;TP
277;0;0;0;0;0;0;0;0;53;199;79;127;162;-102;368;299;62.8097;375;0;375;299;90;0;0;0;0;0;0;0;0;TP
278;0;0;0;0;0;0;0;0;44;217;74;135;162;-105;365;299;63.3216;375;0;375;299;90;0;0;0;0;0;0;0;0;TP
279;0;0;0;0;0;0;0;0;40;227;72;139;160;-102;365;299;62.9229;375;0;375;299;90;0;0;0;0;0;0;0;0;TP
280;0;0;0;0;0;0;0;0;40;227;72;139;160;-102;365;299;62.9229;375;0;375;299;90;0;0;0;0;0;0;0;0;TP
281;0;0;0;0;0;0;0;0;31;247;70;147;171;-103;360;299;64.8195;375;0;375;299;90;0;0;0;0;0;0;0;0;TP
282;0;0;0;0;0;0;0;0;31;247;70;147;171;-103;360;299;64.8195;375;0;375;299;90;0;0;0;0;0;0;0;0;TP
283;0;0;0;0;0;0;0;0;31;247;70;147;171;-103;360;299;64.8195;375;0;375;299;90;0;0;0;0;0;0;0;0;TP
284;0;0;0;0;0;0;0;0;31;247;70;147;171;-103;360;299;64.8195;375;0;375;299;90;0;0;0;0;0;0;0;0;TP
285;0;0;0;0;0;0;0;0;31;247;70;147;171;-103;360;299;64.8195;375;0;375;299;90;0;0;0;0;0;0;0;0;TP
286;0;0;0;0;0;0;0;0;8;299;63;170;180;-108;357;299;66.4963;375;0;375;299;90;0;0;0;0;0;0;0;0;TP
287;0;0;0;0;0;0;0;0;8;299;63;170;180;-108;357;299;66.4963;375;0;375;299;90;0;0;0;0;0;0;0;0;TP
288;0;0;0;0;0;0;0;0;6;298;56;179;175;-107;355;299;66.0899;375;0;375;299;90;0;0;0;0;0;0;0;0;TP
289;0;0;0;0;0;0;0;0;6;298;56;179;175;-107;355;299;66.0899;375;0;375;299;90;0;0;0;0;0;0;0;0;TP
290;0;0;0;0;0;0;0;0;6;298;56;179;175;-107;355;299;66.0899;375;0;375;299;90;0;0;0;0;0;0;0;0;TP
291;0;0;0;0;0;0;0;0;1;297;41;196;157;-100;350;299;64.1865;375;0;375;299;90;0;0;0;0;0;0;0;0;TP
292;0;0;0;0;0;0;0;0;1;296;37;201;153;-109;352;299;63.9994;375;0;375;299;90;0;0;0;0;0;0;0;0;TP
293;0;0;0;0;0;0;0;0;1;296;37;201;153;-109;352;299;63.9994;375;0;375;299;90;0;0;0;0;0;0;0;0;TP
294;0;0;0;0;0;0;0;0;1;296;37;201;153;-109;352;299;63.9994;375;0;375;299;90;0;0;0;0;0;0;0;0;TP
295;0;0;0;0;0;0;0;0;2;297;31;218;154;-108;353;299;63.944;375;0;375;299;90;0;0;0;0;0;0;0;0;TP
296;0;0;0;0;0;0;0;0;0;296;30;222;162;-103;349;299;65.0534;375;0;375;299;90;0;0;0;0;0;0;0;0;TP
297;0;0;0;0;0;0;0;0;0;296;28;224;154;-100;349;299;63.9542;375;0;375;299;90;0;0;0;0;0;0;0;0;TP
298;0;0;0;0;0;0;0;0;0;296;28;224;154;-100;349;299;63.9542;375;0;375;299;90;0;0;0;0;0;0;0;0;TP
299;0;0;0;0;0;0;0;0;0;296;28;224;154;-100;349;299;63.9542;375;0;375;299;90;0;0;0;0;0;0;0;0;TP
300;0;0;0;0;0;0;0;0;0;296;28;224;154;-100;349;299;63.9542;375;0;375;299;90;0;0;0;0;0;0;0;0;TP
301;0;0;0;0;0;0;0;0;0;296;28;224;154;-100;349;299;63.9542;375;0;375;299;90;0;0;0;0;0;0;0;0;TP
302;0;0;0;0;0;0;0;0;0;296;26;231;156;-100;349;299;64.1865;375;0;375;299;90;0;0;0;0;0;0;0;0;TP
303;0;0;0;0;0;0;0;0;0;296;26;231;163;-105;349;299;65.2788;375;0;375;299;90;0;0;0;0;0;0;0;0;TP
304;0;0;0;0;0;0;0;0;0;296;26;231;163;-105;349;299;65.2788;375;0;375;299;90;0;0;0;0;0;0;0;0;TP
305;0;0;0;0;0;0;0;0;0;296;26;231;163;-105;349;299;65.2788;375;0;375;299;90;0;0;0;0;0;0;0;0;TP
306;0;0;0;0;0;0;0;0;0;296;26;231;163;-105;349;299;65.2788;375;0;375;299;90;0;0;0;0;0;0;0;0;TP
307;0;0;0;0;0;0;0;0;0;296;26;231;163;-105;349;299;65.2788;375;0;375;299;90;0;0;0;0;0;0;0;0;TP
308;0;0;0;0;0;0;0;0;0;296;26;231;163;-105;349;299;65.2788;375;0;375;299;90;0;0;0;0;0;0;0;0;TP
309;0;0;0;0;0;0;0;0;0;296;26;231;163;-105;349;299;65.2788;375;0;375;299;90;0;0;0;0;0;0;0;0;TP
310;0;0;0;0;0;0;0;0;0;296;26;231;163;-105;349;299;65.2788;375;0;375;299;90;0;0;0;0;0;0;0;0;TP
311;0;0;0;0;0;0;0;0;0;296;26;231;163;-105;349;299;65.2788;375;0;375;299;90;0;0;0;0;0;0;0;0;TP
312;0;0;0;0;0;0;0;0;0;296;26;231;163;-105;349;299;65.2788;375;0;375;299;90;0;0;0;0;0;0;0;0;TP
313;0;0;0;0;0;0;0;0;0;296;26;231;163;-105;349;299;65.2788;375;0;375;299;90;0;0;0;0;0;0;0;0;TP
314;0;0;0;0;0;0;0;0;0;296;26;231;163;-105;349;299;65.2788;375;0;375;299;90;0;0;0;0;0;0;0;0;TP
315;0;0;0;0;0;0;0;0;0;296;26;231;163;-105;349;299;65.2788;375;0;375;299;90;0;0;0;0;0;0;0;0;TP
316;0;0;0;0;0;0;0;0;0;296;26;231;163;-105;349;299;65.2788;375;0;375;299;90;0;0;0;0;0;0;0;0;TP
317;0;0;0;0;0;0;0;0;0;296;26;231;163;-105;349;299;65.2788;375;0;375;299;90;0;0;0;0;0;0;0;0;TP
318;0;0;0;0;0;0;0;0;0;296;26;231;163;-105;349;299;65.2788;375;0;375;299;90;0;0;0;0;0;0;0;0;TP
319;0;0;0;0;0;0;0;0;0;296;26;231;163;-105;349;299;65.2788;375;0;375;299;90;0;0;0;0;0;0;0;0;TP
320;0;0;0;0;0;0;0;0;0;296;26;231;163;-105;349;299;65.2788;375;0;375;299;90;0;0;0;0;0;0;0;0;TP
321;0;0;0;0;0;0;0;0;0;296;26;231;163;-105;349;299;65.2788;375;0;375;299;90;0;0;0;0;0;0;0;0;TP
322;0;0;0;0;0;0;0;0;0;296;26;231;163;-105;349;299;65.2788;375;0;375;299;90;0;0;0;0;0;0;0;0;TP
323;0;0;0;0;0;0;0;0;0;296;26;231;163;-105;349;299;65.2788;375;0;375;299;90;0;0;0;0;0;0;0;0;TP
324;0;0;0;0;0;0;0;0;0;296;26;231;163;-105;349;299;65.2788;375;0;375;299;90;0;0;0;0;0;0;0;0;TP
325;0;0;0;0;0;0;0;0;0;296;26;231;163;-105;349;299;65.2788;375;0;375;299;90;0;0;0;0;0;0;0;0;TP
326;0;0;0;0;0;0;0;0;0;296;26;231;163;-105;349;299;65.2788;375;0;375;299;90;0;0;0;0;0;0;0;0;TP
327;0;0;0;0;0;0;0;0;0;296;26;231;163;-105;349;299;65.2788;375;0;375;299;90;0;0;0;0;0;0;0;0;TP
328;0;0;0;0;0;0;0;0;0;296;26;231;163;-105;349;299;65.2788;375;0;375;299;90;0;0;0;0;0;0;0;0;TP
329;0;0;0;0;0;0;0;0;0;296;26;231;163;-105;349;299;65.2788;375;0;375;299;90;0;0;0;0;0;0;0;0;TP
330;0;0;0;0;0;0;0;0;0;296;26;231;163;-105;349;299;65.2788;375;0;375;299;90;0;0;0;0;0;0;0;0;TP
331;0;0;0;0;0;0;0;0;0;296;26;231;163;-105;349;299;65.2788;375;0;375;299;90;0;0;0;0;0;0;0;0;TP
332;0;0;0;0;0;0;0;0;0;296;26;231;163;-105;349;299;65.2788;375;0;375;299;90;0;0;0;0;0;0;0;0;TP
333;0;0;0;0;0;0;0;0;0;296;26;231;163;-105;349;299;65.2788