2015-02-09 09:25:42.517529;28;1;1;1;122;109;106;
2015-02-09 09:25:42.534202;1;1;1;1;122;109;106;
2015-02-09 09:25:42.550855;1;1;1;1;122;109;106;
2015-02-09 09:25:42.567518;1;1;1;1;93;82;106;
2015-02-09 09:25:42.584204;1;28;1;1;93;82;106;
2015-02-09 09:25:42.600855;1;28;1;1;93;82;106;
2015-02-09 09:25:42.617511;1;1;1;1;93;82;106;
2015-02-09 09:25:42.634197;26;1;1;1;119;82;106;
2015-02-09 09:25:42.650860;26;1;1;1;119;82;106;
2015-02-09 09:25:42.667515;1;1;1;1;119;82;106;
2015-02-09 09:25:42.684184;1;1;1;1;119;82;106;
2015-02-09 09:25:42.700855;1;1;1;1;119;82;106;
2015-02-09 09:25:42.717533;1;1;1;1;121;111;106;
2015-02-09 09:25:42.734192;27;28;1;1;121;111;106;
2015-02-09 09:25:42.750895;27;28;1;1;121;111;106;
2015-02-09 09:25:42.767537;1;1;1;1;121;111;106;
2015-02-09 09:25:42.784217;1;1;1;1;121;111;106;
2015-02-09 09:25:42.800870;1;1;1;1;120;94;106;
2015-02-09 09:25:42.817544;1;1;1;1;120;94;106;
2015-02-09 09:25:42.834205;1;1;1;1;120;94;106;
2015-02-09 09:25:42.850845;1;1;1;1;120;94;106;
2015-02-09 09:25:42.867533;1;1;1;1;121;113;106;
2015-02-09 09:25:42.884202;1;1;1;1;121;113;106;
2015-02-09 09:25:42.900864;1;1;1;1;121;113;106;
2015-02-09 09:25:42.917512;1;28;1;1;121;113;106;
2015-02-09 09:25:42.934185;1;28;1;1;121;113;106;
2015-02-09 09:25:42.950856;1;1;1;1;84;84;106;
2015-02-09 09:25:42.967526;27;1;1;1;84;84;106;
2015-02-09 09:25:42.984162;27;1;1;1;84;84;106;
2015-02-09 09:25:43.841;1;1;1;1;84;84;106;
2015-02-09 09:25:43.17520;1;1;1;1;119;90;106;
2015-02-09 09:25:43.34186;1;1;1;1;119;90;106;
2015-02-09 09:25:43.50847;1;27;1;1;119;90;106;
2015-02-09 09:25:43.67515;1;27;1;1;119;90;106;
2015-02-09 09:25:43.84179;1;27;1;1;119;90;106;
2015-02-09 09:25:43.100837;1;1;25;1;119;111;106;
2015-02-09 09:25:43.117516;1;1;1;1;119;111;106;
2015-02-09 09:25:43.134185;1;1;1;1;119;111;106;
2015-02-09 09:25:43.150865;1;1;1;1;119;111;106;
2015-02-09 09:25:43.167484;1;1;1;1;117;74;106;
2015-02-09 09:25:43.184182;1;1;1;1;117;74;106;
2015-02-09 09:25:43.200845;27;1;1;1;117;74;106;
2015-02-09 09:25:43.217512;27;1;1;1;117;74;106;
2015-02-09 09:25:43.234190;27;28;25;1;117;74;106;
2015-02-09 09:25:43.250844;1;1;1;1;122;79;106;
2015-02-09 09:25:43.267510;1;1;1;1;122;79;106;
2015-02-09 09:25:43.284174;1;1;1;1;122;79;106;
2015-02-09 09:25:43.300874;1;1;1;1;122;79;106;
2015-02-09 09:25:43.317515;1;1;1;1;122;79;106;
2015-02-09 09:25:43.334179;26;1;1;1;121;89;106;
2015-02-09 09:25:43.350827;1;27;1;1;121;89;106;
2015-02-09 09:25:43.367506;1;27;1;1;121;89;106;
2015-02-09 09:25:43.384171;1;28;1;1;121;89;106;
2015-02-09 09:25:43.400843;1;1;1;1;120;85;106;
2015-02-09 09:25:43.417516;1;1;1;1;120;85;106;
2015-02-09 09:25:43.434177;1;1;1;1;120;85;106;
2015-02-09 09:25:43.450838;1;1;1;1;120;85;106;
2015-02-09 09:25:43.484325;1;1;1;1;120;85;106;
2015-02-09 09:25:43.500834;1;1;1;1;120;97;106;
2015-02-09 09:25:43.517497;1;1;26;1;120;97;106;
2015-02-09 09:25:43.534145;1;1;26;1;120;97;106;
2015-02-09 09:25:43.550824;1;1;1;1;120;97;106;
2015-02-09 09:25:43.567486;27;1;25;1;119;110;106;
2015-02-09 09:25:43.584149;27;1;25;1;119;110;106;
2015-02-09 09:25:43.600830;1;1;1;1;119;110;106;
2015-02-09 09:25:43.617497;1;1;1;1;119;110;106;
2015-02-09 09:25:43.634153;1;1;1;1;119;110;106;
2015-02-09 09:25:43.650815;1;1;1;1;120;112;106;
2015-02-09 09:25:43.667500;1;1;1;1;120;112;106;
2015-02-09 09:25:43.684151;1;1;1;1;120;112;106;
2015-02-09 09:25:43.684405;1;28;26;1;120;112;106;
2015-02-09 09:25:43.700826;1;28;26;1;120;112;106;
2015-02-09 09:25:43.717478;1;1;1;1;109;99;106;
2015-02-09 09:25:43.734155;1;1;1;1;109;99;106;
2015-02-09 09:25:43.750819;1;1;1;1;109;99;106;
2015-02-09 09:25:43.767482;1;1;1;1;109;99;106;
2015-02-09 09:25:43.784149;1;1;1;1;113;86;106;
2015-02-09 09:25:43.800824;1;1;1;1;113;86;106;
2015-02-09 09:25:43.817493;1;1;1;1;113;86;106;
2015-02-09 09:25:43.834141;1;28;1;1;113;86;106;
2015-02-09 09:25:43.850823;1;28;1;1;113;86;106;
2015-02-09 09:25:43.867492;1;1;1;1;74;64;106;
2015-02-09 09:25:43.900843;1;1;1;1;74;64;106;
2015-02-09 09:25:43.901142;1;1;1;1;74;64;106;
2015-02-09 09:25:43.934141;1;1;1;1;74;64;106;
2015-02-09 09:25:43.950790;1;27;26;1;86;113;106;
2015-02-09 09:25:43.967440;1;27;26;1;86;113;106;
2015-02-09 09:25:43.984119;1;1;26;1;86;113;106;
2015-02-09 09:25:44.782;1;27;1;1;86;113;106;
2015-02-09 09:25:44.17445;1;27;1;1;86;113;106;
2015-02-09 09:25:44.34103;1;1;25;1;120;112;106;
2015-02-09 09:25:44.34324;1;1;25;1;120;112;106;
2015-02-09 09:25:44.50779;27;1;25;1;120;112;106;
2015-02-09 09:25:44.84105;1;1;1;1;120;112;106;
2015-02-09 09:25:44.100774;1;1;1;1;120;112;106;
2015-02-09 09:25:44.117437;1;1;26;1;122;77;106;
2015-02-09 09:25:44.134107;1;1;1;1;122;77;106;
2015-02-09 09:25:44.150768;1;1;1;1;122;77;106;
2015-02-09 09:25:44.167452;1;1;1;1;122;77;106;
2015-02-09 09:25:44.184110;27;1;1;1;119;110;106;
2015-02-09 09:25:44.200787;27;1;1;1;119;110;106;
2015-02-09 09:25:44.217436;1;1;1;1;119;110;106;
2015-02-09 09:25:44.234108;1;1;26;1;119;110;106;
2015-02-09 09:25:44.250764;1;1;26;1;119;110;106;
2015-02-09 09:25:44.250993;1;1;1;1;113;93;106;
2015-02-09 09:25:44.267443;1;1;1;1;113;93;106;
2015-02-09 09:25:44.284102;1;1;1;1;113;93;106;
2015-02-09 09:25:44.300769;1;1;1;1;113;93;106;
2015-02-09 09:25:44.317435;1;1;1;1;119;87;106;
2015-02-09 09:25:44.334102;1;1;1;1;119;87;106;
2015-02-09 09:25:44.350766;1;1;1;1;119;87;106;
2015-02-09 09:25:44.367434;1;1;1;1;119;87;106;
2015-02-09 09:25:44.384100;1;1;1;1;119;87;106;
2015-02-09 09:25:44.400764;26;1;1;1;100;112;106;
2015-02-09 09:25:44.417427;1;1;1;1;100;112;106;
2015-02-09 09:25:44.434098;1;1;1;1;100;112;106;
2015-02-09 09:25:44.450763;1;1;1;1;100;112;106;
2015-02-09 09:25:44.467428;1;1;1;1;100;112;106;
2015-02-09 09:25:44.484235;1;1;1;1;120;61;106;
2015-02-09 09:25:44.500766;1;1;26;1;120;61;106;
2015-02-09 09:25:44.517432;1;1;26;1;120;61;106;
2015-02-09 09:25:44.534095;1;1;1;1;120;61;106;
2015-02-09 09:25:44.550767;1;1;1;1;121;112;106;
2015-02-09 09:25:44.567431;1;1;1;1;121;112;106;
2015-02-09 09:25:44.584093;1;28;1;1;121;112;106;
2015-02-09 09:25:44.600755;1;1;1;1;121;112;106;
2015-02-09 09:25:44.617427;1;1;1;1;121;112;106;
2015-02-09 09:25:44.634090;27;1;1;1;122;62;106;
2015-02-09 09:25:44.650776;1;1;1;1;122;62;106;
2015-02-09 09:25:44.667427;1;1;1;1;122;62;106;
2015-02-09 09:25:44.700750;1;1;26;1;122;62;106;
2015-02-09 09:25:44.717418;1;1;1;1;121;111;106;
2015-02-09 09:25:44.734077;1;1;1;1;121;111;106;
2015-02-09 09:25:44.750746;1;1;1;1;121;111;106;
2015-02-09 09:25:44.767414;1;1;1;1;121;111;106;
2015-02-09 09:25:44.784078;1;1;1;1;121;111;106;
2015-02-09 09:25:44.800739;1;1;1;1;121;93;106;
2015-02-09 09:25:44.817414;1;1;1;1;121;93;106;
2015-02-09 09:25:44.834079;1;1;1;1;121;93;106;
2015-02-09 09:25:44.850742;1;1;1;1;121;93;106;
2015-02-09 09:25:44.867405;1;1;1;1;120;114;106;
2015-02-09 09:25:44.884074;1;1;1;1;120;114;106;
2015-02-09 09:25:44.900740;1;27;1;1;120;114;106;
2015-02-09 09:25:44.917404;1;1;1;1;120;114;106;
2015-02-09 09:25:44.934067;1;1;1;1;120;114;106;
2015-02-09 09:25:44.950740;1;1;25;1;120;111;106;
2015-02-09 09:25:44.967405;1;1;25;1;120;111;106;
2015-02-09 09:25:44.984069;1;1;26;1;120;111;106;
2015-02-09 09:25:45.735;1;1;1;1;120;111;106;
2015-02-09 09:25:45.17403;1;1;1;1;120;111;106;
2015-02-09 09:25:45.34068;1;1;1;1;119;73;106;
2015-02-09 09:25:45.50735;1;28;1;1;119;73;106;
2015-02-09 09:25:45.67397;1;28;1;1;119;73;106;
2015-02-09 09:25:45.84067;1;1;26;1;119;73;106;
2015-02-09 09:25:45.100732;1;1;1;1;121;98;106;
2015-02-09 09:25:45.117397;1;1;1;1;121;98;106;
2015-02-09 09:25:45.134058;1;1;1;1;121;98;106;
2015-02-09 09:25:45.150731;1;1;1;1;121;98;106;
2015-02-09 09:25:45.167392;1;1;1;1;121;98;106;
2015-02-09 09:25:45.184059;1;1;1;1;120;78;106;
2015-02-09 09:25:45.200726;1;28;1;1;120;78;106;
2015-02-09 09:25:45.200952;1;28;1;1;120;78;106;
2015-02-09 09:25:45.234062;1;1;1;1;120;78;106;
2015-02-09 09:25:45.250728;1;1;1;1;119;98;106;
2015-02-09 09:25:45.267391;1;1;1;1;119;98;106;
2015-02-09 09:25:45.284059;1;1;1;1;119;98;106;
2015-02-09 09:25:45.300727;1;1;1;1;119;98;106;
2015-02-09 09:25:45.317390;1;1;1;1;119;98;106;
2015-02-09 09:25:45.334055;1;27;1;1;121;86;106;
2015-02-09 09:25:45.350722;1;27;1;1;121;86;106;
2015-02-09 09:25:45.367388;1;1;1;1;121;86;106;
2015-02-09 09:25:45.384054;1;1;25;1;121;86;106;
2015-02-09 09:25:45.400721;1;1;25;1;121;86;106;
2015-02-09 09:25:45.417390;1;1;1;1;95;85;106;
2015-02-09 09:25:45.434054;1;1;1;1;95;85;106;
2015-02-09 09:25:45.450715;1;1;1;1;95;85;106;
2015-02-09 09:25:45.467384;1;1;1;1;95;85;106;
2015-02-09 09:25:45.484193;1;1;1;1;121;94;106;
2015-02-09 09:25:45.484429;1;1;1;1;121;94;106;
2015-02-09 09:25:45.484970;1;1;1;1;121;94;106;
2015-02-09 09:25:45.534048;27;1;1;1;121;94;106;
2015-02-09 09:25:45.550713;27;1;1;1;121;94;106;
2015-02-09 09:25:45.567379;1;1;24;1;115;77;106;
2015-02-09 09:25:45.584043;1;1;1;1;115;77;106;
2015-02-09 09:25:45.600710;1;1;1;1;115;77;106;
2015-02-09 09:25:45.617375;1;1;1;1;115;77;106;
2015-02-09 09:25:45.634043;1;1;25;1;121;80;106;
2015-02-09 09:25:45.650706;1;1;25;1;121;80;106;
2015-02-09 09:25:45.667394;1;1;1;1;121;80;106;
2015-02-09 09:25:45.684048;1;1;1;1;121;80;106;
2015-02-09 09:25:45.700714;1;1;1;1;121;80;106;
2015-02-09 09:25:45.717371;1;1;1;1;119;109;106;
2015-02-09 09:25:45.734043;1;27;1;1;119;109;106;
2015-02-09 09:25:45.750707;1;27;1;1;119;109;106;
2015-02-09 09:25:45.767373;27;1;26;1;119;109;106;
2015-02-09 09:25:45.784040;27;1;26;1;119;109;106;
2015-02-09 09:25:45.800703;1;1;1;1;126;112;106;
2015-02-09 09:25:45.817369;1;1;1;1;126;112;106;
2015-02-09 09:25:45.834031;1;1;1;1;126;112;106;
2015-02-09 09:25:45.850701;1;1;1;1;126;112;106;
2015-02-09 09:25:45.867366;1;1;1;1;120;88;106;
2015-02-09 09:25:45.884032;1;1;1;1;120;88;106;
2015-02-09 09:25:45.900694;1;28;1;1;120;88;106;
2015-02-09 09:25:45.900911;1;1;1;1;120;88;106;
2015-02-09 09:25:45.934028;1;1;1;1;120;88;106;
2015-02-09 09:25:45.950693;1;1;1;1;120;79;106;
2015-02-09 09:25:45.967362;1;1;1;1;120;79;106;
2015-02-09 09:25:45.984026;1;1;1;1;120;79;106;
2015-02-09 09:25:46.694;1;1;1;1;120;79;106;
2015-02-09 09:25:46.17361;1;1;1;1;120;110;106;
2015-02-09 09:25:46.34024;1;1;1;1;120;110;106;
2015-02-09 09:25:46.50687;1;27;1;1;120;110;106;
2015-02-09 09:25:46.67360;1;1;1;1;120;110;106;
2015-02-09 09:25:46.84022;1;1;1;1;120;110;106;
2015-02-09 09:25:46.100689;26;1;1;1;120;111;106;
2015-02-09 09:25:46.117354;1;1;1;1;120;111;106;
2015-02-09 09:25:46.134023;1;1;1;1;120;111;106;
2015-02-09 09:25:46.150700;1;1;1;1;120;111;106;
2015-02-09 09:25:46.167363;1;1;1;1;117;75;106;
2015-02-09 09:25:46.184019;1;1;1;1;117;75;106;
2015-02-09 09:25:46.200691;1;28;1;1;117;75;106;
2015-02-09 09:25:46.217357;1;1;25;1;117;75;106;
2015-02-09 09:25:46.234022;1;1;25;1;117;75;106;
2015-02-09 09:25:46.250685;1;1;1;1;120;80;106;
2015-02-09 09:25:46.267353;1;1;1;1;120;80;106;
2015-02-09 09:25:46.284019;1;1;1;1;120;80;106;
2015-02-09 09:25:46.300684;1;1;1;1;120;80;106;
2015-02-09 09:25:46.317382;1;1;1;1;120;80;106;
2015-02-09 09:25:46.334046;27;1;1;1;115;87;106;
2015-02-09 09:25:46.350726;1;27;1;1;115;87;106;
2015-02-09 09:25:46.367374;1;27;1;1;115;87;106;
2015-02-09 09:25:46.367610;1;28;1;1;115;87;106;
2015-02-09 09:25:46.384048;1;1;1;1;56;110;106;
2015-02-09 09:25:46.400715;1;1;1;1;56;110;106;
2015-02-09 09:25:46.417400;1;1;1;1;56;110;106;
2015-02-09 09:25:46.434061;1;1;1;1;56;110;106;
2015-02-09 09:25:46.450721;1;1;1;1;56;110;106;
2015-02-09 09:25:46.467375;1;1;1;1;122;110;106;
2015-02-09 09:25:46.484168;1;1;26;1;122;110;106;
2015-02-09 09:25:46.500695;1;1;26;1;122;110;106;
2015-02-09 09:25:46.517362;1;28;1;1;122;110;106;
2015-02-09 09:25:46.534051;1;1;25;1;62;71;106;
2015-02-09 09:25:46.550709;1;1;25;1;62;71;106;
2015-02-09 09:25:46.567385;1;1;26;1;62;71;106;
2015-02-09 09:25:46.584071;1;1;1;1;62;71;106;
2015-02-09 09:25:46.600708;1;1;1;1;62;71;106;
2015-02-09 09:25:46.617351;1;1;1;1;119;71;106;
2015-02-09 09:25:46.634022;1;1;1;1;119;71;106;
2015-02-09 09:25:46.650713;1;28;1;1;119;71;106;
2015-02-09 09:25:46.667378;1;1;25;1;119;71;106;
2015-02-09 09:25:46.684022;1;1;25;1;119;71;106;
2015-02-09 09:25:46.700697;1;1;1;1;56;94;106;
2015-02-09 09:25:46.717387;1;1;1;1;56;94;106;
2015-02-09 09:25:46.734015;1;1;1;1;56;94;106;
2015-02-09 09:25:46.750708;1;1;1;1;56;94;106;
2015-02-09 09:25:46.767363;1;1;1;1;119;73;106;
2015-02-09 09:25:46.784030;1;1;1;1;119;73;106;
2015-02-09 09:25:46.800675;1;1;1;1;119;73;106;
2015-02-09 09:25:46.817374;1;1;1;1;119;73;106;
2015-02-09 09:25:46.834162;1;1;1;1;119;73;106;
2015-02-09 09:25:46.850693;1;1;1;1;92;83;106;
2015-02-09 09:25:46.867353;27;1;1;1;92;83;106;
2015-02-09 09:25:46.884014;27;1;1;1;92;83;106;
2015-02-09 09:25:46.900702;27;1;1;1;92;83;106;
2015-02-09 09:25:46.917345;1;27;26;1;122;109;106;
2015-02-09 09:25:46.934028;1;27;26;1;122;109;106;
2015-02-09 09:25:46.950698;1;1;26;1;122;109;106;
2015-02-09 09:25:46.967366;1;1;1;1;122;109;106;
2015-02-09 09:25:46.983998;1;1;1;1;122;109;106;
2015-02-09 09:25:47.703;1;1;1;1;121;87;106;
2015-02-09 09:25:47.17357;1;1;1;1;121;87;106;
2015-02-09 09:25:47.34007;1;1;1;1;121;87;106;
2015-02-09 09:25:47.50697;1;1;26;1;121;87;106;
2015-02-09 09:25:47.67387;1;1;26;1;121;87;106;
2015-02-09 09:25:47.84041;1;1;1;1;83;74;106;
2015-02-09 09:25:47.100686;1;1;1;1;83;74;106;
2015-02-09 09:25:47.117374;1;1;1;1;83;74;106;
2015-02-09 09:25:47.134020;1;1;1;1;83;74;106;
2015-02-09 09:25:47.150694;1;1;1;1;120;110;106;
2015-02-09 09:25:47.167340;1;1;1;1;120;110;106;
2015-02-09 09:25:47.183998;1;1;1;1;120;110;106;
2015-02-09 09:25:47.200689;1;1;1;1;120;110;106;
2015-02-09 09:25:47.217346;1;1;1;1;120;110;106;
2015-02-09 09:25:47.233993;26;26;1;1;121;106;106;
2015-02-09 09:25:47.250699;26;26;1;1;121;106;106;
2015-02-09 09:25:47.317486;1;1;1;1;121;106;106;
2015-02-09 09:25:47.317746;1;1;1;1;121;106;106;
2015-02-09 09:25:47.334024;1;1;26;1;120;65;106;
2015-02-09 09:25:47.367470;1;1;1;1;104;89;106;
2015-02-09 09:25:47.384027;1;1;1;1;104;89;106;
2015-02-09 09:25:47.384257;1;1;1;1;104;89;106;
2015-02-09 09:25:47.417320;1;1;1;1;104;89;106;
2015-02-09 09:25:47.433992;1;1;1;1;104;89;106;
2015-02-09 09:25:47.434235;1;1;1;1;116;89;106;
2015-02-09 09:25:47.467545;1;1;1;1;116;89;106;
2015-02-09 09:25:47.467815;1;1;1;1;116;89;106;
2015-02-09 09:25:47.500721;1;1;1;1;116;89;106;
2015-02-09 09:25:47.517309;1;1;1;1;120;62;106;
2015-02-09 09:25:47.534001;1;1;1;1;120;62;106;
2015-02-09 09:25:47.550693;1;1;1;1;120;62;106;
2015-02-09 09:25:47.567365;1;1;1;1;120;62;106;
2015-02-09 09:25:47.583970;1;1;1;1;120;62;106;
2015-02-09 09:25:47.584200;1;1;1;1;112;90;106;
2015-02-09 09:25:47.617326;1;1;1;1;112;90;106;
2015-02-09 09:25:47.633976;1;1;1;1;112;90;106;
2015-02-09 09:25:47.634204;1;1;1;1;112;90;106;
2015-02-09 09:25:47.667433;1;1;1;1;120;101;106;
2015-02-09 09:25:47.667693;1;1;1;1;120;101;106;
2015-02-09 09:25:47.700708;1;1;1;1;120;101;106;
2015-02-09 09:25:47.700952;1;1;1;1;120;101;106;
2015-02-09 09:25:47.733999;1;1;1;1;120;101;106;
2015-02-09 09:25:47.734239;1;1;1;1;122;86;106;
2015-02-09 09:25:47.767300;1;1;1;1;122;86;106;
2015-02-09 09:25:47.767532;1;26;1;1;122;86;106;
2015-02-09 09:25:47.800639;1;1;1;1;122;86;106;
2015-02-09 09:25:47.817477;1;1;1;1;122;86;106;
2015-02-09 09:25:47.817709;1;1;1;24;120;110;106;
2015-02-09 09:25:47.850670;1;1;1;1;120;110;106;
2015-02-09 09:25:47.867331;1;1;1;1;120;110;106;
2015-02-09 09:25:47.883976;1;1;1;1;120;110;106;
2015-02-09 09:25:47.884202;1;1;1;1;117;89;106;
2015-02-09 09:25:47.917316;1;1;1;1;117;89;106;
2015-02-09 09:25:47.917568;1;1;1;1;117;89;106;
2015-02-09 09:25:47.950620;1;1;1;1;117;89;106;
2015-02-09 09:25:47.950835;1;1;1;1;117;89;106;
2015-02-09 09:25:47.983972;1;1;1;1;120;68;106;
2015-02-09 09:25:48.629;1;1;26;1;120;68;106;
2015-02-09 09:25:48.861;1;1;26;1;120;68;106;
2015-02-09 09:25:48.33980;1;1;1;1;120;68;106;
2015-02-09 09:25:48.50656;1;1;1;1;111;95;106;
2015-02-09 09:25:48.50899;1;1;1;1;111;95;106;
2015-02-09 09:25:48.67379;1;1;1;1;111;95;106;
2015-02-09 09:25:48.84069;1;1;1;1;111;95;106;
2015-02-09 09:25:48.117315;1;1;1;1;111;95;106;
2015-02-09 09:25:48.133955;1;1;1;1;115;71;106;
2015-02-09 09:25:48.150627;1;1;1;1;115;71;106;
2015-02-09 09:25:48.167422;1;1;1;1;115;71;106;
2015-02-09 09:25:48.183949;1;1;1;1;115;71;106;
2015-02-09 09:25:48.184176;1;1;1;1;115;71;106;
2015-02-09 09:25:48.217299;1;28;1;1;58;93;106;
2015-02-09 09:25:48.217586;1;1;1;1;58;93;106;
2015-02-09 09:25:48.234124;1;1;1;1;58;93;106;
2015-02-09 09:25:48.250782;1;1;1;1;58;93;106;
2015-02-09 09:25:48.267694;1;1;1;1;120;86;106;
2015-02-09 09:25:48.300663;1;1;1;1;120;86;106;
2015-02-09 09:25:48.317276;26;27;1;1;120;86;106;
2015-02-09 09:25:48.317574;1;27;26;1;120;86;106;
2015-02-09 09:25:48.334094;1;27;26;1;120;86;106;
2015-02-09 09:25:48.367276;1;28;1;1;116;110;106;
2015-02-09 09:25:48.367518;1;1;1;1;116;110;106;
2015-02-09 09:25:48.400820;1;1;1;1;116;110;106;
2015-02-09 09:25:48.401144;1;1;25;1;116;110;106;
2015-02-09 09:25:48.433994;1;1;1;1;111;110;106;
2015-02-09 09:25:48.434223;1;1;1;1;111;110;106;
2015-02-09 09:25:48.467293;1;1;1;1;111;110;106;
2015-02-09 09:25:48.484100;1;28;1;1;111;110;106;
2015-02-09 09:25:48.484323;1;28;1;1;111;110;106;
2015-02-09 09:25:48.517417;1;1;26;1;108;98;106;
2015-02-09 09:25:48.533935;1;1;26;1;108;98;106;
2015-02-09 09:25:48.534179;1;1;1;1;108;98;106;
2015-02-09 09:25:48.567499;27;1;1;1;108;98;106;
2015-02-09 09:25:48.583970;27;1;1;1;108;98;106;
2015-02-09 09:25:48.584232;1;1;1;1;122;110;106;
2015-02-09 09:25:48.617273;1;1;1;1;122;110;106;
2015-02-09 09:25:48.617515;1;1;1;1;122;110;106;
2015-02-09 09:25:48.650637;1;1;1;1;122;110;106;
2015-02-09 09:25:48.667284;1;1;1;1;121;72;106;
2015-02-09 09:25:48.683932;1;1;1;1;121;72;106;
2015-02-09 09:25:48.684155;1;1;1;1;121;72;106;
2015-02-09 09:25:48.717290;1;1;1;1;121;72;106;
2015-02-09 09:25:48.717545;1;1;1;1;121;72;106;
2015-02-09 09:25:48.750619;1;1;1;1;120;110;106;
2015-02-09 09:25:48.750919;1;1;1;1;120;110;106;
2015-02-09 09:25:48.783929;1;1;1;1;120;110;106;
2015-02-09 09:25:48.784176;1;1;26;1;120;110;106;
2015-02-09 09:25:48.817396;27;1;1;1;91;109;106;
2015-02-09 09:25:48.817664;27;1;1;1;91;109;106;
2015-02-09 09:25:48.833996;1;1;1;1;91;109;106;
2015-02-09 09:25:48.867268;1;1;1;1;91;109;106;
2015-02-09 09:25:48.883928;1;1;1;1;91;109;106;
2015-02-09 09:25:48.900735;1;1;1;1;65;111;106;
2015-02-09 09:25:48.917266;1;1;1;1;65;111;106;
2015-02-09 09:25:48.933932;1;1;1;1;65;111;106;
2015-02-09 09:25:48.950657;1;1;1;1;65;111;106;
2015-02-09 09:25:48.967305;1;1;1;1;120;86;106;
2015-02-09 09:25:48.967563;1;1;1;1;120;86;106;
2015-02-09 09:25:49.627;1;1;1;1;120;86;106;
2015-02-09 09:25:49.875;1;1;1;1;120;86;106;
2015-02-09 09:25:49.33931;1;1;1;1;120;86;106;
2015-02-09 09:25:49.34165;1;1;1;1;120;110;106;
2015-02-09 09:25:49.50580;1;1;1;1;120;110;106;
2015-02-09 09:25:49.67379;1;27;1;1;120;110;106;
2015-02-09 09:25:49.100617;1;1;1;1;120;110;106;
2015-02-09 09:25:49.100854;1;1;1;1;120;110;106;
2015-02-09 09:25:49.134056;1;1;1;1;120;110;106;
2015-02-09 09:25:49.134320;1;1;1;1;120;110;106;
2015-02-09 09:25:49.167288;1;1;1;1;120;110;106;
2015-02-09 09:25:49.167524;1;1;1;1;120;110;106;
2015-02-09 09:25:49.183983;1;1;1;1;120;89;106;
2015-02-09 09:25:49.217270;1;1;1;1;120;89;106;
2015-02-09 09:25:49.233912;1;1;1;1;120;89;106;
2015-02-09 09:25:49.234134;1;1;1;1;120;89;106;
2015-02-09 09:25:49.267425;1;1;1;1;120;89;106;
2015-02-09 09:25:49.283915;1;1;26;1;120;111;106;
2015-02-09 09:25:49.300582;1;1;1;1;120;111;106;
2015-02-09 09:25:49.317445;1;1;1;1;120;111;106;
2015-02-09 09:25:49.317708;1;1;1;1;120;111;106;
2015-02-09 09:25:49.350612;1;1;1;1;120;116;106;
2015-02-09 09:25:49.367311;1;1;1;1;120;116;106;
2015-02-09 09:25:49.384056;1;1;1;1;120;116;106;
2015-02-09 09:25:49.384600;1;1;1;1;120;116;106;
2015-02-09 09:25:49.417254;1;1;1;1;120;116;106;
2015-02-09 09:25:49.417495;1;1;1;1;120;111;106;
2015-02-09 09:25:49.433923;1;1;1;1;120;111;106;
2015-02-09 09:25:49.467236;26;1;1;1;120;111;106;
2015-02-09 09:25:49.467465;1;1;1;1;120;111;106;
2015-02-09 09:25:49.484059;1;1;1;1;120;111;106;
2015-02-09 09:25:49.517307;1;1;1;1;120;103;106;
2015-02-09 09:25:49.517557;1;1;1;1;120;103;106;
2015-02-09 09:25:49.533919;1;1;1;1;120;103;106;
2015-02-09 09:25:49.567378;1;1;1;1;120;103;106;
2015-02-09 09:25:49.583900;27;1;1;1;119;89;106;
2015-02-09 09:25:49.584136;27;1;1;1;119;89;106;
2015-02-09 09:25:49.617293;1;1;25;1;119;89;106;
2015-02-09 09:25:49.617533;1;1;1;1;119;89;106;
2015-02-09 09:25:49.650604;1;1;1;1;119;89;106;
2015-02-09 09:25:49.650844;1;1;26;1;119;71;106;
2015-02-09 09:25:49.683914;26;1;1;1;119;71;106;
2015-02-09 09:25:49.700885;26;1;1;1;119;71;106;
2015-02-09 09:25:49.717221;1;1;1;1;119;71;106;
2015-02-09 09:25:49.733889;1;1;1;1;102;74;106;
2015-02-09 09:25:49.734136;1;1;1;1;102;74;106;
2015-02-09 09:25:49.767225;1;1;1;1;102;74;106;
2015-02-09 09:25:49.784029;1;28;1;1;102;74;106;
2015-02-09 09:25:49.784252;1;28;1;1;102;74;106;
2015-02-09 09:25:49.817400;1;1;1;1;72;109;106;
2015-02-09 09:25:49.833918;1;1;1;1;72;109;106;
2015-02-09 09:25:49.834147;1;1;1;1;72;109;106;
2015-02-09 09:25:49.867381;1;1;1;1;72;109;106;
2015-02-09 09:25:49.883886;1;1;1;1;72;109;106;
2015-02-09 09:25:49.884126;1;1;1;1;120;64;106;
2015-02-09 09:25:49.917246;26;1;1;1;120;64;106;
2015-02-09 09:25:49.933885;26;1;1;1;120;64;106;
2015-02-09 09:25:49.950586;1;1;1;1;120;64;106;
2015-02-09 09:25:49.950818;1;28;1;1;120;87;106;
2015-02-09 09:25:49.983884;1;28;1;1;120;87;106;
2015-02-09 09:25:50.555;1;1;25;1;120;87;106;
2015-02-09 09:25:50.17240;1;1;26;1;120;87;106;
2015-02-09 09:25:50.17500;1;1;26;1;120;87;106;
2015-02-09 09:25:50.50577;1;1;1;1;99;112;106;
2015-02-09 09:25:50.67255;1;1;1;1;99;112;106;
2015-02-09 09:25:50.83975;1;1;1;1;99;112;106;
2015-02-09 09:25:50.84205;1;28;1;1;99;112;106;
2015-02-09 09:25:50.117243;1;1;26;1;119;81;106;
2015-02-09 09:25:50.133878;1;1;26;1;119;81;106;
2015-02-09 09:25:50.134120;1;1;1;1;119;81;106;
2015-02-09 09:25:50.167237;1;1;1;1;119;81;106;
2015-02-09 09:25:50.183887;1;1;1;1;119;81;106;
2015-02-09 09:25:50.200572;1;1;1;1;120;98;106;
2015-02-09 09:25:50.200813;1;1;1;1;120;98;106;
2015-02-09 09:25:50.217527;1;1;1;1;120;98;106;
2015-02-09 09:25:50.233890;1;28;1;1;120;98;106;
2015-02-09 09:25:50.250858;1;28;1;1;120;98;106;
2015-02-09 09:25:50.267218;1;28;1;1;121;93;106;
2015-02-09 09:25:50.300537;1;1;1;1;121;93;106;
2015-02-09 09:25:50.317208;1;1;1;1;121;93;106;
2015-02-09 09:25:50.333943;1;1;1;1;121;93;106;
2015-02-09 09:25:50.334168;1;1;1;1;114;104;106;
2015-02-09 09:25:50.367302;1;1;1;1;114;104;106;
2015-02-09 09:25:50.383877;27;1;1;1;114;104;106;
2015-02-09 09:25:50.400534;1;28;1;1;114;104;106;
2015-02-09 09:25:50.417207;1;28;1;1;114;104;106;
2015-02-09 09:25:50.434213;1;1;1;1;120;82;106;
2015-02-09 09:25:50.467334;1;1;25;1;120;82;106;
2015-02-09 09:25:50.467596;1;1;25;1;120;82;106;
2015-02-09 09:25:50.467814;1;1;26;1;120;82;106;
2015-02-09 09:25:50.484029;1;1;1;1;121;111;106;
2015-02-09 09:25:50.517214;1;1;1;1;121;111;106;
2015-02-09 09:25:50.517441;1;1;1;1;121;111;106;
2015-02-09 09:25:50.533908;1;28;1;1;121;111;106;
2015-02-09 09:25:50.567210;1;28;1;1;121;111;106;
2015-02-09 09:25:50.567456;1;1;1;1;120;92;106;
2015-02-09 09:25:50.600744;1;1;1;1;120;92;106;
2015-02-09 09:25:50.617253;1;1;1;1;120;92;106;
2015-02-09 09:25:50.633849;27;1;1;1;120;92;106;
2015-02-09 09:25:50.650717;28;1;25;1;120;71;106;
2015-02-09 09:25:50.667252;28;1;25;1;120;71;106;
2015-02-09 09:25:50.683900;1;1;1;1;120;71;106;
2015-02-09 09:25:50.684138;1;1;1;1;120;71;106;
2015-02-09 09:25:50.700517;1;1;1;1;120;71;106;
2015-02-09 09:25:50.717285;1;1;1;1;117;88;106;
2015-02-09 09:25:50.734045;1;1;1;1;117;88;106;
2015-02-09 09:25:50.767257;26;1;1;1;117;88;106;
2015-02-09 09:25:50.767517;1;1;1;1;117;88;106;
2015-02-09 09:25:50.800527;1;1;1;1;117;88;106;
2015-02-09 09:25:50.817267;1;1;1;1;97;84;106;
2015-02-09 09:25:50.817499;1;1;1;1;97;84;106;
2015-02-09 09:25:50.850543;1;1;1;1;97;84;106;
2015-02-09 09:25:50.850891;27;1;1;1;97;84;106;
2015-02-09 09:25:50.883862;1;1;1;1;120;110;106;
2015-02-09 09:25:50.884102;1;1;1;1;120;110;106;
2015-02-09 09:25:50.917467;1;1;26;1;120;110;106;
2015-02-09 09:25:50.917728;1;1;26;1;120;110;106;
2015-02-09 09:25:50.950540;1;1;26;1;120;110;106;
2015-02-09 09:25:50.950831;1;1;1;1;120;112;106;
2015-02-09 09:25:50.967442;26;1;25;1;120;112;106;
2015-02-09 09:25:50.983981;26;1;25;1;120;112;106;
2015-02-09 09:25:51.17183;1;1;1;1;120;112;106;
2015-02-09 09:25:51.33838;1;1;1;1;74;82;106;
2015-02-09 09:25:51.50554;1;1;1;1;74;82;106;
2015-02-09 09:25:51.67199;1;1;1;1;74;82;106;
2015-02-09 09:25:51.83845;28;1;1;1;74;82;106;
2015-02-09 09:25:51.117341;28;1;1;1;74;82;106;
2015-02-09 09:25:51.117577;1;1;1;1;122;106;106;
2015-02-09 09:25:51.117769;1;1;1;1;122;106;106;
2015-02-09 09:25:51.150527;1;1;1;1;122;106;106;
2015-02-09 09:25:51.167198;1;29;1;1;122;106;106;
2015-02-09 09:25:51.183837;1;29;1;1;122;106;106;
2015-02-09 09:25:51.217201;1;1;1;1;120;98;106;
2015-02-09 09:25:51.217572;26;1;1;1;120;98;106;
2015-02-09 09:25:51.217799;26;1;1;1;120;98;106;
2015-02-09 09:25:51.250501;1;1;1;1;120;98;106;
2015-02-09 09:25:51.250735;1;1;1;1;120;111;106;
2015-02-09 09:25:51.283874;1;1;1;1;120;111;106;
2015-02-09 09:25:51.300498;1;1;1;1;120;111;106;
2015-02-09 09:25:51.317171;1;28;1;1;120;111;106;
2015-02-09 09:25:51.333841;1;28;1;1;120;111;106;
2015-02-09 09:25:51.350521;1;1;1;1;121;110;106;
2015-02-09 09:25:51.367173;1;1;1;1;121;110;106;
2015-02-09 09:25:51.383830;1;1;1;1;121;110;106;
2015-02-09 09:25:51.384078;1;1;26;1;121;110;106;
2015-02-09 09:25:51.417202;1;1;1;1;98;112;106;
2015-02-09 09:25:51.433816;1;1;1;1;98;112;106;
2015-02-09 09:25:51.434035;1;1;25;1;98;112;106;
2015-02-09 09:25:51.467189;1;1;1;1;98;112;106;
2015-02-09 09:25:51.467437;1;1;1;1;98;112;106;
2015-02-09 09:25:51.483994;1;1;26;1;92;96;106;
2015-02-09 09:25:51.517419;1;1;26;1;92;96;106;
2015-02-09 09:25:51.533966;1;1;1;1;92;96;106;
2015-02-09 09:25:51.534244;1;1;1;1;92;96;106;
2015-02-09 09:25:51.567192;1;1;1;1;92;96;106;
2015-02-09 09:25:51.583931;27;1;1;1;81;77;106;
2015-02-09 09:25:51.584196;1;1;1;1;81;77;106;
2015-02-09 09:25:51.600815;1;1;1;1;81;77;106;
2015-02-09 09:25:51.633849;1;1;1;1;81;77;106;
2015-02-09 09:25:51.634074;1;28;1;1;120;112;106;
2015-02-09 09:25:51.667160;1;28;1;1;120;112;106;
2015-02-09 09:25:51.667430;27;1;1;1;120;112;106;
2015-02-09 09:25:51.700539;1;1;1;1;120;112;106;
2015-02-09 09:25:51.700788;1;1;1;1;120;112;106;
2015-02-09 09:25:51.733811;1;1;1;1;112;71;106;
2015-02-09 09:25:51.734034;1;1;1;1;112;71;106;
2015-02-09 09:25:51.767246;1;1;1;1;112;71;106;
2015-02-09 09:25:51.767503;1;27;1;1;112;71;106;
2015-02-09 09:25:51.783839;1;28;1;1;69;70;106;
2015-02-09 09:25:51.800479;1;28;1;1;69;70;106;
2015-02-09 09:25:51.833841;1;1;26;1;69;70;106;
2015-02-09 09:25:51.834091;1;1;1;1;69;70;106;
2015-02-09 09:25:51.867178;1;1;1;1;69;70;106;
2015-02-09 09:25:51.867430;1;1;1;1;120;72;106;
2015-02-09 09:25:51.900564;26;1;1;1;120;72;106;
2015-02-09 09:25:51.917140;26;1;1;1;120;72;106;
2015-02-09 09:25:51.917366;1;1;1;1;120;72;106;
2015-02-09 09:25:51.950479;1;1;1;1;121;109;106;
2015-02-09 09:25:51.967159;1;1;1;1;121;109;106;
2015-02-09 09:25:51.967404;1;1;1;1;121;109;106;
2015-02-09 09:25:51.983896;1;1;1;1;121;109;106;
2015-02-09 09:25:52.17199;1;1;1;1;121;109;106;
2015-02-09 09:25:52.33803;26;1;1;1;120;79;106;
2015-02-09 09:25:52.34027;26;1;1;1;120;79;106;
2015-02-09 09:25:52.67150;1;27;1;1;120;79;106;
2015-02-09 09:25:52.83802;1;1;1;1;120;79;106;
2015-02-09 09:25:52.100462;1;1;1;1;120;79;106;
2015-02-09 09:25:52.100725;1;1;1;1;120;106;106;
2015-02-09 09:25:52.133806;1;1;1;1;120;106;106;
2015-02-09 09:25:52.134167;1;1;1;1;120;106;106;
2015-02-09 09:25:52.167081;1;1;1;1;120;106;106;
2015-02-09 09:25:52.183797;1;1;1;1;118;70;106;
2015-02-09 09:25:52.200488;1;1;1;1;118;70;106;
2015-02-09 09:25:52.217077;1;27;1;1;118;70;106;
2015-02-09 09:25:52.233783;27;1;27;1;118;70;106;
2015-02-09 09:25:52.250489;27;1;27;1;118;70;106;
2015-02-09 09:25:52.300515;1;1;1;1;76;78;106;
2015-02-09 09:25:52.317111;1;1;1;1;76;78;106;
2015-02-09 09:25:52.333813;1;1;1;1;121;90;106;
2015-02-09 09:25:52.350487;1;1;1;1;121;90;106;
2015-02-09 09:25:52.367140;1;1;1;1;121;90;106;
2015-02-09 09:25:52.400453;1;1;1;1;121;90;106;
2015-02-09 09:25:52.417102;1;1;1;1;121;90;106;
2015-02-09 09:25:52.417587;1;1;1;1;96;110;106;
2015-02-09 09:25:52.450447;1;1;1;1;96;110;106;
2015-02-09 09:25:52.467080;1;1;1;1;96;110;106;
2015-02-09 09:25:52.483890;1;1;1;1;96;110;106;
2015-02-09 09:25:52.500435;1;1;1;1;120;112;106;
2015-02-09 09:25:52.517071;1;1;1;1;120;112;106;
2015-02-09 09:25:52.517270;1;1;25;1;120;112;106;
2015-02-09 09:25:52.550434;1;1;1;1;120;112;106;
2015-02-09 09:25:52.567071;1;1;1;1;120;112;106;
2015-02-09 09:25:52.583765;1;1;1;1;119;113;106;
2015-02-09 09:25:52.600432;1;1;1;1;119;113;106;
2015-02-09 09:25:52.617076;1;1;1;1;119;113;106;
2015-02-09 09:25:52.633763;1;28;1;1;119;113;106;
2015-02-09 09:25:52.650430;1;1;26;1;121;111;106;
2015-02-09 09:25:52.667071;1;1;26;1;121;111;106;
2015-02-09 09:25:52.683760;1;1;1;1;121;111;106;
2015-02-09 09:25:52.700426;27;1;1;1;121;111;106;
2015-02-09 09:25:52.717072;27;1;1;1;121;111;106;
2015-02-09 09:25:52.733763;27;1;26;1;80;59;106;
2015-02-09 09:25:52.750427;1;1;1;1;80;59;106;
2015-02-09 09:25:52.767073;1;1;1;1;80;59;106;
2015-02-09 09:25:52.783753;1;1;1;1;80;59;106;
2015-02-09 09:25:52.783974;1;1;1;1;122;75;106;
2015-02-09 09:25:52.800428;1;1;1;1;122;75;106;
2015-02-09 09:25:52.817079;1;1;1;1;122;75;106;
2015-02-09 09:25:52.833766;1;1;1;1;122;75;106;
2015-02-09 09:25:52.850429;1;1;1;1;122;75;106;
2015-02-09 09:25:52.867080;1;1;1;1;111;84;106;
2015-02-09 09:25:52.883766;1;1;1;1;111;84;106;
2015-02-09 09:25:52.900426;1;1;1;1;111;84;106;
2015-02-09 09:25:52.917086;1;27;1;1;111;84;106;
2015-02-09 09:25:52.933761;1;27;1;1;111;84;106;
2015-02-09 09:25:52.950428;27;1;1;1;120;68;106;
2015-02-09 09:25:52.967091;1;1;1;1;120;68;106;
2015-02-09 09:25:53.430;1;1;1;1;120;68;106;
2015-02-09 09:25:53.17084;1;1;26;1;120;68;106;
2015-02-09 09:25:53.33757;1;1;1;1;120;70;106;
2015-02-09 09:25:53.50424;1;1;1;1;120;70;106;
2015-02-09 09:25:53.67070;1;1;1;1;120;70;106;
2015-02-09 09:25:53.83750;1;28;1;1;120;70;106;
2015-02-09 09:25:53.100421;1;28;1;1;120;70;106;
2015-02-09 09:25:53.117074;1;1;26;24;120;69;106;
2015-02-09 09:25:53.133756;1;1;1;1;120;69;106;
2015-02-09 09:25:53.150414;1;1;1;1;120;69;106;
2015-02-09 09:25:53.167101;1;1;1;1;120;69;106;
2015-02-09 09:25:53.183758;27;1;25;1;119;92;106;
2015-02-09 09:25:53.200421;27;1;25;1;119;92;106;
2015-02-09 09:25:53.217073;1;1;1;1;119;92;106;
2015-02-09 09:25:53.233745;1;1;1;1;119;92;106;
2015-02-09 09:25:53.250418;1;1;1;1;119;92;106;
2015-02-09 09:25:53.267084;1;1;1;1;120;61;106;
2015-02-09 09:25:53.283747;1;1;1;1;120;61;106;
2015-02-09 09:25:53.300415;1;1;1;1;120;61;106;
2015-02-09 09:25:53.317086;1;1;1;1;120;61;106;
2015-02-09 09:25:53.333750;1;1;1;1;120;61;106;
2015-02-09 09:25:53.350411;1;1;1;1;119;112;106;
2015-02-09 09:25:53.367081;1;1;1;1;119;112;106;
2015-02-09 09:25:53.383743;1;1;1;1;119;112;106;
2015-02-09 09:25:53.400406;1;1;26;1;119;112;106;
2015-02-09 09:25:53.417073;1;28;1;1;119;112;106;
2015-02-09 09:25:53.433727;1;28;1;1;119;112;106;
2015-02-09 09:25:53.450400;1;1;1;1;119;112;106;
2015-02-09 09:25:53.467067;1;1;25;1;119;112;106;
2015-02-09 09:25:53.483862;1;1;25;1;119;112;106;
2015-02-09 09:25:53.500408;1;1;1;1;119;71;106;
2015-02-09 09:25:53.517069;1;1;1;1;119;71;106;
2015-02-09 09:25:53.533734;1;1;1;1;119;71;106;
2015-02-09 09:25:53.550394;1;28;1;1;119;71;106;
2015-02-09 09:25:53.567069;1;28;26;1;120;102;106;
2015-02-09 09:25:53.583731;1;28;26;1;120;102;106;
2015-02-09 09:25:53.600400;1;1;1;1;120;102;106;
2015-02-09 09:25:53.617075;1;1;1;1;120;102;106;
2015-02-09 09:25:53.633722;1;1;1;1;120;102;106;
2015-02-09 09:25:53.650403;1;1;1;1;121;114;106;
2015-02-09 09:25:53.667080;1;1;1;1;121;114;106;
2015-02-09 09:25:53.683731;1;1;1;1;121;114;106;
2015-02-09 09:25:53.700401;1;28;1;1;121;114;106;
2015-02-09 09:25:53.717066;1;28;1;1;121;114;106;
2015-02-09 09:25:53.733721;1;1;1;1;65;109;106;
2015-02-09 09:25:53.750384;27;1;1;1;65;109;106;
2015-02-09 09:25:53.767063;27;1;1;1;65;109;106;
2015-02-09 09:25:53.783717;1;1;1;1;65;109;106;
2015-02-09 09:25:53.800382;1;1;1;1;120;107;106;
2015-02-09 09:25:53.817054;1;1;1;1;120;107;106;
2015-02-09 09:25:53.833724;1;1;1;1;120;107;106;
2015-02-09 09:25:53.850383;1;28;1;1;120;107;106;
2015-02-09 09:25:53.867084;1;28;1;1;120;107;106;
2015-02-09 09:25:53.883712;1;1;1;1;117;68;106;
2015-02-09 09:25:53.900390;1;1;1;1;117;68;106;
2015-02-09 09:25:53.917072;1;1;1;1;117;68;106;
2015-02-09 09:25:53.933724;1;1;1;1;117;68;106;
2015-02-09 09:25:53.950395;1;1;1;1;120;112;106;
2015-02-09 09:25:53.967057;1;1;1;1;120;112;106;
2015-02-09 09:25:53.983725;1;1;1;1;120;112;106;
2015-02-09 09:25:54.389;1;1;1;1;120;112;106;
2015-02-09 09:25:54.17052;1;1;1;1;120;112;106;
2015-02-09 09:25:54.33706;1;1;1;1;122;72;106;
2015-02-09 09:25:54.50371;1;1;1;1;122;72;106;
2015-02-09 09:25:54.67050;1;1;1;1;122;72;106;
2015-02-09 09:25:54.83702;27;1;1;1;122;72;106;
2015-02-09 09:25:54.100367;27;1;1;1;122;72;106;
2015-02-09 09:25:54.117048;27;1;1;1;122;96;106;
2015-02-09 09:25:54.133705;1;27;1;1;122;96;106;
2015-02-09 09:25:54.150365;1;27;1;1;122;96;106;
2015-02-09 09:25:54.167033;1;1;1;1;122;96;106;
2015-02-09 09:25:54.183701;1;1;1;1;122;83;106;
2015-02-09 09:25:54.200368;1;1;1;1;122;83;106;
2015-02-09 09:25:54.217028;1;1;1;1;122;83;106;
2015-02-09 09:25:54.233699;1;1;26;1;122;83;106;
2015-02-09 09:25:54.250363;1;1;26;1;122;83;106;
2015-02-09 09:25:54.267029;1;1;1;1;70;112;106;
2015-02-09 09:25:54.283708;1;1;25;1;70;112;106;
2015-02-09 09:25:54.300378;1;1;25;1;70;112;106;
2015-02-09 09:25:54.317057;27;1;26;1;70;112;106;
2015-02-09 09:25:54.333711;1;1;1;1;112;78;106;
2015-02-09 09:25:54.350360;1;1;1;1;112;78;106;
2015-02-09 09:25:54.367055;1;1;1;1;112;78;106;
2015-02-09 09:25:54.367273;1;1;1;1;112;78;106;
2015-02-09 09:25:54.400373;1;1;1;1;112;78;106;
2015-02-09 09:25:54.417053;1;1;1;1;120;111;106;
2015-02-09 09:25:54.433700;1;1;1;1;120;111;106;
2015-02-09 09:25:54.450374;1;1;1;1;120;111;106;
2015-02-09 09:25:54.467021;1;1;1;1;120;111;106;
2015-02-09 09:25:54.483838;1;1;1;1;120;85;106;
2015-02-09 09:25:54.500371;1;1;1;1;120;85;106;
2015-02-09 09:25:54.517049;1;1;1;1;120;85;106;
2015-02-09 09:25:54.533700;1;1;1;1;120;85;106;
2015-02-09 09:25:54.550363;1;1;1;1;120;85;106;
2015-02-09 09:25:54.567028;1;1;1;1;120;110;106;
2015-02-09 09:25:54.583682;1;1;1;1;120;110;106;
2015-02-09 09:25:54.600347;1;1;1;1;120;110;106;
2015-02-09 09:25:54.617016;1;1;26;1;120;110;106;
2015-02-09 09:25:54.633682;1;1;26;1;120;110;106;
2015-02-09 09:25:54.650350;1;1;1;1;67;115;106;
2015-02-09 09:25:54.667023;1;1;25;1;67;115;106;
2015-02-09 09:25:54.683689;1;1;25;1;67;115;106;
2015-02-09 09:25:54.700372;1;1;1;1;67;115;106;
2015-02-09 09:25:54.717016;1;1;26;1;121;85;106;
2015-02-09 09:25:54.733693;1;1;26;1;121;85;106;
2015-02-09 09:25:54.750352;1;1;1;1;121;85;106;
2015-02-09 09:25:54.767023;1;1;1;1;121;85;106;
2015-02-09 09:25:54.783682;1;1;1;1;121;85;106;
2015-02-09 09:25:54.800352;1;1;1;1;122;109;106;
2015-02-09 09:25:54.817018;1;1;1;1;122;109;106;
2015-02-09 09:25:54.833685;1;1;1;1;122;109;106;
2015-02-09 09:25:54.850339;1;28;1;1;122;109;106;
2015-02-09 09:25:54.867007;1;1;1;1;121;64;106;
2015-02-09 09:25:54.883671;1;1;1;1;121;64;106;
2015-02-09 09:25:54.900352;1;1;1;1;121;64;106;
2015-02-09 09:25:54.917014;1;1;1;1;121;64;106;
2015-02-09 09:25:54.933681;1;1;1;1;121;64;106;
2015-02-09 09:25:54.950341;1;1;1;1;75;65;106;
2015-02-09 09:25:54.967007;1;1;1;1;75;65;106;
2015-02-09 09:25:54.983669;26;1;1;1;75;65;106;
2015-02-09 09:25:55.341;1;1;1;1;75;65;106;
2015-02-09 09:25:55.17002;1;1;1;1;75;65;106;
2015-02-09 09:25:55.33670;1;1;1;1;120;110;106;
2015-02-09 09:25:55.50333;1;1;1;1;120;110;106;
2015-02-09 09:25:55.66998;1;1;1;1;120;110;106;
2015-02-09 09:25:55.67218;27;1;1;1;120;110;106;
2015-02-09 09:25:55.100331;1;1;26;1;86;113;106;
2015-02-09 09:25:55.116993;1;1;26;1;86;113;106;
2015-02-09 09:25:55.133662;1;27;1;1;86;113;106;
2015-02-09 09:25:55.150333;1;1;1;1;86;113;106;
2015-02-09 09:25:55.167004;1;1;1;1;86;113;106;
2015-02-09 09:25:55.183660;1;1;1;1;121;66;106;
2015-02-09 09:25:55.200330;26;1;1;1;121;66;106;
2015-02-09 09:25:55.216991;26;1;1;1;121;66;106;
2015-02-09 09:25:55.233658;1;1;1;1;121;66;106;
2015-02-09 09:25:55.250322;1;1;1;1;120;62;106;
2015-02-09 09:25:55.266988;1;1;1;1;120;62;106;
2015-02-09 09:25:55.283658;1;1;1;1;120;62;106;
2015-02-09 09:25:55.300325;27;1;1;1;120;62;106;
2015-02-09 09:25:55.316985;27;1;1;1;120;62;106;
2015-02-09 09:25:55.333654;27;1;1;1;119;68;106;
2015-02-09 09:25:55.350323;1;1;1;1;119;68;106;
2015-02-09 09:25:55.366985;1;1;1;1;119;68;106;
2015-02-09 09:25:55.383658;1;1;1;1;119;68;106;
2015-02-09 09:25:55.400321;1;1;1;1;119;68;106;
2015-02-09 09:25:55.416986;1;1;1;1;119;109;106;
2015-02-09 09:25:55.433653;1;1;26;1;119;109;106;
2015-02-09 09:25:55.450315;1;1;26;1;119;109;106;
2015-02-09 09:25:55.466982;1;1;1;1;119;109;106;
2015-02-09 09:25:55.483775;1;1;1;1;64;91;106;
2015-02-09 09:25:55.500309;1;1;1;1;64;91;106;
2015-02-09 09:25:55.516979;1;1;1;1;64;91;106;
2015-02-09 09:25:55.533649;27;1;1;1;64;91;106;
2015-02-09 09:25:55.550314;27;1;1;1;64;91;106;
2015-02-09 09:25:55.566975;28;1;26;1;86;77;106;
2015-02-09 09:25:55.583646;1;27;1;1;86;77;106;
2015-02-09 09:25:55.600307;1;27;1;1;86;77;106;
2015-02-09 09:25:55.616974;1;1;1;1;86;77;106;
2015-02-09 09:25:55.633649;1;1;1;1;120;86;106;
2015-02-09 09:25:55.650307;1;1;1;1;120;86;106;
2015-02-09 09:25:55.666981;1;1;1;1;120;86;106;
2015-02-09 09:25:55.683646;1;1;1;1;120;86;106;
2015-02-09 09:25:55.700303;1;1;1;1;120;86;106;
2015-02-09 09:25:55.716973;1;1;1;1;121;111;106;
2015-02-09 09:25:55.733642;1;1;1;1;121;111;106;
2015-02-09 09:25:55.750304;1;1;1;1;121;111;106;
2015-02-09 09:25:55.766968;27;1;1;1;121;111;106;
2015-02-09 09:25:55.783639;27;1;1;1;121;112;106;
2015-02-09 09:25:55.800306;27;1;1;1;121;112;106;
2015-02-09 09:25:55.816972;1;1;1;1;121;112;106;
2015-02-09 09:25:55.833631;1;1;1;1;121;112;106;
2015-02-09 09:25:55.850297;1;1;26;1;121;112;106;
2015-02-09 09:25:55.866970;1;1;1;1;121;109;106;
2015-02-09 09:25:55.883633;1;1;1;1;121;109;106;
2015-02-09 09:25:55.900295;26;1;26;1;121;109;106;
2015-02-09 09:25:55.916964;1;1;26;1;121;109;106;
2015-02-09 09:25:55.933628;1;1;26;1;121;109;106;
2015-02-09 09:25:55.950292;1;1;1;1;120;68;106;
2015-02-09 09:25:55.966964;1;1;1;1;120;68;106;
2015-02-09 09:25:55.983628;1;1;1;1;120;68;106;
2015-02-09 09:25:56.295;1;1;1;1;120;68;106;
2015-02-09 09:25:56.16962;1;1;26;1;70;97;106;
2015-02-09 09:25:56.33623;1;1;26;1;70;97;106;
2015-02-09 09:25:56.50292;1;1;1;1;70;97;106;
2015-02-09 09:25:56.66957;1;1;1;1;70;97;106;
2015-02-09 09:25:56.83620;1;1;1;1;70;97;106;
2015-02-09 09:25:56.100284;1;1;1;1;120;68;106;
2015-02-09 09:25:56.116956;26;1;1;1;120;68;106;
2015-02-09 09:25:56.133621;26;1;1;1;120;68;106;
2015-02-09 09:25:56.150282;1;1;1;1;120;68;106;
2015-02-09 09:25:56.166955;1;1;1;1;109;111;106;
2015-02-09 09:25:56.183623;1;1;1;1;109;111;106;
2015-02-09 09:25:56.200288;1;1;1;1;109;111;106;
2015-02-09 09:25:56.216961;1;1;1;1;109;111;106;
2015-02-09 09:25:56.233618;1;1;1;1;109;111;106;
2015-02-09 09:25:56.250288;27;1;1;1;120;88;106;
2015-02-09 09:25:56.266951;27;1;1;1;120;88;106;
2015-02-09 09:25:56.283613;1;1;25;1;120;88;106;
2015-02-09 09:25:56.300281;1;28;25;1;120;88;106;
2015-02-09 09:25:56.316944;1;28;25;1;120;88;106;
2015-02-09 09:25:56.333609;1;1;1;1;118;111;106;
2015-02-09 09:25:56.350279;27;1;25;1;118;111;106;
2015-02-09 09:25:56.366947;27;1;25;1;118;111;106;
2015-02-09 09:25:56.383610;1;1;1;1;118;111;106;
2015-02-09 09:25:56.400275;1;1;1;1;120;80;106;
2015-02-09 09:25:56.416940;1;1;1;1;120;80;106;
2015-02-09 09:25:56.433610;1;1;1;1;120;80;106;
2015-02-09 09:25:56.450274;1;1;1;22;120;80;106;
2015-02-09 09:25:56.466937;1;1;1;22;120;80;106;
2015-02-09 09:25:56.483729;1;1;1;1;109;110;106;
2015-02-09 09:25:56.483933;1;1;1;1;109;110;106;
2015-02-09 09:25:56.516941;1;1;1;1;109;110;106;
2015-02-09 09:25:56.533602;1;1;1;1;109;110;106;
2015-02-09 09:25:56.550273;1;1;1;1;120;111;106;
2015-02-09 09:25:56.566937;1;1;1;1;120;111;106;
2015-02-09 09:25:56.583604;1;1;1;1;120;111;106;
2015-02-09 09:25:56.600269;1;28;1;1;120;111;106;
2015-02-09 09:25:56.616933;1;28;1;1;120;111;106;
2015-02-09 09:25:56.633604;1;1;16;1;120;102;106;
2015-02-09 09:25:56.650268;1;1;16;1;120;102;106;
2015-02-09 09:25:56.666935;1;1;17;1;120;102;106;
2015-02-09 09:25:56.683601;1;1;17;20;120;102;106;
2015-02-09 09:25:56.700264;1;1;17;20;120;102;106;
2015-02-09 09:25:56.716928;1;28;19;1;114;101;106;
2015-02-09 09:25:56.733602;1;1;18;16;114;101;106;
2015-02-09 09:25:56.750263;1;1;18;16;114;101;106;
2015-02-09 09:25:56.766931;1;1;18;1;114;101;106;
2015-02-09 09:25:56.783595;1;1;19;1;119;110;106;
2015-02-09 09:25:56.800264;1;1;19;1;119;110;106;
2015-02-09 09:25:56.816928;1;1;19;1;119;110;106;
2015-02-09 09:25:56.833594;1;1;19;1;119;110;106;
2015-02-09 09:25:56.850255;1;1;19;1;119;110;106;
2015-02-09 09:25:56.866922;1;1;26;1;120;93;106;
2015-02-09 09:25:56.883591;1;1;25;1;120;93;106;
2015-02-09 09:25:56.900258;1;1;25;1;120;93;106;
2015-02-09 09:25:56.916919;1;1;1;1;120;93;106;
2015-02-09 09:25:56.933587;1;28;1;1;120;61;106;
2015-02-09 09:25:56.950256;1;28;1;1;120;61;106;
2015-02-09 09:25:56.966924;1;1;1;1;120;61;106;
2015-02-09 09:25:56.983586;1;1;1;1;120;61;106;
2015-02-09 09:25:57.252;1;1;1;1;120;61;106;
2015-02-09 09:25:57.16922;1;1;1;1;109;111;106;
2015-02-09 09:25:57.33589;1;1;1;1;109;111;106;
2015-02-09 09:25:57.50251;26;27;1;1;109;111;106;
2015-02-09 09:25:57.66919;1;27;1;1;109;111;106;
2015-02-09 09:25:57.83583;1;27;1;1;109;111;106;
2015-02-09 09:25:57.100248;1;28;1;1;121;92;106;
2015-02-09 09:25:57.116918;1;1;1;1;121;92;106;
2015-02-09 09:25:57.133583;1;1;1;1;121;92;106;
2015-02-09 09:25:57.150246;1;1;1;1;121;92;106;
2015-02-09 09:25:57.166912;1;1;1;1;120;111;106;
2015-02-09 09:25:57.183578;1;1;1;1;120;111;106;
2015-02-09 09:25:57.183781;1;1;1;1;120;111;106;
2015-02-09 09:25:57.216911;1;1;1;1;120;111;106;
2015-02-09 09:25:57.233577;1;1;1;1;120;111;106;
2015-02-09 09:25:57.250241;1;27;28;1;119;83;106;
2015-02-09 09:25:57.266904;1;1;1;1;119;83;106;
2015-02-09 09:25:57.283570;1;1;1;1;119;83;106;
2015-02-09 09:25:57.300235;1;1;1;1;119;83;106;
2015-02-09 09:25:57.316900;1;1;1;1;119;83;106;
2015-02-09 09:25:57.333577;1;1;1;1;119;83;106;
2015-02-09 09:25:57.350241;1;1;1;1;119;83;106;
2015-02-09 09:25:57.366905;1;1;1;1;108;112;106;
2015-02-09 09:25:57.383575;1;1;1;1;108;112;106;
2015-02-09 09:25:57.400239;1;1;1;1;121;112;106;
2015-02-09 09:25:57.416903;1;1;1;1;121;112;106;
2015-02-09 09:25:57.433566;1;1;1;1;121;112;106;
2015-02-09 09:25:57.450233;1;1;1;1;121;112;106;
2015-02-09 09:25:57.466897;1;1;1;1;121;112;106;
2015-02-09 09:25:57.483697;1;1;1;1;120;98;106;
2015-02-09 09:25:57.500235;26;27;1;1;120;98;106;
2015-02-09 09:25:57.516899;26;27;1;1;120;98;106;
2015-02-09 09:25:57.533566;1;1;1;1;120;98;106;
2015-02-09 09:25:57.550228;1;1;1;1;110;112;106;
2015-02-09 09:25:57.566895;1;1;1;1;110;112;106;
2015-02-09 09:25:57.583564;1;1;1;1;110;112;106;
2015-02-09 09:25:57.600229;1;1;1;1;110;112;106;
2015-02-09 09:25:57.616894;1;1;1;1;110;112;106;
2015-02-09 09:25:57.633561;1;1;1;1;86;60;106;
2015-02-09 09:25:57.633759;1;1;1;1;86;60;106;
2015-02-09 09:25:57.666896;1;1;1;1;86;60;106;
2015-02-09 09:25:57.683560;1;1;1;1;86;60;106;
2015-02-09 09:25:57.700226;1;1;1;1;97;68;106;
2015-02-09 09:25:57.716907;1;1;1;1;97;68;106;
2015-02-09 09:25:57.733556;1;1;1;1;97;68;106;
2015-02-09 09:25:57.750223;1;1;1;1;97;68;106;
2015-02-09 09:25:57.766891;1;1;1;1;97;68;106;
2015-02-09 09:25:57.783557;1;27;1;1;95;110;106;
2015-02-09 09:25:57.800220;1;1;1;1;95;110;106;
2015-02-09 09:25:57.816883;1;1;1;1;95;110;106;
2015-02-09 09:25:57.833555;1;1;1;1;95;110;106;
2015-02-09 09:25:57.850218;1;1;1;1;120;91;106;
2015-02-09 09:25:57.866885;1;1;1;1;120;91;106;
2015-02-09 09:25:57.883550;1;1;1;1;120;91;106;
2015-02-09 09:25:57.900222;1;1;1;1;120;91;106;
2015-02-09 09:25:57.916888;1;1;1;1;120;91;106;
2015-02-09 09:25:57.933553;1;1;1;1;120;58;106;
2015-02-09 09:25:57.950213;1;1;1;1;120;58;106;
2015-02-09 09:25:57.966882;1;1;1;22;120;58;106;
2015-02-09 09:25:57.983553;1;1;1;1;120;58;106;
2015-02-09 09:25:58.216;1;1;1;1;120;58;106;
2015-02-09 09:25:58.16877;1;1;1;1;102;90;106;
2015-02-09 09:25:58.33547;26;1;1;1;102;90;106;
2015-02-09 09:25:58.50209;26;1;1;1;102;90;106;
2015-02-09 09:25:58.66875;1;1;1;1;102;90;106;
2015-02-09 09:25:58.83545;1;1;1;1;120;111;106;
2015-02-09 09:25:58.100207;1;1;1;1;120;111;106;
2015-02-09 09:25:58.116880;1;1;1;1;120;111;106;
2015-02-09 09:25:58.133543;1;1;1;1;120;111;106;
2015-02-09 09:25:58.150205;1;1;1;1;120;111;106;
2015-02-09 09:25:58.166884;27;1;1;1;122;110;106;
2015-02-09 09:25:58.183547;1;1;1;1;122;110;106;
2015-02-09 09:25:58.200212;1;1;1;1;122;110;106;
2015-02-09 09:25:58.216872;1;1;1;1;122;110;106;
2015-02-09 09:25:58.233541;1;1;1;1;120;112;106;
2015-02-09 09:25:58.250206;1;1;1;1;120;112;106;
2015-02-09 09:25:58.266872;1;1;1;1;120;112;106;
2015-02-09 09:25:58.283539;1;1;23;1;120;112;106;
2015-02-09 09:25:58.300201;1;1;23;1;120;112;106;
2015-02-09 09:25:58.316872;1;1;11;1;120;110;106;
2015-02-09 09:25:58.333538;1;1;11;1;120;110;106;
2015-02-09 09:25:58.350196;1;26;10;1;120;110;106;
2015-02-09 09:25:58.366867;1;1;7;1;120;110;106;
2015-02-09 09:25:58.383531;1;1;7;1;120;110;106;
2015-02-09 09:25:58.400196;1;1;9;1;120;99;106;
2015-02-09 09:25:58.416861;26;1;9;1;120;99;106;
2015-02-09 09:25:58.433527;26;1;9;1;120;99;106;
2015-02-09 09:25:58.450198;1;1;16;1;120;99;106;
2015-02-09 09:25:58.466865;20;1;15;1;73;64;106;
2015-02-09 09:25:58.483655;20;1;15;1;73;64;106;
2015-02-09 09:25:58.500192;1;1;30;1;73;64;106;
2015-02-09 09:25:58.516862;1;1;1;1;73;64;106;
2015-02-09 09:25:58.533530;1;1;1;1;73;64;106;
2015-02-09 09:25:58.550190;1;1;1;1;120;113;106;
2015-02-09 09:25:58.566861;1;1;1;1;120;113;106;
2015-02-09 09:25:58.583526;1;1;1;1;120;113;106;
2015-02-09 09:25:58.600186;1;1;1;1;120;113;106;
2015-02-09 09:25:58.600389;1;1;1;1;70;67;106;
2015-02-09 09:25:58.633520;1;1;1;1;70;67;106;
2015-02-09 09:25:58.650188;1;1;1;1;70;67;106;
2015-02-09 09:25:58.666855;1;1;1;1;70;67;106;
2015-02-09 09:25:58.683516;1;1;1;1;70;67;106;
2015-02-09 09:25:58.700184;1;27;23;1;120;90;106;
2015-02-09 09:25:58.716854;1;1;1;1;120;90;106;
2015-02-09 09:25:58.733517;1;1;1;1;120;90;106;
2015-02-09 09:25:58.750185;1;1;1;1;120;90;106;
2015-02-09 09:25:58.766852;1;1;1;1;120;90;106;
2015-02-09 09:25:58.783518;1;1;1;1;67;87;106;
2015-02-09 09:25:58.800180;1;1;1;1;67;87;106;
2015-02-09 09:25:58.816844;1;1;1;1;67;87;106;
2015-02-09 09:25:58.833516;1;1;1;1;67;87;106;
2015-02-09 09:25:58.850179;1;1;1;1;115;67;106;
2015-02-09 09:25:58.866843;1;1;1;1;115;67;106;
2015-02-09 09:25:58.883523;1;1;1;1;115;67;106;
2015-02-09 09:25:58.900176;1;1;1;1;115;67;106;
2015-02-09 09:25:58.916845;1;1;1;1;115;67;106;
2015-02-09 09:25:58.933509;1;1;1;1;120;113;106;
2015-02-09 09:25:58.950174;1;1;1;1;120;113;106;
2015-02-09 09:25:58.966840;1;1;1;1;120;113;106;
2015-02-09 09:25:58.983504;1;1;1;1;120;113;106;
2015-02-09 09:25:59.172;1;1;1;1;120;99;106;
2015-02-09 09:25:59.16837;1;1;1;1;120;99;106;
2015-02-09 09:25:59.33508;1;1;30;1;120;99;106;
2015-02-09 09:25:59.50171;1;1;1;1;120;99;106;
2015-02-09 09:25:59.66835;1;1;1;1;120;99;106;
2015-02-09 09:25:59.83504;1;1;1;1;120;75;106;
2015-02-09 09:25:59.100172;1;1;25;1;120;75;106;
2015-02-09 09:25:59.116838;1;1;25;1;120;75;106;
2015-02-09 09:25:59.133499;1;1;26;1;120;75;106;
2015-02-09 09:25:59.150168;1;1;27;1;120;112;106;
2015-02-09 09:25:59.166837;1;1;27;1;120;112;106;
2015-02-09 09:25:59.183508;1;1;29;1;120;112;106;
2015-02-09 09:25:59.200164;1;1;29;1;120;112;106;
2015-02-09 09:25:59.216848;27;1;30;1;120;112;106;
2015-02-09 09:25:59.233507;1;1;27;1;120;61;106;
2015-02-09 09:25:59.250166;1;1;27;1;120;61;106;
2015-02-09 09:25:59.266829;1;27;27;1;120;61;106;
2015-02-09 09:25:59.283495;1;27;25;1;120;61;106;
2015-02-09 09:25:59.283719;1;27;25;1;120;61;106;
2015-02-09 09:25:59.300166;1;1;29;1;56;93;106;
2015-02-09 09:25:59.333497;1;1;28;1;56;93;106;
2015-02-09 09:25:59.350159;1;1;28;1;56;93;106;
2015-02-09 09:25:59.366829;1;1;29;1;56;93;106;
2015-02-09 09:25:59.383493;1;1;1;1;121;93;106;
2015-02-09 09:25:59.400158;1;1;1;1;121;93;106;
2015-02-09 09:25:59.416825;1;1;1;1;121;93;106;
2015-02-09 09:25:59.433492;1;1;1;1;121;93;106;
2015-02-09 09:25:59.450158;1;1;1;1;121;93;106;
2015-02-09 09:25:59.466818;1;28;1;1;120;85;106;
2015-02-09 09:25:59.483630;26;1;1;1;120;85;106;
2015-02-09 09:25:59.500158;26;1;1;1;120;85;106;
2015-02-09 09:25:59.516823;1;1;1;1;120;85;106;
2015-02-09 09:25:59.533488;1;1;1;1;114;72;106;
2015-02-09 09:25:59.550150;1;1;1;1;114;72;106;
2015-02-09 09:25:59.566823;1;1;1;1;114;72;106;
2015-02-09 09:25:59.583488;1;1;1;1;114;72;106;
2015-02-09 09:25:59.600149;1;1;1;1;114;72;106;
2015-02-09 09:25:59.616819;28;28;1;1;122;78;106;
2015-02-09 09:25:59.633481;28;28;1;1;122;78;106;
2015-02-09 09:25:59.650146;1;1;30;1;122;78;106;
2015-02-09 09:25:59.666836;1;1;1;1;122;78;106;
2015-02-09 09:25:59.683485;1;1;1;1;122;78;106;
2015-02-09 09:25:59.700149;1;1;1;1;122;91;106;
2015-02-09 09:25:59.716814;26;1;1;1;122;91;106;
2015-02-09 09:25:59.733477;26;1;1;1;122;91;106;
2015-02-09 09:25:59.750145;1;27;1;1;122;91;106;
2015-02-09 09:25:59.766815;1;28;1;1;120;90;106;
2015-02-09 09:25:59.783473;1;28;1;1;120;90;106;
2015-02-09 09:25:59.800142;1;1;1;1;120;90;106;
2015-02-09 09:25:59.816811;1;1;1;1;120;90;106;
2015-02-09 09:25:59.833477;1;1;1;1;120;90;106;
2015-02-09 09:25:59.850137;1;1;1;1;68;76;106;
2015-02-09 09:25:59.866809;1;1;1;1;68;76;106;
2015-02-09 09:25:59.883471;1;1;1;1;68;76;106;
2015-02-09 09:25:59.900135;1;1;1;1;68;76;106;
2015-02-09 09:25:59.916804;1;1;1;1;120;89;106;
2015-02-09 09:25:59.933468;1;1;1;1;120;89;106;
2015-02-09 09:25:59.950138;1;1;1;1;120;89;106;
2015-02-09 09:25:59.966804;1;1;1;1;120;89;106;
2015-02-09 09:25:59.983465;1;1;1;1;120;89;106;
2015-02-09 09:26:00.136;1;1;1;1;117;72;106;
2015-02-09 09:26:00.16803;1;1;1;1;117;72;106;
2015-02-09 09:26:00.33466;1;1;1;1;117;72;106;
2015-02-09 09:26:00.50134;1;1;1;1;117;72;106;
2015-02-09 09:26:00.66799;1;1;1;1;117;72;106;
2015-02-09 09:26:00.83466;1;1;1;1;63;81;106;
2015-02-09 09:26:00.100129;1;1;1;1;63;81;106;
2015-02-09 09:26:00.116792;1;1;1;1;63;81;106;
2015-02-09 09:26:00.133465;28;28;1;1;63;81;106;
2015-02-09 09:26:00.150129;1;1;1;1;120;111;106;
2015-02-09 09:26:00.166794;1;1;1;1;120;111;106;
2015-02-09 09:26:00.183464;1;1;1;1;120;111;106;
2015-02-09 09:26:00.200126;1;1;1;1;120;111;106;
2015-02-09 09:26:00.216795;1;1;1;1;120;111;106;
2015-02-09 09:26:00.233456;1;1;1;1;102;100;106;
2015-02-09 09:26:00.250126;27;1;1;1;102;100;106;
2015-02-09 09:26:00.266789;27;1;1;1;102;100;106;
2015-02-09 09:26:00.283453;1;28;1;1;102;100;106;
2015-02-09 09:26:00.300123;1;1;1;1;120;65;106;
2015-02-09 09:26:00.316787;1;1;1;1;120;65;106;
2015-02-09 09:26:00.333457;1;1;1;1;120;65;106;
2015-02-09 09:26:00.350122;1;1;1;1;120;65;106;
2015-02-09 09:26:00.366785;1;1;1;1;120;65;106;
2015-02-09 09:26:00.383457;1;1;1;1;122;96;106;
2015-02-09 09:26:00.400119;1;1;24;1;122;96;106;
2015-02-09 09:26:00.416787;1;1;24;1;122;96;106;
2015-02-09 09:26:00.433450;1;1;23;1;122;96;106;
2015-02-09 09:26:00.450114;1;1;23;1;122;96;106;
2015-02-09 09:26:00.466784;1;1;21;1;82;73;106;
2015-02-09 09:26:00.483597;27;1;1;1;82;73;106;
2015-02-09 09:26:00.500111;27;1;1;1;82;73;106;
2015-02-09 09:26:00.516780;1;1;1;1;82;73;106;
2015-02-09 09:26:00.533451;1;1;1;1;121;111;106;
2015-02-09 09:26:00.550114;1;1;1;1;121;111;106;
2015-02-09 09:26:00.566776;1;27;1;1;121;111;106;
2015-02-09 09:26:00.583443;1;1;1;1;121;111;106;
2015-02-09 09:26:00.600108;1;1;1;1;121;111;106;
2015-02-09 09:26:00.616774;1;1;1;1;121;95;106;
2015-02-09 09:26:00.633442;1;1;1;1;121;95;106;
2015-02-09 09:26:00.650107;1;1;1;1;121;95;106;
2015-02-09 09:26:00.666780;1;1;1;1;121;95;106;
2015-02-09 09:26:00.683447;1;1;1;1;116;110;106;
2015-02-09 09:26:00.700105;1;1;1;1;116;110;106;
2015-02-09 09:26:00.716783;1;1;1;1;116;110;106;
2015-02-09 09:26:00.717005;1;1;1;1;116;110;106;
2015-02-09 09:26:00.733451;1;1;1;1;116;110;106;
2015-02-09 09:26:00.750113;1;1;1;1;120;110;106;
2015-02-09 09:26:00.766778;1;1;1;1;120;110;106;
2015-02-09 09:26:00.783445;1;1;1;1;120;110;106;
2015-02-09 09:26:00.816766;1;1;1;1;120;110;106;
2015-02-09 09:26:00.833433;1;1;1;1;119;109;106;
2015-02-09 09:26:00.850097;1;1;1;1;119;109;106;
2015-02-09 09:26:00.866767;1;1;1;1;119;109;106;
2015-02-09 09:26:00.883433;1;1;1;1;119;109;106;
2015-02-09 09:26:00.900095;1;1;1;1;119;109;106;
2015-02-09 09:26:00.916763;1;1;1;1;121;111;106;
2015-02-09 09:26:00.933427;1;1;1;1;121;111;106;
2015-02-09 09:26:00.950092;1;1;1;1;121;111;106;
2015-02-09 09:26:00.966764;1;1;1;1;121;111;106;
2015-02-09 09:26:00.983428;1;1;1;1;121;111;106;
2015-02-09 09:26:01.95;1;1;1;1;120;110;106;
2015-02-09 09:26:01.16766;1;1;1;1;120;110;106;
2015-02-09 09:26:01.33424;1;1;1;1;120;110;106;
2015-02-09 09:26:01.50108;1;1;1;1;120;110;106;
2015-02-09 09:26:01.66761;1;1;1;1;120;65;106;
2015-02-09 09:26:01.83421;1;1;1;1;120;65;106;
2015-02-09 09:26:01.100091;1;1;1;1;120;65;106;
2015-02-09 09:26:01.116756;1;1;1;1;120;65;106;
2015-02-09 09:26:01.133432;1;1;1;1;120;65;106;
2015-02-09 09:26:01.150096;1;27;1;1;121;82;106;
2015-02-09 09:26:01.166777;1;1;1;1;121;82;106;
2015-02-09 09:26:01.183435;1;1;1;1;121;82;106;
2015-02-09 09:26:01.200097;1;1;1;1;121;82;106;
2015-02-09 09:26:01.216756;1;1;1;1;115;110;106;
2015-02-09 09:26:01.233434;1;1;1;1;115;110;106;
2015-02-09 09:26:01.250103;26;1;1;1;115;110;106;
2015-02-09 09:26:01.266762;1;1;1;1;115;110;106;
2015-02-09 09:26:01.283429;1;1;1;1;115;110;106;
2015-02-09 09:26:01.300084;1;1;1;1;120;110;106;
2015-02-09 09:26:01.316758;1;1;1;1;120;110;106;
2015-02-09 09:26:01.333428;1;1;1;1;120;110;106;
2015-02-09 09:26:01.350098;1;1;1;1;120;110;106;
2015-02-09 09:26:01.366758;1;1;1;1;120;110;106;
2015-02-09 09:26:01.383418;1;1;1;1;122;89;106;
2015-02-09 09:26:01.400093;1;27;1;1;122;89;106;
2015-02-09 09:26:01.416747;1;27;1;1;122;89;106;
2015-02-09 09:26:01.416975;1;1;1;1;122;89;106;
2015-02-09 09:26:01.433433;1;1;1;1;121;98;106;
2015-02-09 09:26:01.450099;1;1;1;1;121;98;106;
2015-02-09 09:26:01.466761;1;1;1;1;121;98;106;
2015-02-09 09:26:01.483560;1;1;1;1;121;98;106;
2015-02-09 09:26:01.500087;1;1;1;1;121;98;106;
2015-02-09 09:26:01.516764;1;1;1;1;122;61;106;
2015-02-09 09:26:01.533427;1;1;1;1;122;61;106;
2015-02-09 09:26:01.550092;1;1;1;1;122;61;106;
2015-02-09 09:26:01.566759;1;1;1;1;122;61;106;
2015-02-09 09:26:01.583414;1;1;1;1;104;112;106;
2015-02-09 09:26:01.600088;1;1;1;1;104;112;106;
2015-02-09 09:26:01.616747;1;1;1;1;104;112;106;
2015-02-09 09:26:01.633418;1;27;1;1;104;112;106;
2015-02-09 09:26:01.650081;1;27;1;1;104;112;106;
2015-02-09 09:26:01.666742;1;27;1;1;112;67;106;
2015-02-09 09:26:01.683409;1;1;1;1;112;67;106;
2015-02-09 09:26:01.700079;1;1;1;1;112;67;106;
2015-02-09 09:26:01.716738;1;1;1;1;112;67;106;
2015-02-09 09:26:01.733409;1;1;1;1;120;110;106;
2015-02-09 09:26:01.750077;1;1;1;1;120;110;106;
2015-02-09 09:26:01.766750;1;1;1;1;120;110;106;
2015-02-09 09:26:01.783417;1;1;1;1;120;110;106;
2015-02-09 09:26:01.800080;1;27;1;1;120;110;106;
2015-02-09 09:26:01.816743;1;1;1;1;120;111;106;
2015-02-09 09:26:01.833420;1;1;1;1;120;111;106;
2015-02-09 09:26:01.850081;1;1;1;1;120;111;106;
2015-02-09 09:26:01.866742;1;1;1;1;120;111;106;
2015-02-09 09:26:01.883412;1;1;1;1;120;111;106;
2015-02-09 09:26:01.900074;1;1;1;1;121;90;106;
2015-02-09 09:26:01.916742;1;1;1;1;121;90;106;
2015-02-09 09:26:01.933413;1;1;1;1;121;90;106;
2015-02-09 09:26:01.950070;1;1;1;1;121;90;106;
2015-02-09 09:26:01.966742;1;1;1;1;97;69;106;
2015-02-09 09:26:01.983398;1;1;1;1;97;69;106;
2015-02-09 09:26:02.60;27;1;1;1;97;69;106;
2015-02-09 09:26:02.16735;1;1;1;1;97;69;106;
2015-02-09 09:26:02.33397;1;1;1;1;97;69;106;
2015-02-09 09:26:02.50058;1;1;1;1;121;64;106;
2015-02-09 09:26:02.66726;1;1;1;1;121;64;106;
2015-02-09 09:26:02.83395;1;1;1;1;121;64;106;
2015-02-09 09:26:02.100068;1;1;1;1;121;64;106;
2015-02-09 09:26:02.116727;27;1;1;1;120;86;106;
2015-02-09 09:26:02.133407;27;1;1;1;120;86;106;
2015-02-09 09:26:02.150061;1;1;1;1;120;86;106;
2015-02-09 09:26:02.166733;1;1;1;1;120;86;106;
2015-02-09 09:26:02.183397;1;1;1;1;120;86;106;
2015-02-09 09:26:02.200068;1;1;1;1;106;96;106;
2015-02-09 09:26:02.216745;1;1;1;1;106;96;106;
2015-02-09 09:26:02.233401;1;1;1;1;106;96;106;
2015-02-09 09:26:02.250071;1;1;1;1;106;96;106;
2015-02-09 09:26:02.266730;1;1;1;1;106;96;106;
2015-02-09 09:26:02.283391;1;1;1;1;106;96;106;
2015-02-09 09:26:02.300059;1;1;1;1;106;96;106;
2015-02-09 09:26:02.333389;1;1;1;1;106;96;106;
2015-02-09 09:26:02.350063;30;1;1;1;121;69;106;
2015-02-09 09:26:02.366718;22;1;1;1;97;63;106;
2015-02-09 09:26:02.383416;22;1;1;1;97;63;106;
2015-02-09 09:26:02.400094;1;1;1;1;97;63;106;
2015-02-09 09:26:02.416757;1;1;1;1;97;63;106;
2015-02-09 09:26:02.433440;1;1;1;1;97;63;106;
2015-02-09 09:26:02.450087;23;1;1;1;121;71;106;
2015-02-09 09:26:02.466715;23;1;1;1;121;71;106;
2015-02-09 09:26:02.466925;23;1;1;1;121;71;106;
2015-02-09 09:26:02.483541;27;1;1;1;121;71;106;
2015-02-09 09:26:02.500089;30;1;1;1;121;92;106;
2015-02-09 09:26:02.516743;30;1;1;1;121;92;106;
2015-02-09 09:26:02.533377;29;1;1;1;121;92;106;
2015-02-09 09:26:02.550071;23;1;1;1;121;92;106;
2015-02-09 09:26:02.566747;23;1;1;1;121;92;106;
2015-02-09 09:26:02.583393;28;1;1;1;121;91;106;
2015-02-09 09:26:02.600069;28;1;1;1;121;91;106;
2015-02-09 09:26:02.616713;28;1;1;1;121;91;106;
2015-02-09 09:26:02.633414;1;1;1;1;121;91;106;
2015-02-09 09:26:02.650043;1;1;1;1;121;91;106;
2015-02-09 09:26:02.666750;1;1;1;1;121;112;106;
2015-02-09 09:26:02.700072;23;26;1;1;121;112;106;
2015-02-09 09:26:02.716696;23;26;1;1;121;112;106;
2015-02-09 09:26:02.733383;1;1;1;1;121;112;106;
2015-02-09 09:26:02.750062;24;1;1;1;120;67;106;
2015-02-09 09:26:02.766721;24;1;1;1;120;67;106;
2015-02-09 09:26:02.783387;1;1;1;1;120;67;106;
2015-02-09 09:26:02.800034;1;1;1;1;120;67;106;
2015-02-09 09:26:02.816748;1;1;1;1;120;67;106;
2015-02-09 09:26:02.833360;1;1;1;1;121;63;106;
2015-02-09 09:26:02.833576;1;1;1;1;121;63;106;
2015-02-09 09:26:02.850075;1;1;1;1;121;63;106;
2015-02-09 09:26:02.866735;1;1;1;1;121;63;106;
2015-02-09 09:26:02.900029;1;1;1;1;120;66;106;
2015-02-09 09:26:02.916714;1;1;1;1;120;66;106;
2015-02-09 09:26:02.933382;27;1;1;1;120;66;106;
2015-02-09 09:26:02.933638;27;1;1;1;120;66;106;
2015-02-09 09:26:02.950050;27;1;1;1;120;66;106;
2015-02-09 09:26:02.983369;27;1;1;1;120;64;106;
2015-02-09 09:26:03.63;1;1;1;1;120;64;106;
2015-02-09 09:26:03.16688;1;1;1;1;120;64;106;
2015-02-09 09:26:03.33373;1;1;1;1;120;64;106;
2015-02-09 09:26:03.33614;1;1;1;1;120;64;106;
2015-02-09 09:26:03.66722;1;1;1;1;81;73;106;
2015-02-09 09:26:03.83358;1;1;1;1;81;73;106;
2015-02-09 09:26:03.100034;1;1;1;1;81;73;106;
2015-02-09 09:26:03.100275;1;28;1;1;81;73;106;
2015-02-09 09:26:03.116737;1;1;1;1;120;63;106;
2015-02-09 09:26:03.150050;1;1;1;1;120;63;106;
2015-02-09 09:26:03.166713;1;1;1;1;120;63;106;
2015-02-09 09:26:03.183380;1;1;1;1;120;63;106;
2015-02-09 09:26:03.183637;1;1;1;1;120;63;106;
2015-02-09 09:26:03.200016;1;1;1;1;120;63;106;
2015-02-09 09:26:03.233378;1;1;1;1;120;63;106;
2015-02-09 09:26:03.250047;1;1;1;1;120;63;106;
2015-02-09 09:26:03.266675;27;1;1;1;120;63;106;
2015-02-09 09:26:03.283361;28;28;1;1;120;82;106;
2015-02-09 09:26:03.533323;28;28;1;1;120;82;106;
