1;0;0;0;0;0;0;0;0;0;0;0;0;0;0;0;0;0;0;0;0;0;0;0;0;0;0;0;0;0;0;FP
2;0;0;0;0;687;308;559;58;116;222;205;124;0;0;0;0;0;0;0;0;0;0;0;0;0;0;0;0;0;0;TN
3;0;0;0;0;687;308;560;59;115;222;204;123;451;-151;363;299;101.065;375;0;375;299;90;0;0;0;0;0;0;0;0;TP
4;0;0;0;0;686;307;559;58;115;222;204;123;451;-151;363;299;101.065;375;0;375;299;90;0;0;0;0;0;0;0;0;TP
5;0;0;0;0;687;308;559;58;115;222;204;123;451;-151;363;299;101.065;375;0;375;299;90;0;0;0;0;0;0;0;0;TP
6;0;0;0;0;685;308;560;57;115;222;204;123;453;-153;362;299;101.383;375;0;375;299;90;0;0;0;0;0;0;0;0;TP
7;0;0;0;0;687;307;559;58;115;222;204;123;451;-151;363;299;101.065;375;0;375;299;90;0;0;0;0;0;0;0;0;TP
8;0;0;0;0;687;308;559;58;115;222;204;123;451;-151;363;299;101.065;375;0;375;299;90;0;0;0;0;0;0;0;0;TP
9;0;0;0;0;687;308;559;58;115;222;204;123;451;-151;363;299;101.065;375;0;375;299;90;0;0;0;0;0;0;0;0;TP
10;0;0;0;0;685;308;560;57;115;223;206;124;456;-148;362;299;101.876;375;0;375;299;90;0;0;0;0;0;0;0;0;TP
11;0;0;0;0;686;308;561;57;115;222;204;123;454;-154;363;299;101.359;375;0;375;299;90;0;0;0;0;0;0;0;0;TP
12;0;0;0;0;686;308;561;57;115;222;204;123;454;-154;363;299;101.359;375;0;375;299;90;0;0;0;0;0;0;0;0;TP
13;0;0;0;0;684;308;562;56;115;222;204;123;457;-157;362;299;101.768;375;0;375;299;90;0;0;0;0;0;0;0;0;TP
14;0;0;0;0;684;308;562;56;115;222;204;123;457;-157;362;299;101.768;375;0;375;299;90;0;0;0;0;0;0;0;0;TP
15;0;0;0;0;684;308;562;56;115;222;204;123;457;-157;362;299;101.768;375;0;375;299;90;0;0;0;0;0;0;0;0;TP
16;0;0;0;0;684;308;562;56;115;222;204;123;457;-157;362;299;101.768;375;0;375;299;90;0;0;0;0;0;0;0;0;TP
17;0;0;0;0;687;308;560;57;115;222;204;123;452;-152;363;299;101.163;375;0;375;299;90;0;0;0;0;0;0;0;0;TP
18;0;0;0;0;687;308;561;57;115;221;205;124;457;-151;362;299;101.921;375;0;375;299;90;0;0;0;0;0;0;0;0;TP
19;0;0;0;0;686;309;562;56;115;222;204;123;456;-156;363;299;101.552;375;0;375;299;90;0;0;0;0;0;0;0;0;TP
20;0;0;0;0;684;308;562;56;115;222;204;123;457;-157;362;299;101.768;375;0;375;299;90;0;0;0;0;0;0;0;0;TP
21;0;0;0;0;684;308;562;56;115;222;205;124;460;-153;361;299;102.354;375;0;375;299;90;0;0;0;0;0;0;0;0;TP
22;0;0;0;0;686;309;562;56;115;222;205;124;458;-151;362;299;102.043;375;0;375;299;90;0;0;0;0;0;0;0;0;TP
23;0;0;0;0;686;309;562;56;115;222;205;124;458;-151;362;299;102.043;375;0;375;299;90;0;0;0;0;0;0;0;0;TP
24;0;0;0;0;684;308;562;56;115;221;205;124;460;-154;361;299;102.328;375;0;375;299;90;0;0;0;0;0;0;0;0;TP
25;0;0;0;0;686;308;562;56;115;222;205;124;459;-152;362;299;102.138;375;0;375;299;90;0;0;0;0;0;0;0;0;TP
26;0;0;0;0;686;308;562;56;115;221;205;124;458;-152;362;299;102.017;375;0;375;299;90;0;0;0;0;0;0;0;0;TP
27;0;0;0;0;686;309;562;56;115;221;205;124;458;-152;362;299;102.017;375;0;375;299;90;0;0;0;0;0;0;0;0;TP
28;0;0;0;0;685;309;563;56;115;222;205;124;460;-153;362;299;102.233;375;0;375;299;90;0;0;0;0;0;0;0;0;TP
29;0;0;0;0;685;309;563;56;115;222;205;124;460;-153;362;299;102.233;375;0;375;299;90;0;0;0;0;0;0;0;0;TP
30;0;0;0;0;685;309;563;56;115;222;205;124;460;-153;362;299;102.233;375;0;375;299;90;0;0;0;0;0;0;0;0;TP
31;0;0;0;0;685;309;563;56;115;222;205;124;460;-153;362;299;102.233;375;0;375;299;90;0;0;0;0;0;0;0;0;TP
32;0;0;0;0;686;308;562;56;115;222;205;124;459;-152;362;299;102.138;375;0;375;299;90;0;0;0;0;0;0;0;0;TP
33;0;0;0;0;686;308;562;56;115;222;205;124;459;-152;362;299;102.138;375;0;375;299;90;0;0;0;0;0;0;0;0;TP
34;0;0;0;0;686;308;562;56;115;222;205;124;459;-152;362;299;102.138;375;0;375;299;90;0;0;0;0;0;0;0;0;TP
35;0;0;0;0;687;308;561;57;115;222;205;124;457;-150;363;299;101.824;375;0;375;299;90;0;0;0;0;0;0;0;0;TP
36;0;0;0;0;686;308;562;56;115;222;205;124;459;-152;362;299;102.138;375;0;375;299;90;0;0;0;0;0;0;0;0;TP
37;0;0;0;0;687;308;561;57;115;222;205;124;457;-150;363;299;101.824;375;0;375;299;90;0;0;0;0;0;0;0;0;TP
38;0;0;0;0;686;308;561;57;115;222;205;124;456;-149;362;299;101.85;375;0;375;299;90;0;0;0;0;0;0;0;0;TP
39;0;0;0;0;686;308;561;57;115;222;205;124;456;-149;362;299;101.85;375;0;375;299;90;0;0;0;0;0;0;0;0;TP
40;0;0;0;0;686;308;561;57;115;222;205;124;456;-149;362;299;101.85;375;0;375;299;90;0;0;0;0;0;0;0;0;TP
41;0;0;0;0;686;308;562;56;115;222;205;124;459;-152;362;299;102.138;375;0;375;299;90;0;0;0;0;0;0;0;0;TP
42;0;0;0;0;686;308;561;57;115;222;205;124;456;-149;362;299;101.85;375;0;375;299;90;0;0;0;0;0;0;0;0;TP
43;0;0;0;0;686;308;562;56;115;222;205;124;459;-152;362;299;102.138;375;0;375;299;90;0;0;0;0;0;0;0;0;TP
44;0;0;0;0;686;308;562;56;115;222;205;124;459;-152;362;299;102.138;375;0;375;299;90;0;0;0;0;0;0;0;0;TP
45;0;0;0;0;686;308;562;56;115;222;205;124;459;-152;362;299;102.138;375;0;375;299;90;0;0;0;0;0;0;0;0;TP
46;0;0;0;0;686;308;562;56;115;222;205;124;459;-152;362;299;102.138;375;0;375;299;90;0;0;0;0;0;0;0;0;TP
47;0;0;0;0;686;308;562;56;115;222;205;124;459;-152;362;299;102.138;375;0;375;299;90;0;0;0;0;0;0;0;0;TP
48;0;0;0;0;685;309;563;55;115;222;205;124;461;-154;362;299;102.328;375;0;375;299;90;0;0;0;0;0;0;0;0;TP
49;0;0;0;0;687;308;561;57;115;222;205;124;457;-150;363;299;101.824;375;0;375;299;90;0;0;0;0;0;0;0;0;TP
50;0;0;0;0;686;308;562;56;115;222;205;124;459;-152;362;299;102.138;375;0;375;299;90;0;0;0;0;0;0;0;0;TP
51;0;0;0;0;687;308;561;57;115;222;205;124;457;-150;363;299;101.824;375;0;375;299;90;0;0;0;0;0;0;0;0;TP
52;0;0;0;0;687;308;561;57;115;222;205;124;457;-150;363;299;101.824;375;0;375;299;90;0;0;0;0;0;0;0;0;TP
53;0;0;0;0;686;308;561;57;115;222;205;124;456;-149;362;299;101.85;375;0;375;299;90;0;0;0;0;0;0;0;0;TP
54;0;0;0;0;687;308;561;57;115;222;205;124;457;-150;363;299;101.824;375;0;375;299;90;0;0;0;0;0;0;0;0;TP
55;0;0;0;0;686;308;562;56;115;222;205;124;459;-152;362;299;102.138;375;0;375;299;90;0;0;0;0;0;0;0;0;TP
56;0;0;0;0;686;308;561;57;115;222;205;124;456;-149;362;299;101.85;375;0;375;299;90;0;0;0;0;0;0;0;0;TP
57;0;0;0;0;687;308;561;57;115;222;205;124;457;-150;363;299;101.824;375;0;375;299;90;0;0;0;0;0;0;0;0;TP
58;0;0;0;0;686;308;562;56;115;222;205;124;459;-152;362;299;102.138;375;0;375;299;90;0;0;0;0;0;0;0;0;TP
59;0;0;0;0;686;308;562;56;115;222;205;124;459;-152;362;299;102.138;375;0;375;299;90;0;0;0;0;0;0;0;0;TP
60;0;0;0;0;685;309;563;55;115;222;205;124;461;-154;362;299;102.328;375;0;375;299;90;0;0;0;0;0;0;0;0;TP
61;0;0;0;0;685;309;563;55;115;222;205;124;461;-154;362;299;102.328;375;0;375;299;90;0;0;0;0;0;0;0;0;TP
62;0;0;0;0;686;308;562;56;115;222;205;124;459;-152;362;299;102.138;375;0;375;299;90;0;0;0;0;0;0;0;0;TP
63;0;0;0;0;686;308;561;57;115;222;205;124;456;-149;362;299;101.85;375;0;375;299;90;0;0;0;0;0;0;0;0;TP
64;0;0;0;0;687;308;561;57;115;222;205;124;457;-150;363;299;101.824;375;0;375;299;90;0;0;0;0;0;0;0;0;TP
65;0;0;0;0;686;308;562;56;115;222;205;124;459;-152;362;299;102.138;375;0;375;299;90;0;0;0;0;0;0;0;0;TP
66;0;0;0;0;685;309;563;55;115;222;205;124;461;-154;362;299;102.328;375;0;375;299;90;0;0;0;0;0;0;0;0;TP
67;0;0;0;0;686;308;562;56;115;222;205;124;459;-152;362;299;102.138;375;0;375;299;90;0;0;0;0;0;0;0;0;TP
68;0;0;0;0;685;309;563;55;115;222;205;124;461;-154;362;299;102.328;375;0;375;299;90;0;0;0;0;0;0;0;0;TP
69;0;0;0;0;686;308;562;56;115;222;205;124;459;-152;362;299;102.138;375;0;375;299;90;0;0;0;0;0;0;0;0;TP
70;0;0;0;0;686;308;562;56;115;222;205;124;459;-152;362;299;102.138;375;0;375;299;90;0;0;0;0;0;0;0;0;TP
71;0;0;0;0;685;309;563;55;115;222;205;124;461;-154;362;299;102.328;375;0;375;299;90;0;0;0;0;0;0;0;0;TP
72;0;0;0;0;686;308;562;56;115;222;205;124;459;-152;362;299;102.138;375;0;375;299;90;0;0;0;0;0;0;0;0;TP
73;0;0;0;0;686;308;562;56;115;222;205;124;459;-152;362;299;102.138;375;0;375;299;90;0;0;0;0;0;0;0;0;TP
74;0;0;0;0;686;308;562;56;115;222;205;124;459;-152;362;299;102.138;375;0;375;299;90;0;0;0;0;0;0;0;0;TP
75;0;0;0;0;685;309;563;55;115;222;205;124;461;-154;362;299;102.328;375;0;375;299;90;0;0;0;0;0;0;0;0;TP
76;0;0;0;0;685;309;563;55;115;222;205;124;461;-154;362;299;102.328;375;0;375;299;90;0;0;0;0;0;0;0;0;TP
77;0;0;0;0;686;308;561;57;115;222;205;124;456;-149;362;299;101.85;375;0;375;299;90;0;0;0;0;0;0;0;0;TP
78;0;0;0;0;686;308;561;57;115;222;205;124;456;-149;362;299;101.85;375;0;375;299;90;0;0;0;0;0;0;0;0;TP
79;0;0;0;0;686;308;562;56;115;222;205;124;459;-152;362;299;102.138;375;0;375;299;90;0;0;0;0;0;0;0;0;TP
80;0;0;0;0;686;308;562;56;115;222;205;124;459;-152;362;299;102.138;375;0;375;299;90;0;0;0;0;0;0;0;0;TP
81;0;0;0;0;686;308;562;56;115;222;205;124;459;-152;362;299;102.138;375;0;375;299;90;0;0;0;0;0;0;0;0;TP
82;0;0;0;0;686;308;562;56;115;222;205;124;459;-152;362;299;102.138;375;0;375;299;90;0;0;0;0;0;0;0;0;TP
83;0;0;0;0;686;308;561;57;115;222;205;124;456;-149;362;299;101.85;375;0;375;299;90;0;0;0;0;0;0;0;0;TP
84;0;0;0;0;685;309;563;55;115;222;205;124;461;-154;362;299;102.328;375;0;375;299;90;0;0;0;0;0;0;0;0;TP
85;0;0;0;0;686;308;562;56;115;222;205;124;459;-152;362;299;102.138;375;0;375;299;90;0;0;0;0;0;0;0;0;TP
86;0;0;0;0;684;309;564;55;115;222;205;124;463;-156;361;299;102.635;375;0;375;299;90;0;0;0;0;0;0;0;0;TP
87;0;0;0;0;686;308;562;56;115;222;205;124;459;-152;362;299;102.138;375;0;375;299;90;0;0;0;0;0;0;0;0;TP
88;0;0;0;0;686;308;561;57;115;222;205;124;456;-149;362;299;101.85;375;0;375;299;90;0;0;0;0;0;0;0;0;TP
89;0;0;0;0;684;309;564;55;115;222;205;124;463;-156;361;299;102.635;375;0;375;299;90;0;0;0;0;0;0;0;0;TP
90;0;0;0;0;686;308;562;56;115;222;205;124;459;-152;362;299;102.138;375;0;375;299;90;0;0;0;0;0;0;0;0;TP
91;0;0;0;0;686;308;562;56;115;222;205;124;459;-152;362;299;102.138;375;0;375;299;90;0;0;0;0;0;0;0;0;TP
92;0;0;0;0;686;308;561;57;115;222;205;124;456;-149;362;299;101.85;375;0;375;299;90;0;0;0;0;0;0;0;0;TP
93;0;0;0;0;685;309;563;55;115;222;205;124;461;-154;362;299;102.328;375;0;375;299;90;0;0;0;0;0;0;0;0;TP
94;0;0;0;0;685;309;563;55;115;222;205;124;461;-154;362;299;102.328;375;0;375;299;90;0;0;0;0;0;0;0;0;TP
95;0;0;0;0;686;308;561;57;115;222;205;124;456;-149;362;299;101.85;375;0;375;299;90;0;0;0;0;0;0;0;0;TP
96;0;0;0;0;686;308;562;56;115;222;205;124;459;-152;362;299;102.138;375;0;375;299;90;0;0;0;0;0;0;0;0;TP
97;0;0;0;0;685;309;563;55;115;222;205;124;461;-154;362;299;102.328;375;0;375;299;90;0;0;0;0;0;0;0;0;TP
98;0;0;0;0;685;309;563;55;115;222;205;124;461;-154;362;299;102.328;375;0;375;299;90;0;0;0;0;0;0;0;0;TP
99;0;0;0;0;686;308;562;56;115;222;205;124;459;-152;362;299;102.138;375;0;375;299;90;0;0;0;0;0;0;0;0;TP
100;0;0;0;0;686;308;561;57;115;222;205;124;456;-149;362;299;101.85;375;0;375;299;90;0;0;0;0;0;0;0;0;TP
101;0;0;0;0;686;308;562;56;115;222;205;124;459;-152;362;299;102.138;375;0;375;299;90;0;0;0;0;0;0;0;0;TP
102;0;0;0;0;686;308;561;57;115;222;205;124;456;-149;362;299;101.85;375;0;375;299;90;0;0;0;0;0;0;0;0;TP
103;0;0;0;0;686;308;562;56;115;222;205;124;459;-152;362;299;102.138;375;0;375;299;90;0;0;0;0;0;0;0;0;TP
104;0;0;0;0;685;309;563;55;115;222;205;124;461;-154;362;299;102.328;375;0;375;299;90;0;0;0;0;0;0;0;0;TP
105;0;0;0;0;686;308;562;56;115;222;205;124;459;-152;362;299;102.138;375;0;375;299;90;0;0;0;0;0;0;0;0;TP
106;0;0;0;0;686;308;562;56;115;222;205;124;459;-152;362;299;102.138;375;0;375;299;90;0;0;0;0;0;0;0;0;TP
107;0;0;0;0;686;308;561;57;115;222;205;124;456;-149;362;299;101.85;375;0;375;299;90;0;0;0;0;0;0;0;0;TP
108;0;0;0;0;686;308;561;57;115;222;205;124;456;-149;362;299;101.85;375;0;375;299;90;0;0;0;0;0;0;0;0;TP
109;0;0;0;0;686;308;562;56;115;222;205;124;459;-152;362;299;102.138;375;0;375;299;90;0;0;0;0;0;0;0;0;TP
110;0;0;0;0;686;308;562;56;115;222;205;124;459;-152;362;299;102.138;375;0;375;299;90;0;0;0;0;0;0;0;0;TP
111;0;0;0;0;685;309;563;55;115;222;205;124;461;-154;362;299;102.328;375;0;375;299;90;0;0;0;0;0;0;0;0;TP
112;0;0;0;0;686;308;562;56;115;222;205;124;459;-152;362;299;102.138;375;0;375;299;90;0;0;0;0;0;0;0;0;TP
113;0;0;0;0;686;308;561;57;115;222;205;124;456;-149;362;299;101.85;375;0;375;299;90;0;0;0;0;0;0;0;0;TP
114;0;0;0;0;686;308;562;56;115;222;205;124;459;-152;362;299;102.138;375;0;375;299;90;0;0;0;0;0;0;0;0;TP
115;0;0;0;0;686;308;561;57;115;222;205;124;456;-149;362;299;101.85;375;0;375;299;90;0;0;0;0;0;0;0;0;TP
116;0;0;0;0;686;308;562;56;115;222;205;124;459;-152;362;299;102.138;375;0;375;299;90;0;0;0;0;0;0;0;0;TP
117;0;0;0;0;686;308;562;56;115;222;205;124;459;-152;362;299;102.138;375;0;375;299;90;0;0;0;0;0;0;0;0;TP
118;0;0;0;0;686;308;561;57;115;222;205;124;456;-149;362;299;101.85;375;0;375;299;90;0;0;0;0;0;0;0;0;TP
119;0;0;0;0;686;308;562;56;115;222;205;124;459;-152;362;299;102.138;375;0;375;299;90;0;0;0;0;0;0;0;0;TP
120;0;0;0;0;686;308;562;56;115;222;205;124;459;-152;362;299;102.138;375;0;375;299;90;0;0;0;0;0;0;0;0;TP
121;0;0;0;0;686;308;562;56;115;222;205;124;459;-152;362;299;102.138;375;0;375;299;90;0;0;0;0;0;0;0;0;TP
122;0;0;0;0;686;308;562;56;115;222;205;124;459;-152;362;299;102.138;375;0;375;299;90;0;0;0;0;0;0;0;0;TP
123;0;0;0;0;685;309;563;55;115;222;205;124;461;-154;362;299;102.328;375;0;375;299;90;0;0;0;0;0;0;0;0;TP
124;0;0;0;0;685;309;563;55;115;222;205;124;461;-154;362;299;102.328;375;0;375;299;90;0;0;0;0;0;0;0;0;TP
125;0;0;0;0;686;308;562;56;115;222;205;124;459;-152;362;299;102.138;375;0;375;299;90;0;0;0;0;0;0;0;0;TP
126;0;0;0;0;686;308;562;56;115;222;205;124;459;-152;362;299;102.138;375;0;375;299;90;0;0;0;0;0;0;0;0;TP
127;0;0;0;0;686;308;562;56;115;222;205;124;459;-152;362;299;102.138;375;0;375;299;90;0;0;0;0;0;0;0;0;TP
128;0;0;0;0;686;308;562;56;115;222;205;124;459;-152;362;299;102.138;375;0;375;299;90;0;0;0;0;0;0;0;0;TP
129;0;0;0;0;686;308;562;56;115;222;205;124;459;-152;362;299;102.138;375;0;375;299;90;0;0;0;0;0;0;0;0;TP
130;0;0;0;0;685;309;563;55;115;222;205;124;461;-154;362;299;102.328;375;0;375;299;90;0;0;0;0;0;0;0;0;TP
131;0;0;0;0;686;308;562;56;115;222;205;124;459;-152;362;299;102.138;375;0;375;299;90;0;0;0;0;0;0;0;0;TP
132;0;0;0;0;685;309;563;55;115;222;205;124;461;-154;362;299;102.328;375;0;375;299;90;0;0;0;0;0;0;0;0;TP
133;0;0;0;0;686;308;562;56;115;222;205;124;459;-152;362;299;102.138;375;0;375;299;90;0;0;0;0;0;0;0;0;TP
134;0;0;0;0;686;308;562;56;115;222;205;124;459;-152;362;299;102.138;375;0;375;299;90;0;0;0;0;0;0;0;0;TP
135;0;0;0;0;686;308;561;57;115;222;205;124;456;-149;362;299;101.85;375;0;375;299;90;0;0;0;0;0;0;0;0;TP
136;0;0;0;0;686;308;562;56;115;222;205;124;459;-152;362;299;102.138;375;0;375;299;90;0;0;0;0;0;0;0;0;TP
137;0;0;0;0;686;308;562;56;115;222;205;124;459;-152;362;299;102.138;375;0;375;299;90;0;0;0;0;0;0;0;0;TP
138;0;0;0;0;686;308;562;56;115;222;205;124;459;-152;362;299;102.138;375;0;375;299;90;0;0;0;0;0;0;0;0;TP
139;0;0;0;0;685;309;563;55;115;222;205;124;461;-154;362;299;102.328;375;0;375;299;90;0;0;0;0;0;0;0;0;TP
140;0;0;0;0;686;308;561;57;115;222;205;124;456;-149;362;299;101.85;375;0;375;299;90;0;0;0;0;0;0;0;0;TP
141;0;0;0;0;686;308;561;57;115;222;205;124;456;-149;362;299;101.85;375;0;375;299;90;0;0;0;0;0;0;0;0;TP
142;0;0;0;0;686;308;561;57;115;222;205;124;456;-149;362;299;101.85;375;0;375;299;90;0;0;0;0;0;0;0;0;TP
143;0;0;0;0;686;308;562;56;115;222;205;124;459;-152;362;299;102.138;375;0;375;299;90;0;0;0;0;0;0;0;0;TP
144;0;0;0;0;686;308;561;57;115;222;205;124;456;-149;362;299;101.85;375;0;375;299;90;0;0;0;0;0;0;0;0;TP
145;0;0;0;0;686;308;561;57;115;222;205;124;456;-149;362;299;101.85;375;0;375;299;90;0;0;0;0;0;0;0;0;TP
146;0;0;0;0;686;308;562;56;115;222;205;124;459;-152;362;299;102.138;375;0;375;299;90;0;0;0;0;0;0;0;0;TP
147;0;0;0;0;686;308;562;56;115;222;205;124;459;-152;362;299;102.138;375;0;375;299;90;0;0;0;0;0;0;0;0;TP
148;0;0;0;0;686;308;562;56;115;222;205;124;459;-152;362;299;102.138;375;0;375;299;90;0;0;0;0;0;0;0;0;TP
149;0;0;0;0;686;308;562;56;115;222;205;124;459;-152;362;299;102.138;375;0;375;299;90;0;0;0;0;0;0;0;0;TP
150;0;0;0;0;686;308;562;56;115;222;205;124;459;-152;362;299;102.138;375;0;375;299;90;0;0;0;0;0;0;0;0;TP
151;0;0;0;0;686;308;562;56;115;222;205;124;459;-152;362;299;102.138;375;0;375;299;90;0;0;0;0;0;0;0;0;TP
152;0;0;0;0;686;308;562;56;115;222;205;124;459;-152;362;299;102.138;375;0;375;299;90;0;0;0;0;0;0;0;0;TP
153;0;0;0;0;686;308;562;56;115;222;205;124;459;-152;362;299;102.138;375;0;375;299;90;0;0;0;0;0;0;0;0;TP
154;0;0;0;0;686;308;562;56;115;222;205;124;459;-152;362;299;102.138;375;0;375;299;90;0;0;0;0;0;0;0;0;TP
155;0;0;0;0;686;308;561;57;115;222;205;124;456;-149;362;299;101.85;375;0;375;299;90;0;0;0;0;0;0;0;0;TP
156;0;0;0;0;686;308;562;56;115;222;205;124;459;-152;362;299;102.138;375;0;375;299;90;0;0;0;0;0;0;0;0;TP
157;0;0;0;0;686;308;561;57;115;222;205;124;456;-149;362;299;101.85;375;0;375;299;90;0;0;0;0;0;0;0;0;TP
158;0;0;0;0;685;309;563;55;115;222;205;124;461;-154;362;299;102.328;375;0;375;299;90;0;0;0;0;0;0;0;0;TP
159;0;0;0;0;686;308;561;57;115;222;205;124;456;-149;362;299;101.85;375;0;375;299;90;0;0;0;0;0;0;0;0;TP
160;0;0;0;0;686;308;562;56;115;222;205;124;459;-152;362;299;102.138;375;0;375;299;90;0;0;0;0;0;0;0;0;TP
161;0;0;0;0;686;308;561;57;115;222;205;124;456;-149;362;299;101.85;375;0;375;299;90;0;0;0;0;0;0;0;0;TP
162;0;0;0;0;685;309;563;55;115;222;205;124;461;-154;362;299;102.328;375;0;375;299;90;0;0;0;0;0;0;0;0;TP
163;0;0;0;0;685;309;563;55;115;222;205;124;461;-154;362;299;102.328;375;0;375;299;90;0;0;0;0;0;0;0;0;TP
164;0;0;0;0;686;308;561;57;115;222;205;124;456;-149;362;299;101.85;375;0;375;299;90;0;0;0;0;0;0;0;0;TP
165;0;0;0;0;686;308;561;57;115;222;205;124;456;-149;362;299;101.85;375;0;375;299;90;0;0;0;0;0;0;0;0;TP
166;0;0;0;0;686;308;562;56;115;222;205;124;459;-152;362;299;102.138;375;0;375;299;90;0;0;0;0;0;0;0;0;TP
167;0;0;0;0;686;308;561;57;115;222;205;124;456;-149;362;299;101.85;375;0;375;299;90;0;0;0;0;0;0;0;0;TP
168;0;0;0;0;686;308;561;57;115;222;205;124;456;-149;362;299;101.85;375;0;375;299;90;0;0;0;0;0;0;0;0;TP
169;0;0;0;0;686;308;562;56;115;222;205;124;459;-152;362;299;102.138;375;0;375;299;90;0;0;0;0;0;0;0;0;TP
170;0;0;0;0;686;308;562;56;115;222;205;124;459;-152;362;299;102.138;375;0;375;299;90;0;0;0;0;0;0;0;0;TP
171;0;0;0;0;686;308;562;56;115;222;205;124;459;-152;362;299;102.138;375;0;375;299;90;0;0;0;0;0;0;0;0;TP
172;0;0;0;0;686;308;562;56;115;222;205;124;459;-152;362;299;102.138;375;0;375;299;90;0;0;0;0;0;0;0;0;TP
173;0;0;0;0;686;308;562;56;115;222;205;124;459;-152;362;299;102.138;375;0;375;299;90;0;0;0;0;0;0;0;0;TP
174;0;0;0;0;686;308;562;56;115;222;205;124;459;-152;362;299;102.138;375;0;375;299;90;0;0;0;0;0;0;0;0;TP
175;0;0;0;0;686;308;561;57;115;222;205;124;456;-149;362;299;101.85;375;0;375;299;90;0;0;0;0;0;0;0;0;TP
176;0;0;0;0;686;308;561;57;115;222;205;124;456;-149;362;299;101.85;375;0;375;299;90;0;0;0;0;0;0;0;0;TP
177;0;0;0;0;686;308;562;56;115;222;205;124;459;-152;362;299;102.138;375;0;375;299;90;0;0;0;0;0;0;0;0;TP
178;0;0;0;0;686;308;562;56;115;222;205;124;459;-152;362;299;102.138;375;0;375;299;90;0;0;0;0;0;0;0;0;TP
179;0;0;0;0;685;309;563;55;115;222;205;124;461;-154;362;299;102.328;375;0;375;299;90;0;0;0;0;0;0;0;0;TP
180;0;0;0;0;686;308;562;56;115;222;205;124;459;-152;362;299;102.138;375;0;375;299;90;0;0;0;0;0;0;0;0;TP
181;0;0;0;0;686;308;562;56;115;222;205;124;459;-152;362;299;102.138;375;0;375;299;90;0;0;0;0;0;0;0;0;TP
182;0;0;0;0;686;308;561;57;115;222;205;124;456;-149;362;299;101.85;375;0;375;299;90;0;0;0;0;0;0;0;0;TP
183;0;0;0;0;686;308;562;56;115;222;205;124;459;-152;362;299;102.138;375;0;375;299;90;0;0;0;0;0;0;0;0;TP
184;0;0;0;0;686;308;562;56;115;222;205;124;459;-152;362;299;102.138;375;0;375;299;90;0;0;0;0;0;0;0;0;TP
185;0;0;0;0;686;308;561;57;115;222;205;124;456;-149;362;299;101.85;375;0;375;299;90;0;0;0;0;0;0;0;0;TP
186;0;0;0;0;686;308;562;56;115;222;205;124;459;-152;362;299;102.138;375;0;375;299;90;0;0;0;0;0;0;0;0;TP
187;0;0;0;0;686;308;562;56;115;222;205;124;459;-152;362;299;102.138;375;0;375;299;90;0;0;0;0;0;0;0;0;TP
188;0;0;0;0;686;308;561;57;115;222;205;124;456;-149;362;299;101.85;375;0;375;299;90;0;0;0;0;0;0;0;0;TP
189;0;0;0;0;685;309;563;55;115;222;205;124;461;-154;362;299;102.328;375;0;375;299;90;0;0;0;0;0;0;0;0;TP
190;0;0;0;0;686;308;562;56;115;222;205;124;459;-152;362;299;102.138;375;0;375;299;90;0;0;0;0;0;0;0;0;TP
191;0;0;0;0;686;308;561;57;115;222;205;124;456;-149;362;299;101.85;375;0;375;299;90;0;0;0;0;0;0;0;0;TP
192;0;0;0;0;686;308;562;56;115;222;205;124;459;-152;362;299;102.138;375;0;375;299;90;0;0;0;0;0;0;0;0;TP
193;0;0;0;0;686;308;562;56;115;222;205;124;459;-152;362;299;102.138;375;0;375;299;90;0;0;0;0;0;0;0;0;TP
194;0;0;0;0;686;308;562;56;115;222;205;124;459;-152;362;299;102.138;375;0;375;299;90;0;0;0;0;0;0;0;0;TP
195;0;0;0;0;686;308;561;57;115;222;205;124;456;-149;362;299;101.85;375;0;375;299;90;0;0;0;0;0;0;0;0;TP
196;0;0;0;0;686;308;562;56;115;222;205;124;459;-152;362;299;102.138;375;0;375;299;90;0;0;0;0;0;0;0;0;TP
197;0;0;0;0;686;308;562;56;115;222;205;124;459;-152;362;299;102.138;375;0;375;299;90;0;0;0;0;0;0;0;0;TP
198;0;0;0;0;686;308;561;57;115;222;205;124;456;-149;362;299;101.85;375;0;375;299;90;0;0;0;0;0;0;0;0;TP
199;0;0;0;0;686;308;562;56;115;222;205;124;459;-152;362;299;102.138;375;0;375;299;90;0;0;0;0;0;0;0;0;TP
200;0;0;0;0;686;308;561;57;115;222;205;124;456;-149;362;299;101.85;375;0;375;299;90;0;0;0;0;0;0;0;0;TP
201;0;0;0;0;686;308;562;56;115;222;205;124;459;-152;362;299;102.138;375;0;375;299;90;0;0;0;0;0;0;0;0;TP
202;0;0;0;0;686;308;562;56;115;222;205;124;459;-152;362;299;102.138;375;0;375;299;90;0;0;0;0;0;0;0;0;TP
203;0;0;0;0;686;308;561;57;115;222;205;124;456;-149;362;299;101.85;375;0;375;299;90;0;0;0;0;0;0;0;0;TP
204;0;0;0;0;686;308;562;56;115;222;205;124;459;-152;362;299;102.138;375;0;375;299;90;0;0;0;0;0;0;0;0;TP
205;0;0;0;0;686;308;561;57;115;222;205;124;456;-149;362;299;101.85;375;0;375;299;90;0;0;0;0;0;0;0;0;TP
206;0;0;0;0;685;309;563;55;115;222;205;124;461;-154;362;299;102.328;375;0;375;299;90;0;0;0;0;0;0;0;0;TP
207;0;0;0;0;686;308;562;56;115;222;205;124;459;-152;362;299;102.138;375;0;375;299;90;0;0;0;0;0;0;0;0;TP
208;0;0;0;0;685;309;563;55;115;222;205;124;461;-154;362;299;102.328;375;0;375;299;90;0;0;0;0;0;0;0;0;TP
209;0;0;0;0;686;308;562;56;115;222;205;124;459;-152;362;299;102.138;375;0;375;299;90;0;0;0;0;0;0;0;0;TP
210;0;0;0;0;686;308;562;56;115;222;205;124;459;-152;362;299;102.138;375;0;375;299;90;0;0;0;0;0;0;0;0;TP
211;0;0;0;0;686;308;562;56;115;222;205;124;459;-152;362;299;102.138;375;0;375;299;90;0;0;0;0;0;0;0;0;TP
212;0;0;0;0;686;308;561;57;115;222;205;124;456;-149;362;299;101.85;375;0;375;299;90;0;0;0;0;0;0;0;0;TP
213;0;0;0;0;686;308;562;56;115;222;205;124;459;-152;362;299;102.138;375;0;375;299;90;0;0;0;0;0;0;0;0;TP
214;0;0;0;0;686;308;562;56;115;222;205;124;459;-152;362;299;102.138;375;0;375;299;90;0;0;0;0;0;0;0;0;TP
215;0;0;0;0;686;308;561;57;115;222;205;124;456;-149;362;299;101.85;375;0;375;299;90;0;0;0;0;0;0;0;0;TP
216;0;0;0;0;686;308;561;57;115;222;205;124;456;-149;362;299;101.85;375;0;375;299;90;0;0;0;0;0;0;0;0;TP
217;0;0;0;0;686;308;561;57;115;222;205;124;456;-149;362;299;101.85;375;0;375;299;90;0;0;0;0;0;0;0;0;TP
218;0;0;0;0;686;308;561;57;115;222;205;124;456;-149;362;299;101.85;375;0;375;299;90;0;0;0;0;0;0;0;0;TP
219;0;0;0;0;686;308;562;56;115;222;205;124;459;-152;362;299;102.138;375;0;375;299;90;0;0;0;0;0;0;0;0;TP
220;0;0;0;0;685;309;563;55;115;222;205;124;461;-154;362;299;102.328;375;0;375;299;90;0;0;0;0;0;0;0;0;TP
221;0;0;0;0;686;308;561;57;115;222;205;124;456;-149;362;299;101.85;375;0;375;299;90;0;0;0;0;0;0;0;0;TP
222;0;0;0;0;686;308;562;56;115;222;205;124;459;-152;362;299;102.138;375;0;375;299;90;0;0;0;0;0;0;0;0;TP
223;0;0;0;0;684;308;562;56;115;222;205;124;460;-153;361;299;102.354;375;0;375;299;90;0;0;0;0;0;0;0;0;TP
224;0;0;0;0;686;308;562;56;115;222;205;124;459;-152;362;299;102.138;375;0;375;299;90;0;0;0;0;0;0;0;0;TP
225;0;0;0;0;686;308;562;56;115;222;205;124;459;-152;362;299;102.138;375;0;375;299;90;0;0;0;0;0;0;0;0;TP
226;0;0;0;0;686;308;562;56;115;222;205;124;459;-152;362;299;102.138;375;0;375;299;90;0;0;0;0;0;0;0;0;TP
227;0;0;0;0;686;308;561;57;115;222;205;124;456;-149;362;299;101.85;375;0;375;299;90;0;0;0;0;0;0;0;0;TP
228;0;0;0;0;686;308;561;57;115;222;205;124;456;-149;362;299;101.85;375;0;375;299;90;0;0;0;0;0;0;0;0;TP
229;0;0;0;0;686;308;561;57;115;222;205;124;456;-149;362;299;101.85;375;0;375;299;90;0;0;0;0;0;0;0;0;TP
230;0;0;0;0;686;308;562;56;115;222;205;124;459;-152;362;299;102.138;375;0;375;299;90;0;0;0;0;0;0;0;0;TP
231;0;0;0;0;686;308;561;57;115;222;205;124;456;-149;362;299;101.85;375;0;375;299;90;0;0;0;0;0;0;0;0;TP
232;0;0;0;0;686;308;562;56;115;222;205;124;459;-152;362;299;102.138;375;0;375;299;90;0;0;0;0;0;0;0;0;TP
233;0;0;0;0;686;308;561;57;115;222;205;124;456;-149;362;299;101.85;375;0;375;299;90;0;0;0;0;0;0;0;0;TP
234;0;0;0;0;686;308;562;56;115;222;205;124;459;-152;362;299;102.138;375;0;375;299;90;0;0;0;0;0;0;0;0;TP
235;0;0;0;0;686;308;562;56;115;222;205;124;459;-152;362;299;102.138;375;0;375;299;90;0;0;0;0;0;0;0;0;TP
236;0;0;0;0;685;309;563;55;115;222;205;124;461;-154;362;299;102.328;375;0;375;299;90;0;0;0;0;0;0;0;0;TP
237;0;0;0;0;686;308;562;56;115;222;205;124;459;-152;362;299;102.138;375;0;375;299;90;0;0;0;0;0;0;0;0;TP
238;0;0;0;0;686;308;562;56;115;222;205;124;459;-152;362;299;102.138;375;0;375;299;90;0;0;0;0;0;0;0;0;TP
239;0;0;0;0;686;308;562;56;115;222;205;124;459;-152;362;299;102.138;375;0;375;299;90;0;0;0;0;0;0;0;0;TP
240;0;0;0;0;686;308;562;56;115;222;205;124;459;-152;362;299;102.138;375;0;375;299;90;0;0;0;0;0;0;0;0;TP
241;0;0;0;0;686;308;562;56;115;222;205;124;459;-152;362;299;102.138;375;0;375;299;90;0;0;0;0;0;0;0;0;TP
242;0;0;0;0;686;308;562;56;115;222;205;124;459;-152;362;299;102.138;375;0;375;299;90;0;0;0;0;0;0;0;0;TP
243;0;0;0;0;686;308;562;56;115;222;205;124;459;-152;362;299;102.138;375;0;375;299;90;0;0;0;0;0;0;0;0;TP
244;0;0;0;0;686;308;562;56;115;222;205;124;459;-152;362;299;102.138;375;0;375;299;90;0;0;0;0;0;0;0;0;TP
245;0;0;0;0;686;308;562;56;115;222;205;124;459;-152;362;299;102.138;375;0;375;299;90;0;0;0;0;0;0;0;0;TP
246;0;0;0;0;686;308;561;57;115;222;205;124;456;-149;362;299;101.85;375;0;375;299;90;0;0;0;0;0;0;0;0;TP
247;0;0;0;0;686;308;562;56;115;222;205;124;459;-152;362;299;102.138;375;0;375;299;90;0;0;0;0;0;0;0;0;TP
248;0;0;0;0;686;308;562;56;115;222;205;124;459;-152;362;299;102.138;375;0;375;299;90;0;0;0;0;0;0;0;0;TP
249;0;0;0;0;686;308;562;56;115;222;205;124;459;-152;362;299;102.138;375;0;375;299;90;0;0;0;0;0;0;0;0;TP
250;0;0;0;0;686;308;561;57;115;222;205;124;456;-149;362;299;101.85;375;0;375;299;90;0;0;0;0;0;0;0;0;TP
251;0;0;0;0;686;308;562;56;115;222;205;124;459;-152;362;299;102.138;375;0;375;299;90;0;0;0;0;0;0;0;0;TP
252;0;0;0;0;686;308;562;56;115;222;205;124;459;-152;362;299;102.138;375;0;375;299;90;0;0;0;0;0;0;0;0;TP
253;0;0;0;0;684;309;564;55;115;222;205;124;463;-156;361;299;102.635;375;0;375;299;90;0;0;0;0;0;0;0;0;TP
254;0;0;0;0;686;308;562;56;115;222;205;124;459;-152;362;299;102.138;375;0;375;299;90;0;0;0;0;0;0;0;0;TP
255;0;0;0;0;685;309;563;55;115;222;205;124;461;-154;362;299;102.328;375;0;375;299;90;0;0;0;0;0;0;0;0;TP
256;0;0;0;0;686;308;561;57;115;222;205;124;456;-149;362;299;101.85;375;0;375;299;90;0;0;0;0;0;0;0;0;TP
257;0;0;0;0;686;308;562;56;115;222;205;124;459;-152;362;299;102.138;375;0;375;299;90;0;0;0;0;0;0;0;0;TP
258;0;0;0;0;685;309;563;55;115;222;205;124;461;-154;362;299;102.328;375;0;375;299;90;0;0;0;0;0;0;0;0;TP
259;0;0;0;0;686;308;562;56;115;222;205;124;459;-152;362;299;102.138;375;0;375;299;90;0;0;0;0;0;0;0;0;TP
260;0;0;0;0;686;308;562;56;115;222;205;124;459;-152;362;299;102.138;375;0;375;299;90;0;0;0;0;0;0;0;0;TP
261;0;0;0;0;686;308;562;56;115;222;205;124;459;-152;362;299;102.138;375;0;375;299;90;0;0;0;0;0;0;0;0;TP
262;0;0;0;0;685;309;563;55;115;222;205;124;461;-154;362;299;102.328;375;0;375;299;90;0;0;0;0;0;0;0;0;TP
263;0;0;0;0;686;308;561;57;115;222;205;124;456;-149;362;299;101.85;375;0;375;299;90;0;0;0;0;0;0;0;0;TP
264;0;0;0;0;685;309;563;55;115;222;205;124;461;-154;362;299;102.328;375;0;375;299;90;0;0;0;0;0;0;0;0;TP
265;0;0;0;0;686;308;562;56;115;222;205;124;459;-152;362;299;102.138;375;0;375;299;90;0;0;0;0;0;0;0;0;TP
266;0;0;0;0;686;308;562;56;115;222;205;124;459;-152;362;299;102.138;375;0;375;299;90;0;0;0;0;0;0;0;0;TP
267;0;0;0;0;686;308;562;56;115;222;205;124;459;-152;362;299;102.138;375;0;375;299;90;0;0;0;0;0;0;0;0;TP
268;0;0;0;0;686;308;561;57;115;222;205;124;456;-149;362;299;101.85;375;0;375;299;90;0;0;0;0;0;0;0;0;TP
269;0;0;0;0;686;308;562;56;115;222;205;124;459;-152;362;299;102.138;375;0;375;299;90;0;0;0;0;0;0;0;0;TP
270;0;0;0;0;686;308;561;57;115;222;205;124;456;-149;362;299;101.85;375;0;375;299;90;0;0;0;0;0;0;0;0;TP
271;0;0;0;0;686;308;562;56;115;222;205;124;459;-152;362;299;102.138;375;0;375;299;90;0;0;0;0;0;0;0;0;TP
272;0;0;0;0;686;308;562;56;115;222;205;124;459;-152;362;299;102.138;375;0;375;299;90;0;0;0;0;0;0;0;0;TP
273;0;0;0;0;686;308;562;56;115;222;205;124;459;-152;362;299;102.138;375;0;375;299;90;0;0;0;0;0;0;0;0;TP
274;0;0;0;0;686;308;562;56;115;222;205;124;459;-152;362;299;102.138;375;0;375;299;90;0;0;0;0;0;0;0;0;TP
275;0;0;0;0;686;308;562;56;115;222;205;124;459;-152;362;299;102.138;375;0;375;299;90;0;0;0;0;0;0;0;0;TP
276;0;0;0;0;686;308;561;57;115;222;205;124;456;-149;362;299;101.85;375;0;375;299;90;0;0;0;0;0;0;0;0;TP
277;0;0;0;0;686;308;562;56;115;222;205;124;459;-152;362;299;102.138;375;0;375;299;90;0;0;0;0;0;0;0;0;TP
278;0;0;0;0;686;308;562;56;115;222;205;124;459;-152;362;299;102.138;375;0;375;299;90;0;0;0;0;0;0;0;0;TP
279;0;0;0;0;686;308;562;56;115;222;205;124;459;-152;362;299;102.138;375;0;375;299;90;0;0;0;0;0;0;0;0;TP
280;0;0;0;0;686;308;562;56;115;222;205;124;459;-152;362;299;102.138;375;0;375;299;90;0;0;0;0;0;0;0;0;TP
281;0;0;0;0;686;308;562;56;115;222;205;124;459;-152;362;299;102.138;375;0;375;299;90;0;0;0;0;0;0;0;0;TP
282;0;0;0;0;686;308;562;56;115;222;205;124;459;-152;362;299;102.138;375;0;375;299;90;0;0;0;0;0;0;0;0;TP
283;0;0;0;0;686;308;561;57;115;222;205;124;456;-149;362;299;101.85;375;0;375;299;90;0;0;0;0;0;0;0;0;TP
284;0;0;0;0;686;308;561;57;115;222;205;124;456;-149;362;299;101.85;375;0;375;299;90;0;0;0;0;0;0;0;0;TP
285;0;0;0;0;686;308;562;56;115;222;205;124;459;-152;362;299;102.138;375;0;375;299;90;0;0;0;0;0;0;0;0;TP
286;0;0;0;0;686;308;561;57;115;222;205;124;456;-149;362;299;101.85;375;0;375;299;90;0;0;0;0;0;0;0;0;TP
287;0;0;0;0;686;308;561;57;115;222;205;124;456;-149;362;299;101.85;375;0;375;299;90;0;0;0;0;0;0;0;0;TP
288;0;0;0;0;686;308;562;56;115;222;205;124;459;-152;362;299;102.138;375;0;375;299;90;0;0;0;0;0;0;0;0;TP
289;0;0;0;0;686;308;562;56;115;222;205;124;459;-152;362;299;102.138;375;0;375;299;90;0;0;0;0;0;0;0;0;TP
290;0;0;0;0;685;309;563;55;115;222;205;124;461;-154;362;299;102.328;375;0;375;299;90;0;0;0;0;0;0;0;0;TP
291;0;0;0;0;686;308;562;56;115;222;205;124;459;-152;362;299;102.138;375;0;375;299;90;0;0;0;0;0;0;0;0;TP
292;0;0;0;0;686;308;561;57;115;222;205;124;456;-149;362;299;101.85;375;0;375;299;90;0;0;0;0;0;0;0;0;TP
293;0;0;0;0;685;309;563;55;115;222;205;124;461;-154;362;299;102.328;375;0;375;299;90;0;0;0;0;0;0;0;0;TP
294;0;0;0;0;686;308;561;57;115;222;205;124;456;-149;362;299;101.85;375;0;375;299;90;0;0;0;0;0;0;0;0;TP
295;0;0;0;0;686;308;561;57;115;222;205;124;456;-149;362;299;101.85;375;0;375;299;90;0;0;0;0;0;0;0;0;TP
296;0;0;0;0;685;309;563;55;115;222;205;124;461;-154;362;299;102.328;375;0;375;299;90;0;0;0;0;0;0;0;0;TP
297;0;0;0;0;686;308;562;56;115;222;205;124;459;-152;362;299;102.138;375;0;375;299;90;0;0;0;0;0;0;0;0;TP
298;0;0;0;0;685;309;563;55;115;222;205;124;461;-154;362;299;102.328;375;0;375;299;90;0;0;0;0;0;0;0;0;TP
299;0;0;0;0;686;308;562;56;115;222;205;124;459;-152;362;299;102.138;375;0;375;299;90;0;0;0;0;0;0;0;0;TP
300;0;0;0;0;686;308;562;56;115;222;205;124;459;-152;362;299;102.138;375;0;375;299;90;0;0;0;0;0;0;0;0;TP
301;0;0;0;0;686;308;561;57;115;222;205;124;456;-149;362;299;101.85;375;0;375;299;90;0;0;0;0;0;0;0;0;TP
302;0;0;0;0;686;308;562;56;115;222;205;124;459;-152;362;299;102.138;375;0;375;299;90;0;0;0;0;0;0;0;0;TP
303;0;0;0;0;685;309;563;55;115;222;205;124;461;-154;362;299;102.328;375;0;375;299;90;0;0;0;0;0;0;0;0;TP
304;0;0;0;0;686;308;561;57;115;222;205;124;456;-149;362;299;101.85;375;0;375;299;90;0;0;0;0;0;0;0;0;TP
305;0;0;0;0;686;308;561;57;115;222;205;124;456;-149;362;299;101.85;375;0;375;299;90;0;0;0;0;0;0;0;0;TP
306;0;0;0;0;686;308;561;57;115;222;205;124;456;-149;362;299;101.85;375;0;375;299;90;0;0;0;0;0;0;0;0;TP
307;0;0;0;0;686;308;562;56;115;222;205;124;459;-152;362;299;102.138;375;0;375;299;90;0;0;0;0;0;0;0;0;TP
308;0;0;0;0;686;308;561;57;115;222;205;124;456;-149;362;299;101.85;375;0;375;299;90;0;0;0;0;0;0;0;0;TP
309;0;0;0;0;686;308;561;57;115;222;205;124;456;-149;362;299;101.85;375;0;375;299;90;0;0;0;0;0;0;0;0;TP
310;0;0;0;0;686;308;562;56;115;222;205;124;459;-152;362;299;102.138;375;0;375;299;90;0;0;0;0;0;0;0;0;TP
311;0;0;0;0;686;308;562;56;115;222;205;124;459;-152;362;299;102.138;375;0;375;299;90;0;0;0;0;0;0;0;0;TP
312;0;0;0;0;686;308;562;56;115;222;205;124;459;-152;362;299;102.138;375;0;375;299;90;0;0;0;0;0;0;0;0;TP
313;0;0;0;0;686;308;561;57;115;222;205;124;456;-149;362;299;101.85;375;0;375;299;90;0;0;0;0;0;0;0;0;TP
314;0;0;0;0;686;308;562;56;115;222;205;124;459;-152;362;299;102.138;375;0;375;299;90;0;0;0;0;0;0;0;0;TP
315;0;0;0;0;686;308;561;57;115;222;205;124;456;-149;362;299;101.85;375;0;375;299;90;0;0;0;0;0;0;0;0;TP
316;0;0;0;0;685;309;563;55;115;222;205;124;461;-154;362;299;102.328;375;0;375;299;90;0;0;0;0;0;0;0;0;TP
317;0;0;0;0;686;308;562;56;115;222;205;124;459;-152;362;299;102.138;375;0;375;299;90;0;0;0;0;0;0;0;0;TP
318;0;0;0;0;686;308;562;56;115;222;205;124;459;-152;362;299;102.138;375;0;375;299;90;0;0;0;0;0;0;0;0;TP
319;0;0;0;0;686;308;562;56;115;222;205;124;459;-152;362;299;102.138;375;0;375;299;90;0;0;0;0;0;0;0;0;TP
320;0;0;0;0;685;309;563;55;115;222;205;124;461;-154;362;299;102.328;375;0;375;299;90;0;0;0;0;0;0;0;0;TP
321;0;0;0;0;684;309;564;55;115;222;205;124;463;-156;361;299;102.635;375;0;375;299;90;0;0;0;0;0;0;0;0;TP
322;0;0;0;0;685;309;563;55;115;222;205;124;461;-154;362;299;102.328;375;0;375;299;90;0;0;0;0;0;0;0;0;TP
323;0;0;0;0;686;308;561;57;115;222;205;124;456;-149;362;299;101.85;375;0;375;299;90;0;0;0;0;0;0;0;0;TP
324;0;0;0;0;686;308;562;56;115;222;205;124;459;-152;362;299;102.138;375;0;375;299;90;0;0;0;0;0;0;0;0;TP
325;0;0;0;0;686;308;562;56;115;222;205;124;459;-152;362;299;102.138;375;0;375;299;90;0;0;0;0;0;0;0;0;TP
326;0;0;0;0;686;308;562;56;115;222;205;124;459;-152;362;299;102.138;375;0;375;299;90;0;0;0;0;0;0;0;0;TP
327;0;0;0;0;686;308;561;57;115;222;205;124;456;-149;362;299;101.85;375;0;375;299;90;0;0;0;0;0;0;0;0;TP
328;0;0;0;0;686;308;562;56;115;222;205;124;459;-152;362;299;102.138;375;0;375;299;90;0;0;0;0;0;0;0;0;TP
329;0;0;0;0;685;309;563;55;115;222;205;124;461;-154;362;299;102.328;375;0;375;299;90;0;0;0;0;0;0;0;0;TP
330;0;0;0;0;686;308;562;56;115;222;205;124;459;-152;362;299;102.138;375;0;375;299;90;0;0;0;0;0;0;0;0;TP
331;0;0;0;0;685;309;563;55;115;222;205;124;461;-154;362;299;102.328;375;0;375;299;90;0;0;0;0;0;0;0;0;TP
332;0;0;0;0;686;308;562;56;115;222;205;124;459;-152;362;299;102.138;375;0;375;299;90;0;0;0;0;0;0;0;0;TP
333;0;0;0;0;687;308;561;57;115;222;205;124;457;-150;363;299;101.824;375;0;375;299;90;0;0;0;0;0;0;0;0;TP
334;0;0;0;0;685;309;563;55;115;222;205;124;461;-154;362;299;102.328;375;0;375;299;90;0;0;0;0;0;0;0;0;TP
335;0;0;0;0;685;309;563;55;115;222;205;124;461;-154;362;299;102.328;375;0;375;299;90;0;0;0;0;0;0;0;0;TP
336;0;0;0;0;686;308;562;56;115;222;205;124;459;-152;362;299;102.138;375;0;375;299;90;0;0;0;0;0;0;0;0;TP
337;0;0;0;0;685;309;563;55;115;222;205;124;461;-154;362;299;102.328;375;0;375;299;90;0;0;0;0;0;0;0;0;TP
338;0;0;0;0;685;309;563;55;115;222;205;124;461;-154;362;299;102.328;375;0;375;299;90;0;0;0;0;0;0;0;0;TP
339;0;0;0;0;684;309;564;55;115;222;205;124;463;-156;361;299;102.635;375;0;375;299;90;0;0;0;0;0;0;0;0;TP
340;0;0;0;0;687;308;561;57;115;222;205;124;457;-150;363;299;101.824;375;0;375;299;90;0;0;0;0;0;0;0;0;TP
341;0;0;0;0;686;308;561;57;115;222;205;124;456;-149;362;299;101.85;375;0;375;299;90;0;0;0;0;0;0;0;0;TP
342;0;0;0;0;686;308;562;56;115;222;205;124;459;-152;362;299;102.138;375;0;375;299;90;0;0;0;0;0;0;0;0;TP
343;0;0;0;0;686;308;562;56;115;222;205;124;459;-152;362;299;102.138;375;0;375;299;90;0;0;0;0;0;0;0;0;TP
344;0;0;0;0;686;308;562;56;115;222;205;124;459;-152;362;299;102.138;375;0;375;299;90;0;0;0;0;0;0;0;0;TP
345;0;0;0;0;686;308;562;56;115;221;205;124;458;-152;362;299;102.017;375;0;375;299;90;0;0;0;0;0;0;0;0;TP
346;0;0;0;0;686;308;563;57;115;223;205;125;459;-151;363;299;102.043;375;0;375;299;90;0;0;0;0;0;0;0;0;TP
347;0;0;0;0;686;308;562;56;115;224;206;125;459;-150;363;299;102.069;375;0;375;299;90;0;0;0;0;0;0;0;0;TP
348;0;0;0;0;685;309;563;56;115;224;207;126;463;-146;362;299;102.788;375;0;375;299;90;0;0;0;0;0;0;0;0;TP
349;0;0;0;0;686;309;564;55;116;222;206;124;462;-154;363;299;102.328;375;0;375;299;90;0;0;0;0;0;0;0;0;TP
350;0;0;0;0;686;308;564;56;115;223;205;125;461;-153;363;299;102.233;375;0;375;299;90;0;0;0;0;0;0;0;0;TP
351;0;0;0;0;686;309;564;56;115;223;205;125;461;-153;363;299;102.233;375;0;375;299;90;0;0;0;0;0;0;0;0;TP
352;0;0;0;0;686;308;564;56;115;223;205;125;461;-153;363;299;102.233;375;0;375;299;90;0;0;0;0;0;0;0;0;TP
353;0;0;0;0;686;308;564;56;116;223;206;125;462;-153;363;299;102.354;375;0;375;299;90;0;0;0;0;0;0;0;0;TP
354;0;0;0;0;685;309;566;56;115;225;206;124;462;-160;364;299;102.052;375;0;375;299;90;0;0;0;0;0;0;0;0;TP
355;0;0;0;0;687;308;564;58;114;224;205;126;460;-152;363;299;102.138;375;0;375;299;90;0;0;0;0;0;0;0;0;TP
356;0;0;0;0;685;309;565;57;114;226;205;125;461;-159;364;299;101.958;375;0;375;299;90;0;0;0;0;0;0;0;0;TP
357;0;0;0;0;685;308;566;57;113;228;204;127;462;-158;364;299;102.103;375;0;375;299;90;0;0;0;0;0;0;0;0;TP
358;0;0;0;0;686;308;566;57;111;229;203;127;462;-160;364;299;102.052;375;0;375;299;90;0;0;0;0;0;0;0;0;TP
359;0;0;0;0;685;308;566;58;109;232;201;129;462;-159;364;299;102.078;375;0;375;299;90;0;0;0;0;0;0;0;0;TP
360;0;0;0;0;686;308;566;58;107;234;199;130;459;-163;365;299;101.501;375;0;375;299;90;0;0;0;0;0;0;0;0;TP
361;0;0;0;0;684;308;566;59;103;237;198;133;462;-159;362;299;102.317;375;0;375;299;90;0;0;0;0;0;0;0;0;TP
362;0;0;0;0;684;308;567;59;100;240;195;133;460;-165;363;299;101.808;375;0;375;299;90;0;0;0;0;0;0;0;0;TP
363;0;0;0;0;682;308;569;59;97;244;193;135;462;-174;362;299;101.937;375;0;375;299;90;0;0;0;0;0;0;0;0;TP
364;0;0;0;0;682;308;569;59;93;248;191;138;464;-168;362;299;102.321;375;0;375;299;90;0;0;0;0;0;0;0;0;TP
365;0;0;0;0;681;308;569;60;91;254;188;140;461;-176;364;299;101.542;375;0;375;299;90;0;0;0;0;0;0;0;0;TP
366;0;0;0;0;680;308;572;59;85;257;185;141;466;-184;362;299;102.151;375;0;375;299;90;0;0;0;0;0;0;0;0;TP
367;0;0;0;0;682;307;569;62;81;262;182;145;458;-174;363;299;101.357;375;0;375;299;90;0;0;0;0;0;0;0;0;TP
368;0;0;0;0;680;308;572;62;79;268;181;147;463;-183;364;299;101.607;375;0;375;299;90;0;0;0;0;0;0;0;0;TP
369;0;0;0;0;680;308;574;62;72;272;179;150;468;-183;362;299;102.403;375;0;375;299;90;0;0;0;0;0;0;0;0;TP
370;0;0;0;0;681;307;574;62;69;277;176;152;464;-183;363;299;101.835;375;0;375;299;90;0;0;0;0;0;0;0;0;TP
371;0;0;0;0;682;307;574;63;66;283;173;154;460;-192;365;299;100.95;375;0;375;299;90;0;0;0;0;0;0;0;0;TP
372;0;0;0;0;679;307;579;62;62;288;170;157;469;-209;364;299;101.678;375;0;375;299;90;0;0;0;0;0;0;0;0;TP
373;0;0;0;0;680;307;578;62;58;293;168;159;467;-205;364;299;101.55;375;0;375;299;90;0;0;0;0;0;0;0;0;TP
374;0;0;0;0;680;307;578;64;55;298;165;162;463;-206;365;299;100.982;375;0;375;299;90;0;0;0;0;0;0;0;0;TP
375;0;0;0;0;679;307;579;63;53;300;164;165;468;-205;364;299;101.659;375;0;375;299;90;0;0;0;0;0;0;0;0;TP
376;0;0;0;0;680;307;580;63;53;299;161;166;468;-208;364;299;101.592;375;0;375;299;90;0;0;0;0;0;0;0;0;TP
377;0;0;0;0;677;307;584;62;53;299;160;168;475;-218;362;299;102.329;375;0;375;299;90;0;0;0;0;0;0;0;0;TP
378;0;0;0;0;679;306;582;63;52;299;157;169;469;-220;364;299;101.437;375;0;375;299;90;0;0;0;0;0;0;0;0;TP
379;0;0;0;0;679;307;583;63;52;300;158;172;475;-210;363;299;102.41;375;0;375;299;90;0;0;0;0;0;0;0;0;TP
380;0;0;0;0;679;306;584;63;53;300;156;173;473;-216;364;299;101.95;375;0;375;299;90;0;0;0;0;0;0;0;0;TP
381;0;0;0;0;679;307;585;63;53;301;155;175;475;-220;364;299;102.072;375;0;375;299;90;0;0;0;0;0;0;0;0;TP
382;0;0;0;0;679;306;585;64;53;301;154;176;475;-220;365;299;101.967;375;0;375;299;90;0;0;0;0;0;0;0;0;TP
383;0;0;0;0;679;306;585;64;52;300;153;177;476;-215;364;299;102.293;375;0;375;299;90;0;0;0;0;0;0;0;0;TP
384;0;0;0;0;679;307;585;64;53;301;151;177;471;-227;364;299;101.498;375;0;375;299;90;0;0;0;0;0;0;0;0;TP
385;0;0;0;0;679;306;587;64;54;301;151;178;474;-230;365;299;101.643;375;0;375;299;90;0;0;0;0;0;0;0;0;TP
386;0;0;0;0;680;306;586;65;53;301;151;178;474;-223;365;299;101.795;375;0;375;299;90;0;0;0;0;0;0;0;0;TP
387;0;0;0;0;678;306;587;65;53;301;150;180;475;-224;364;299;101.982;375;0;375;299;90;0;0;0;0;0;0;0;0;TP
388;0;0;0;0;679;306;587;65;53;301;149;181;476;-227;365;299;101.916;375;0;375;299;90;0;0;0;0;0;0;0;0;TP
389;0;0;0;0;678;306;588;64;52;300;150;182;482;-217;363;299;102.987;375;0;375;299;90;0;0;0;0;0;0;0;0;TP
390;0;0;0;0;679;306;589;64;53;301;149;183;481;-225;365;299;102.482;375;0;375;299;90;0;0;0;0;0;0;0;0;TP
391;0;0;0;0;679;306;589;64;52;300;148;184;483;-220;364;299;102.914;375;0;375;299;90;0;0;0;0;0;0;0;0;TP
392;0;0;0;0;678;306;590;65;52;300;147;185;484;-223;363;299;103.051;375;0;375;299;90;0;0;0;0;0;0;0;0;TP
393;0;0;0;0;678;306;590;65;54;301;145;186;480;-236;365;299;102.131;375;0;375;299;90;0;0;0;0;0;0;0;0;TP
394;0;0;0;0;679;306;590;66;53;301;144;188;480;-228;365;299;102.31;375;0;375;299;90;0;0;0;0;0;0;0;0;TP
395;0;0;0;0;680;306;590;66;53;301;142;190;479;-229;365;299;102.184;375;0;375;299;90;0;0;0;0;0;0;0;0;TP
396;0;0;0;0;678;305;593;66;52;300;141;191;486;-232;363;299;103.042;375;0;375;299;90;0;0;0;0;0;0;0;0;TP
397;0;0;0;0;678;306;594;66;53;301;141;196;491;-226;364;299;103.599;375;0;375;299;90;0;0;0;0;0;0;0;0;TP
398;0;0;0;0;680;305;594;67;52;300;136;197;484;-234;364;299;102.688;375;0;375;299;90;0;0;0;0;0;0;0;0;TP
399;0;0;0;0;678;305;596;67;52;300;134;200;491;-235;363;299;103.479;375;0;375;299;90;0;0;0;0;0;0;0;0;TP
400;0;0;0;0;679;305;597;68;53;301;131;205;491;-238;365;299;103.205;375;0;375;299;90;0;0;0;0;0;0;0;0;TP
401;0;0;0;0;678;305;599;68;53;301;128;209;496;-235;364;299;103.885;375;0;375;299;90;0;0;0;0;0;0;0;0;TP
402;0;0;0;0;680;305;598;69;53;301;124;214;492;-235;365;299;103.378;375;0;375;299;90;0;0;0;0;0;0;0;0;TP
403;0;0;0;0;678;305;601;69;52;301;122;218;502;-226;364;299;104.727;375;0;375;299;90;0;0;0;0;0;0;0;0;TP
404;0;0;0;0;679;304;601;70;52;301;116;221;493;-250;365;299;103.124;375;0;375;299;90;0;0;0;0;0;0;0;0;TP
405;0;0;0;0;678;304;604;70;52;301;112;227;501;-252;364;299;103.963;375;0;375;299;90;0;0;0;0;0;0;0;0;TP
406;0;0;0;0;678;304;604;71;52;301;108;232;499;-257;364;299;103.648;375;0;375;299;90;0;0;0;0;0;0;0;0;TP
407;0;0;0;0;680;304;604;72;51;301;101;237;493;-264;365;299;102.809;375;0;375;299;90;0;0;0;0;0;0;0;0;TP
408;0;0;0;0;676;304;609;71;51;300;96;245;511;-259;362;299;104.951;375;0;375;299;90;0;0;0;0;0;0;0;0;TP
409;0;0;0;0;679;304;609;72;51;301;91;251;506;-267;364;299;104.084;375;0;375;299;90;0;0;0;0;0;0;0;0;TP
410;0;0;0;0;678;303;610;73;51;301;85;257;504;-285;364;299;103.481;375;0;375;299;90;0;0;0;0;0;0;0;0;TP
411;0;0;0;0;680;303;611;74;50;300;79;266;511;-253;364;299;104.912;375;0;375;299;90;0;0;0;0;0;0;0;0;TP
412;0;0;0;0;679;303;614;74;51;301;73;272;510;-283;364;299;104.083;375;0;375;299;90;0;0;0;0;0;0;0;0;TP
413;0;0;0;0;680;303;614;74;51;300;66;281;513;-277;364;299;104.503;375;0;375;299;90;0;0;0;0;0;0;0;0;TP
414;0;0;0;0;681;303;616;75;187;159;285;95;567;-89;326;299;121.846;375;0;375;299;90;0;0;0;0;0;0;0;0;TP
415;0;0;0;0;680;303;618;77;183;162;282;97;571;-94;327;299;121.835;375;0;375;299;90;0;0;0;0;0;0;0;0;TP
416;0;0;0;0;682;303;620;78;180;168;281;100;572;-93;332;299;121.477;375;0;375;299;90;0;0;0;0;0;0;0;0;TP
417;0;0;0;0;683;303;619;79;176;171;279;100;568;-98;335;299;120.409;375;0;375;299;90;0;0;0;0;0;0;0;0;TP
418;0;0;0;0;683;302;623;80;171;176;277;104;575;-98;336;299;121.049;375;0;375;299;90;0;0;0;0;0;0;0;0;TP
419;0;0;0;0;684;302;626;80;167;180;272;104;575;-112;342;299;119.549;375;0;375;299;90;0;0;0;0;0;0;0;0;TP
420;0;0;0;0;685;302;627;82;162;186;271;106;575;-114;345;299;119.113;375;0;375;299;90;0;0;0;0;0;0;0;0;TP
421;0;0;0;0;685;302;629;81;157;190;268;109;578;-118;346;299;119.09;375;0;375;299;90;0;0;0;0;0;0;0;0;TP
422;0;0;0;0;685;301;630;83;151;196;265;111;577;-117;347;299;118.938;375;0;375;299;90;0;0;0;0;0;0;0;0;TP
423;0;0;0;0;686;301;632;84;146;202;261;115;579;-126;351;299;118.212;375;0;375;299;90;0;0;0;0;0;0;0;0;TP
424;0;0;0;0;688;301;634;84;139;208;259;118;582;-124;352;299;118.534;375;0;375;299;90;0;0;0;0;0;0;0;0;TP
425;0;0;0;0;688;301;635;86;134;213;254;121;580;-128;354;299;117.891;375;0;375;299;90;0;0;0;0;0;0;0;0;TP
426;0;0;0;0;690;301;636;85;127;220;251;123;582;-132;356;299;117.671;375;0;375;299;90;0;0;0;0;0;0;0;0;TP
427;0;0;0;0;689;301;639;85;121;227;247;127;586;-142;359;299;117.237;375;0;375;299;90;0;0;0;0;0;0;0;0;TP
428;0;0;0;0;689;301;641;86;114;234;243;131;589;-145;360;299;117.283;375;0;375;299;90;0;0;0;0;0;0;0;0;TP
429;0;0;0;0;691;301;641;86;107;241;238;134;585;-150;363;299;116.309;375;0;375;299;90;0;0;0;0;0;0;0;0;TP
430;0;0;0;0;694;301;642;88;101;247;234;138;583;-148;365;299;115.998;375;0;375;299;90;0;0;0;0;0;0;0;0;TP
431;0;0;0;0;694;300;644;89;94;254;230;140;585;-157;366;299;115.653;375;0;375;299;90;0;0;0;0;0;0;0;0;TP
432;0;0;0;0;696;300;646;89;87;262;225;144;586;-164;369;299;115.112;375;0;375;299;90;0;0;0;0;0;0;0;0;TP
433;0;0;0;0;695;300;649;89;80;271;222;149;593;-169;370;299;115.478;375;0;375;299;90;0;0;0;0;0;0;0;0;TP
434;0;0;0;0;697;301;649;90;73;278;217;152;588;-172;372;299;114.636;375;0;375;299;90;0;0;0;0;0;0;0;0;TP
435;0;0;0;0;696;300;652;90;65;285;210;156;594;-186;372;299;114.595;375;0;375;299;90;0;0;0;0;0;0;0;0;TP
436;0;0;0;0;698;300;650;93;57;293;205;161;587;-179;373;299;114.118;375;0;375;299;90;0;0;0;0;0;0;0;0;TP
437;0;0;0;0;697;300;653;91;52;299;199;166;593;-190;373;299;114.223;375;0;375;299;90;0;0;0;0;0;0;0;0;TP
438;0;0;0;0;697;300;655;90;53;300;193;172;597;-197;375;299;114.112;375;0;375;299;90;0;0;0;0;0;0;0;0;TP
439;0;0;0;0;697;300;657;92;54;299;186;177;600;-206;374;299;114.11;375;0;375;299;90;0;0;0;0;0;0;0;0;TP
440;0;0;0;0;697;300;659;93;55;301;180;184;603;-212;376;299;113.952;375;0;375;299;90;0;0;0;0;0;0;0;0;TP
441;0;0;0;0;700;300;658;93;55;301;174;193;598;-195;378;299;114.006;375;0;375;299;90;0;0;0;0;0;0;0;0;TP
442;0;0;0;0;698;300;662;94;57;301;165;199;607;-218;378;299;113.89;375;0;375;299;90;0;0;0;0;0;0;0;0;TP
443;0;0;0;0;702;299;662;95;58;301;156;209;602;-209;381;299;113.511;375;0;375;299;90;0;0;0;0;0;0;0;0;TP
444;0;0;0;0;703;299;663;96;59;301;147;219;603;-205;382;299;113.677;375;0;375;299;90;0;0;0;0;0;0;0;0;TP
445;0;0;0;0;0;0;0;0;60;301;138;228;429;-49;389;299;96.5569;375;0;375;299;90;0;0;0;0;0;0;0;0;TP
446;0;0;0;0;0;0;0;0;62;301;127;238;424;-50;391;299;95.4016;375;0;375;299;90;0;0;0;0;0;0;0;0;TP
447;0;0;0;0;0;0;0;0;63;301;117;249;427;-49;392;299;95.7432;375;0;375;299;90;0;0;0;0;0;0;0;0;TP
448;0;0;0;0;0;0;0;0;65;301;106;262;433;-49;394;299;96.3944;375;0;375;299;90;0;0;0;0;0;0;0;0;TP
449;0;0;0;0;0;0;0;0;67;300;95;275;439;-45;398;299;96.7968;375;0;375;299;90;0;0;0;0;0;0;0;0;TP
450;0;0;0;0;0;0;0;0;242;156;347;97;496;12;335;299;119.291;375;0;375;299;90;0;0;0;0;0;0;0;0;TP
451;0;0;0;0;0;0;0;0;237;161;343;100;500;10;342;299;118.666;375;0;375;299;90;0;0;0;0;0;0;0;0;TP
452;0;0;0;0;0;0;0;0;230;168;338;102;503;1;357;299;116.102;375;0;375;299;90;0;0;0;0;0;0;0;0;TP
453;0;0;0;0;0;0;0;0;222;174;336;106;506;4;354;299;117.26;375;0;375;299;90;0;0;0;0;0;0;0;0;TP
454;0;0;0;0;0;0;0;0;215;181;331;108;508;0;366;299;115.404;375;0;375;299;90;0;0;0;0;0;0;0;0;TP
455;0;0;0;0;0;0;0;0;207;188;327;112;511;-4;371;299;114.799;375;0;375;299;90;0;0;0;0;0;0;0;0;TP
456;0;0;0;0;0;0;0;0;198;196;322;116;512;-6;378;299;113.718;375;0;375;299;90;0;0;0;0;0;0;0;0;TP
457;0;0;0;0;0;0;0;0;189;204;315;120;511;-10;386;299;112.025;375;0;375;299;90;0;0;0;0;0;0;0;0;TP
458;0;0;0;0;0;0;0;0;403;81;468;64;245;124;-36;299;148.086;375;0;375;299;90;0;0;0;0;0;0;0;0;TP
459;0;0;0;0;0;0;0;0;398;84;466;64;299;113;28;299;145.536;375;0;375;299;90;0;0;0;0;0;0;0;0;TP
460;0;0;0;0;0;0;0;0;396;86;463;66;303;113;32;299;145.536;375;0;375;299;90;0;0;0;0;0;0;0;0;TP
461;0;0;0;0;0;0;0;0;397;89;464;67;365;99;105;299;142.431;375;0;375;299;90;0;0;0;0;0;0;0;0;TP
462;0;0;0;0;0;0;0;0;147;256;293;144;517;-28;426;299;105.551;375;0;375;299;90;0;0;0;0;0;0;0;0;TP
463;0;0;0;0;0;0;0;0;144;270;296;149;525;-30;442;299;104.159;375;0;375;299;90;0;0;0;0;0;0;0;0;TP
464;0;0;0;0;0;0;0;0;140;281;299;156;536;-30;452;299;104.323;375;0;375;299;90;0;0;0;0;0;0;0;0;TP
465;138;297;300;162;0;0;0;0;418;104;488;78;488;78;248;299;137.36;375;0;375;299;90;0;0;0;0;0;0;0;0;TP
466;142;302;301;170;0;0;0;0;421;109;492;77;555;49;346;299;129.896;375;0;375;299;90;0;0;0;0;0;0;0;0;TP
467;0;0;0;0;0;0;0;0;150;303;300;181;565;-34;486;299;103.346;375;0;375;299;90;0;0;0;0;0;0;0;0;TP
468;0;0;0;0;0;0;0;0;155;303;294;190;570;-34;491;299;103.346;375;0;375;299;90;0;0;0;0;0;0;0;0;TP
469;0;0;0;0;0;0;0;0;161;303;287;199;572;-36;497;299;102.619;375;0;375;299;90;0;0;0;0;0;0;0;0;TP
470;0;0;0;0;0;0;0;0;167;304;278;209;567;-38;504;299;100.589;375;0;375;299;90;0;0;0;0;0;0;0;0;TP
471;0;0;0;0;0;0;0;0;172;304;270;218;567;-42;507;299;99.9792;375;0;375;299;90;0;0;0;0;0;0;0;0;TP
472;0;0;0;0;0;0;0;0;177;304;263;229;570;-43;512;299;99.6253;375;0;375;299;90;0;0;0;0;0;0;0;0;TP
473;0;0;0;0;0;0;0;0;182;304;255;241;579;-39;519;299;100.066;375;0;375;299;90;0;0;0;0;0;0;0;0;TP
474;0;0;0;0;0;0;0;0;186;304;245;252;574;-43;521;299;98.8091;375;0;375;299;90;0;0;0;0;0;0;0;0;TP
475;0;0;0;0;0;0;0;0;188;304;231;264;571;-44;523;299;97.9663;375;0;375;299;90;0;0;0;0;0;0;0;0;TP
476;0;0;0;0;0;0;0;0;383;156;475;101;637;4;484;299;117.413;375;0;375;299;90;0;0;0;0;0;0;0;0;TP
477;0;0;0;0;0;0;0;0;374;161;471;106;636;11;477;299;118.902;375;0;375;299;90;0;0;0;0;0;0;0;0;TP
478;0;0;0;0;0;0;0;0;365;168;465;108;639;3;488;299;117.028;375;0;375;299;90;0;0;0;0;0;0;0;0;TP
479;0;0;0;0;0;0;0;0;355;174;459;111;637;0;493;299;115.716;375;0;375;299;90;0;0;0;0;0;0;0;0;TP
480;0;0;0;0;0;0;0;0;345;182;452;113;637;-7;504;299;113.492;375;0;375;299;90;0;0;0;0;0;0;0;0;TP
481;0;0;0;0;0;0;0;0;334;190;444;116;633;-11;511;299;111.482;375;0;375;299;90;0;0;0;0;0;0;0;0;TP
482;0;0;0;0;0;0;0;0;323;198;436;119;629;-15;517;299;109.631;375;0;375;299;90;0;0;0;0;0;0;0;0;TP
483;0;0;0;0;0;0;0;0;312;207;429;124;631;-18;518;299;109.619;375;0;375;299;90;0;0;0;0;0;0;0;0;TP
484;0;0;0;0;0;0;0;0;298;218;419;129;625;-23;525;299;107.253;375;0;375;299;90;0;0;0;0;0;0;0;0;TP
485;0;0;0;0;0;0;0;0;283;229;410;135;625;-22;524;299;107.466;375;0;375;299;90;0;0;0;0;0;0;0;0;TP
486;0;0;0;0;0;0;0;0;269;240;399;139;618;-28;527;299;105.551;375;0;375;299;90;0;0;0;0;0;0;0;0;TP
487;0;0;0;0;0;0;0;0;252;253;385;140;594;-37;529;299;100.949;375;0;375;299;90;0;0;0;0;0;0;0;0;TP
488;0;0;0;0;0;0;0;0;236;267;378;149;601;-36;529;299;102.13;375;0;375;299;90;0;0;0;0;0;0;0;0;TP
489;0;0;0;0;0;0;0;0;221;281;366;153;590;-42;530;299;99.9792;375;0;375;299;90;0;0;0;0;0;0;0;0;TP
490;0;0;0;0;0;0;0;0;204;293;357;158;585;-43;527;299;99.6253;375;0;375;299;90;0;0;0;0;0;0;0;0;TP
491;190;302;343;158;0;0;0;0;442;103;505;77;548;58;327;299;132.521;375;0;375;299;90;0;0;0;0;0;0;0;0;TP
492;0;0;0;0;0;0;0;0;186;304;331;165;555;-49;518;299;96.069;375;0;375;299;90;0;0;0;0;0;0;0;0;TP
493;0;0;0;0;0;0;0;0;184;304;322;170;549;-50;516;299;95.4016;375;0;375;299;90;0;0;0;0;0;0;0;0;TP
494;0;0;0;0;0;0;0;0;182;305;316;180;560;-44;518;299;96.9811;375;0;375;299;90;0;0;0;0;0;0;0;0;TP
495;0;0;0;0;0;0;0;0;180;303;302;183;539;-50;511;299;94.587;375;0;375;299;90;0;0;0;0;0;0;0;0;TP
496;0;0;0;0;0;0;0;0;178;304;296;192;550;-49;510;299;96.5569;375;0;375;299;90;0;0;0;0;0;0;0;0;TP
497;0;0;0;0;0;0;0;0;177;304;291;196;550;-49;509;299;96.7194;375;0;375;299;90;0;0;0;0;0;0;0;0;TP
498;0;0;0;0;0;0;0;0;177;304;284;201;544;-49;509;299;95.7432;375;0;375;299;90;0;0;0;0;0;0;0;0;TP
499;0;0;0;0;0;0;0;0;177;304;280;205;545;-49;509;299;95.9062;375;0;375;299;90;0;0;0;0;0;0;0;0;TP
500;0;0;0;0;0;0;0;0;177;304;277;207;539;-50;509;299;94.9131;375;0;375;299;90;0;0;0;0;0;0;0;0;TP
501;0;0;0;0;0;0;0;0;177;304;274;208;535;-54;507;299;94.5352;375;0;375;299;90;0;0;0;0;0;0;0;0;TP
502;0;0;0;0;0;0;0;0;177;304;272;211;539;-50;509;299;94.9131;375;0;375;299;90;0;0;0;0;0;0;0;0;TP
503;0;0;0;0;0;0;0;0;176;304;272;210;538;-50;508;299;94.9131;375;0;375;299;90;0;0;0;0;0;0;0;0;TP
504;0;0;0;0;0;0;0;0;177;304;272;211;539;-50;509;299;94.9131;375;0;375;299;90;0;0;0;0;0;0;0;0;TP
505;0;0;0;0;0;0;0;0;177;304;273;210;539;-50;509;299;94.9131;375;0;375;299;90;0;0;0;0;0;0;0;0;TP
506;0;0;0;0;0;0;0;0;177;304;273;210;539;-50;509;299;94.9131;375;0;375;299;90;0;0;0;0;0;0;0;0;TP
507;0;0;0;0;0;0;0;0;177;304;273;210;539;-50;509;299;94.9131;375;0;375;299;90;0;0;0;0;0;0;0;0;TP
508;0;0;0;0;0;0;0;0;177;304;273;210;539;-50;509;299;94.9131;375;0;375;299;90;0;0;0;0;0;0;0;0;TP
509;0;0;0;0;0;0;0;0;177;304;273;210;539;-50;509;299;94.9131;375;0;375;299;90;0;0;0;0;0;0;0;0;TP
510;0;0;0;0;0;0;0;0;179;304;273;211;537;-54;509;299;94.5352;375;0;375;299;90;0;0;0;0;0;0;0;0;TP
511;0;0;0;0;0;0;0;0;179;304;272;212;537;-54;509;299;94.5352;375;0;375;299;90;0;0;0;0;0;0;0;0;TP
512;0;0;0;0;0;0;0;0;179;304;271;214;541;-50;511;299;94.9131;375;0;375;299;90;0;0;0;0;0;0;0;0;TP
513;0;0;0;0;0;0;0;0;180;304;270;216;542;-49;512;299;94.9271;375;0;375;299;90;0;0;0;0;0;0;0;0;TP
514;0;0;0;0;0;0;0;0;180;304;267;218;538;-54;510;299;94.5352;375;0;375;299;90;0;0;0;0;0;0;0;0;TP
515;0;0;0;0;0;0;0;0;179;304;264;220;537;-54;509;299;94.5352;375;0;375;299;90;0;0;0;0;0;0;0;0;TP
516;0;0;0;0;0;0;0;0;180;304;260;224;538;-54;510;299;94.5352;375;0;375;299;90;0;0;0;0;0;0;0;0;TP
517;0;0;0;0;0;0;0;0;179;304;255;228;537;-54;509;299;94.5352;375;0;375;299;90;0;0;0;0;0;0;0;0;TP
518;0;0;0;0;0;0;0;0;179;304;249;233;537;-54;509;299;94.5352;375;0;375;299;90;0;0;0;0;0;0;0;0;TP
519;0;0;0;0;0;0;0;0;179;304;242;239;526;-53;508;299;92.9273;375;0;375;299;90;0;0;0;0;0;0;0;0;TP
520;0;0;0;0;0;0;0;0;178;304;234;246;524;-54;507;299;92.7572;375;0;375;299;90;0;0;0;0;0;0;0;0;TP
521;0;0;0;0;0;0;0;0;177;304;224;255;521;-54;506;299;92.4332;375;0;375;299;90;0;0;0;0;0;0;0;0;TP
522;0;0;0;0;0;0;0;0;177;303;214;265;517;-54;505;299;91.947;375;0;375;299;90;0;0;0;0;0;0;0;0;TP
523;0;0;0;0;0;0;0;0;349;151;438;98;595;3;444;299;117.028;375;0;375;299;90;0;0;0;0;0;0;0;0;TP
524;0;0;0;0;0;0;0;0;342;156;434;101;596;4;443;299;117.413;375;0;375;299;90;0;0;0;0;0;0;0;0;TP
525;0;0;0;0;0;0;0;0;335;163;428;102;597;-7;466;299;113.176;375;0;375;299;90;0;0;0;0;0;0;0;0;TP
526;0;0;0;0;0;0;0;0;326;169;422;105;595;-10;470;299;112.025;375;0;375;299;90;0;0;0;0;0;0;0;0;TP
527;0;0;0;0;0;0;0;0;318;176;415;108;593;-14;480;299;109.851;375;0;375;299;90;0;0;0;0;0;0;0;0;TP
528;0;0;0;0;0;0;0;0;309;182;410;113;594;-13;478;299;110.395;375;0;375;299;90;0;0;0;0;0;0;0;0;TP
529;0;0;0;0;0;0;0;0;300;192;404;115;592;-22;491;299;107.466;375;0;375;299;90;0;0;0;0;0;0;0;0;TP
530;0;0;0;0;0;0;0;0;289;199;399;119;592;-21;488;299;108.004;375;0;375;299;90;0;0;0;0;0;0;0;0;TP
531;0;0;0;0;0;0;0;0;278;209;390;123;587;-28;495;299;105.714;375;0;375;299;90;0;0;0;0;0;0;0;0;TP
532;0;0;0;0;0;0;0;0;265;219;383;128;584;-29;497;299;104.855;375;0;375;299;90;0;0;0;0;0;0;0;0;TP
533;0;0;0;0;0;0;0;0;253;230;374;131;578;-35;500;299;103.145;375;0;375;299;90;0;0;0;0;0;0;0;0;TP
534;0;0;0;0;0;0;0;0;239;241;366;138;579;-35;499;299;103.47;375;0;375;299;90;0;0;0;0;0;0;0;0;TP
535;0;0;0;0;0;0;0;0;226;253;358;143;574;-37;502;299;102.095;375;0;375;299;90;0;0;0;0;0;0;0;0;TP
536;0;0;0;0;0;0;0;0;211;265;348;148;566;-38;503;299;100.589;375;0;375;299;90;0;0;0;0;0;0;0;0;TP
537;0;0;0;0;0;0;0;0;198;279;337;151;548;-45;506;299;96.961;375;0;375;299;90;0;0;0;0;0;0;0;0;TP
538;0;0;0;0;0;0;0;0;184;292;325;154;531;-50;503;299;94.587;375;0;375;299;90;0;0;0;0;0;0;0;0;TP
539;0;0;0;0;0;0;0;0;172;304;320;165;550;-48;504;299;97.5514;375;0;375;299;90;0;0;0;0;0;0;0;0;TP
540;0;0;0;0;0;0;0;0;170;304;310;171;544;-48;502;299;96.9014;375;0;375;299;90;0;0;0;0;0;0;0;0;TP
541;0;0;0;0;0;0;0;0;169;304;300;179;539;-49;501;299;96.2317;375;0;375;299;90;0;0;0;0;0;0;0;0;TP
542;0;0;0;0;0;0;0;0;168;303;290;187;538;-48;499;299;96.4127;375;0;375;299;90;0;0;0;0;0;0;0;0;TP
543;0;0;0;0;0;0;0;0;167;304;277;194;525;-54;497;299;94.5352;375;0;375;299;90;0;0;0;0;0;0;0;0;TP
544;0;0;0;0;0;0;0;0;166;303;265;204;523;-54;495;299;94.5352;375;0;375;299;90;0;0;0;0;0;0;0;0;TP
545;0;0;0;0;0;0;0;0;166;303;252;215;515;-54;494;299;93.4045;375;0;375;299;90;0;0;0;0;0;0;0;0;TP
546;0;0;0;0;0;0;0;0;165;303;240;226;513;-54;493;299;93.2428;375;0;375;299;90;0;0;0;0;0;0;0;0;TP
547;0;0;0;0;0;0;0;0;165;303;227;239;511;-54;493;299;92.9191;375;0;375;299;90;0;0;0;0;0;0;0;0;TP
548;0;0;0;0;0;0;0;0;163;303;210;254;505;-53;491;299;92.2776;375;0;375;299;90;0;0;0;0;0;0;0;0;TP
549;0;0;0;0;0;0;0;0;161;303;191;271;496;-54;489;299;91.136;375;0;375;299;90;0;0;0;0;0;0;0;0;TP
550;0;0;0;0;0;0;0;0;329;154;419;98;578;0;437;299;115.247;375;0;375;299;90;0;0;0;0;0;0;0;0;TP
551;0;0;0;0;0;0;0;0;320;161;413;101;581;-5;443;299;114.416;375;0;375;299;90;0;0;0;0;0;0;0;0;TP
552;0;0;0;0;0;0;0;0;311;169;408;105;580;-10;455;299;112.025;375;0;375;299;90;0;0;0;0;0;0;0;0;TP
553;0;0;0;0;0;0;0;0;301;179;401;107;578;-20;471;299;108.543;375;0;375;299;90;0;0;0;0;0;0;0;0;TP
554;0;0;0;0;0;0;0;0;291;189;394;110;573;-27;482;299;105.597;375;0;375;299;90;0;0;0;0;0;0;0;0;TP
555;0;0;0;0;0;0;0;0;281;198;387;114;570;-31;488;299;103.955;375;0;375;299;90;0;0;0;0;0;0;0;0;TP
556;0;0;0;0;0;0;0;0;269;209;384;122;581;-26;484;299;106.618;375;0;375;299;90;0;0;0;0;0;0;0;0;TP
557;0;0;0;0;0;0;0;0;257;220;376;125;572;-31;493;299;103.463;375;0;375;299;90;0;0;0;0;0;0;0;0;TP
558;0;0;0;0;0;0;0;0;245;233;367;130;563;-38;499;299;100.753;375;0;375;299;90;0;0;0;0;0;0;0;0;TP
559;0;0;0;0;0;0;0;0;231;247;358;136;562;-42;501;299;100.142;375;0;375;299;90;0;0;0;0;0;0;0;0;TP
560;0;0;0;0;0;0;0;0;215;260;345;140;545;-44;502;299;97.1456;375;0;375;299;90;0;0;0;0;0;0;0;0;TP
561;0;0;0;0;0;0;0;0;198;277;338;150;550;-44;503;299;97.8024;375;0;375;299;90;0;0;0;0;0;0;0;0;TP
562;0;0;0;0;0;0;0;0;182;296;325;156;538;-50;505;299;95.4016;375;0;375;299;90;0;0;0;0;0;0;0;0;TP
563;0;0;0;0;0;0;0;0;170;303;313;166;538;-49;501;299;96.069;375;0;375;299;90;0;0;0;0;0;0;0;0;TP
564;0;0;0;0;0;0;0;0;170;304;300;176;530;-50;502;299;94.587;375;0;375;299;90;0;0;0;0;0;0;0;0;TP
565;0;0;0;0;743;203;675