1,0,0,0,0,710,283,319,0,106,200,160,118,0,0,0,0,0,0,0,0,0,0,0,0,0,0,0,0,0,0,TN
2,0,0,0,0,710,283,319,0,106,200,160,118,264,-39,386,299,70.1531,375,0,375,299,90,0,0,0,0,0,0,0,0,TP
3,0,0,0,0,710,283,319,0,106,200,160,118,264,-39,386,299,70.1531,375,0,375,299,90,0,0,0,0,0,0,0,0,TP
4,0,0,0,0,710,283,319,0,106,200,160,118,264,-39,386,299,70.1531,375,0,375,299,90,0,0,0,0,0,0,0,0,TP
5,0,0,0,0,710,283,319,0,106,200,160,118,264,-39,386,299,70.1531,375,0,375,299,90,0,0,0,0,0,0,0,0,TP
6,0,0,0,0,710,283,319,0,106,200,160,118,264,-39,386,299,70.1531,375,0,375,299,90,0,0,0,0,0,0,0,0,TP
7,0,0,0,0,710,283,319,0,106,200,160,118,264,-39,386,299,70.1531,375,0,375,299,90,0,0,0,0,0,0,0,0,TP
8,0,0,0,0,710,283,319,0,106,200,160,118,264,-39,386,299,70.1531,375,0,375,299,90,0,0,0,0,0,0,0,0,TP
9,0,0,0,0,711,281,312,0,106,200,160,118,261,-35,388,299,69.1812,375,0,375,299,90,0,0,0,0,0,0,0,0,TP
10,0,0,0,0,711,281,313,0,106,200,160,118,262,-36,388,299,69.3877,375,0,375,299,90,0,0,0,0,0,0,0,0,TP
11,0,0,0,0,711,280,306,-1,106,200,160,118,260,-33,389,299,68.7662,375,0,375,299,90,0,0,0,0,0,0,0,0,TP
12,0,0,0,0,711,281,312,0,106,200,160,118,261,-35,388,299,69.1812,375,0,375,299,90,0,0,0,0,0,0,0,0,TP
13,0,0,0,0,711,281,312,0,106,200,160,118,261,-35,388,299,69.1812,375,0,375,299,90,0,0,0,0,0,0,0,0,TP
14,0,0,0,0,710,283,319,0,106,200,160,118,264,-39,386,299,70.1531,375,0,375,299,90,0,0,0,0,0,0,0,0,TP
15,0,0,0,0,711,281,312,0,106,200,160,118,261,-35,388,299,69.1812,375,0,375,299,90,0,0,0,0,0,0,0,0,TP
16,0,0,0,0,711,281,312,0,106,200,160,118,261,-35,388,299,69.1812,375,0,375,299,90,0,0,0,0,0,0,0,0,TP
17,0,0,0,0,711,281,312,0,106,200,161,118,261,-35,388,299,69.1812,375,0,375,299,90,0,0,0,0,0,0,0,0,TP
18,0,0,0,0,711,281,312,0,106,200,160,118,261,-35,388,299,69.1812,375,0,375,299,90,0,0,0,0,0,0,0,0,TP
19,0,0,0,0,711,281,312,0,106,200,160,118,261,-35,388,299,69.1812,375,0,375,299,90,0,0,0,0,0,0,0,0,TP
20,0,0,0,0,711,281,312,0,106,200,160,118,261,-35,388,299,69.1812,375,0,375,299,90,0,0,0,0,0,0,0,0,TP
21,0,0,0,0,711,281,312,0,106,200,160,118,261,-35,388,299,69.1812,375,0,375,299,90,0,0,0,0,0,0,0,0,TP
22,0,0,0,0,711,281,312,0,106,200,160,118,261,-35,388,299,69.1812,375,0,375,299,90,0,0,0,0,0,0,0,0,TP
23,0,0,0,0,711,281,312,0,106,200,160,118,261,-35,388,299,69.1812,375,0,375,299,90,0,0,0,0,0,0,0,0,TP
24,0,0,0,0,711,281,306,-2,106,200,160,118,260,-33,388,299,68.9162,375,0,375,299,90,0,0,0,0,0,0,0,0,TP
25,0,0,0,0,711,281,306,-2,106,200,160,118,260,-33,388,299,68.9162,375,0,375,299,90,0,0,0,0,0,0,0,0,TP
26,0,0,0,0,711,281,306,-2,106,200,160,118,260,-33,388,299,68.9162,375,0,375,299,90,0,0,0,0,0,0,0,0,TP
27,0,0,0,0,711,281,306,-2,106,200,160,118,260,-33,388,299,68.9162,375,0,375,299,90,0,0,0,0,0,0,0,0,TP
28,0,0,0,0,711,281,306,-2,106,200,160,118,260,-33,388,299,68.9162,375,0,375,299,90,0,0,0,0,0,0,0,0,TP
29,0,0,0,0,711,281,306,-2,106,200,160,118,260,-33,388,299,68.9162,375,0,375,299,90,0,0,0,0,0,0,0,0,TP
30,0,0,0,0,711,281,306,-2,106,200,160,118,260,-33,388,299,68.9162,375,0,375,299,90,0,0,0,0,0,0,0,0,TP
31,0,0,0,0,711,281,306,-2,106,200,160,118,260,-33,388,299,68.9162,375,0,375,299,90,0,0,0,0,0,0,0,0,TP
32,0,0,0,0,711,281,306,-2,106,200,160,118,260,-33,388,299,68.9162,375,0,375,299,90,0,0,0,0,0,0,0,0,TP
33,0,0,0,0,711,281,306,-2,106,200,160,118,260,-33,388,299,68.9162,375,0,375,299,90,0,0,0,0,0,0,0,0,TP
34,0,0,0,0,711,281,306,-2,106,200,160,118,260,-33,388,299,68.9162,375,0,375,299,90,0,0,0,0,0,0,0,0,TP
35,0,0,0,0,711,281,306,-2,106,200,160,118,260,-33,388,299,68.9162,375,0,375,299,90,0,0,0,0,0,0,0,0,TP
36,0,0,0,0,711,281,306,-2,106,200,160,118,260,-33,388,299,68.9162,375,0,375,299,90,0,0,0,0,0,0,0,0,TP
37,0,0,0,0,711,281,306,-2,106,200,160,118,260,-33,388,299,68.9162,375,0,375,299,90,0,0,0,0,0,0,0,0,TP
38,0,0,0,0,711,281,306,-2,106,200,160,118,260,-33,388,299,68.9162,375,0,375,299,90,0,0,0,0,0,0,0,0,TP
39,0,0,0,0,711,281,306,-2,106,200,160,118,260,-33,388,299,68.9162,375,0,375,299,90,0,0,0,0,0,0,0,0,TP
40,0,0,0,0,711,281,306,-2,106,200,160,118,260,-33,388,299,68.9162,375,0,375,299,90,0,0,0,0,0,0,0,0,TP
41,0,0,0,0,711,281,306,-2,106,200,160,118,260,-33,388,299,68.9162,375,0,375,299,90,0,0,0,0,0,0,0,0,TP
42,0,0,0,0,711,281,306,-2,106,200,160,118,260,-33,388,299,68.9162,375,0,375,299,90,0,0,0,0,0,0,0,0,TP
43,0,0,0,0,711,281,306,-2,106,200,160,118,260,-33,388,299,68.9162,375,0,375,299,90,0,0,0,0,0,0,0,0,TP
44,0,0,0,0,711,281,306,-2,106,200,160,118,260,-33,388,299,68.9162,375,0,375,299,90,0,0,0,0,0,0,0,0,TP
45,0,0,0,0,711,281,306,-2,106,200,160,118,260,-33,388,299,68.9162,375,0,375,299,90,0,0,0,0,0,0,0,0,TP
46,0,0,0,0,711,281,306,-2,106,200,160,118,260,-33,388,299,68.9162,375,0,375,299,90,0,0,0,0,0,0,0,0,TP
47,0,0,0,0,711,281,306,-2,106,200,160,118,260,-33,388,299,68.9162,375,0,375,299,90,0,0,0,0,0,0,0,0,TP
48,0,0,0,0,711,281,306,-2,106,200,160,118,260,-33,388,299,68.9162,375,0,375,299,90,0,0,0,0,0,0,0,0,TP
49,0,0,0,0,711,281,306,-2,106,200,160,118,260,-33,388,299,68.9162,375,0,375,299,90,0,0,0,0,0,0,0,0,TP
50,0,0,0,0,711,281,306,-2,106,200,160,118,260,-33,388,299,68.9162,375,0,375,299,90,0,0,0,0,0,0,0,0,TP
51,0,0,0,0,711,281,306,-2,106,200,160,118,260,-33,388,299,68.9162,375,0,375,299,90,0,0,0,0,0,0,0,0,TP
52,0,0,0,0,711,281,306,-2,106,200,160,118,260,-33,388,299,68.9162,375,0,375,299,90,0,0,0,0,0,0,0,0,TP
53,0,0,0,0,711,281,306,-2,106,200,160,118,260,-33,388,299,68.9162,375,0,375,299,90,0,0,0,0,0,0,0,0,TP
54,0,0,0,0,711,281,306,-2,106,200,160,118,260,-33,388,299,68.9162,375,0,375,299,90,0,0,0,0,0,0,0,0,TP
55,0,0,0,0,711,281,306,-2,106,200,160,118,260,-33,388,299,68.9162,375,0,375,299,90,0,0,0,0,0,0,0,0,TP
56,0,0,0,0,711,281,306,-2,106,200,160,118,260,-33,388,299,68.9162,375,0,375,299,90,0,0,0,0,0,0,0,0,TP
57,0,0,0,0,711,281,306,-2,106,200,160,118,260,-33,388,299,68.9162,375,0,375,299,90,0,0,0,0,0,0,0,0,TP
58,0,0,0,0,711,281,306,-2,106,200,160,118,260,-33,388,299,68.9162,375,0,375,299,90,0,0,0,0,0,0,0,0,TP
59,0,0,0,0,711,281,306,-2,106,200,160,118,260,-33,388,299,68.9162,375,0,375,299,90,0,0,0,0,0,0,0,0,TP
60,0,0,0,0,711,281,306,-2,106,200,160,118,260,-33,388,299,68.9162,375,0,375,299,90,0,0,0,0,0,0,0,0,TP
61,0,0,0,0,711,281,306,-2,107,199,160,118,261,-34,388,299,69.1241,375,0,375,299,90,0,0,0,0,0,0,0,0,TP
62,0,0,0,0,711,281,306,-2,107,199,160,118,261,-34,388,299,69.1241,375,0,375,299,90,0,0,0,0,0,0,0,0,TP
63,0,0,0,0,711,281,306,-2,107,199,160,118,261,-34,388,299,69.1241,375,0,375,299,90,0,0,0,0,0,0,0,0,TP
64,0,0,0,0,711,281,306,-2,107,199,160,118,261,-34,388,299,69.1241,375,0,375,299,90,0,0,0,0,0,0,0,0,TP
65,0,0,0,0,711,281,306,-2,107,199,160,118,261,-34,388,299,69.1241,375,0,375,299,90,0,0,0,0,0,0,0,0,TP
66,0,0,0,0,711,281,306,-2,107,199,160,118,261,-34,388,299,69.1241,375,0,375,299,90,0,0,0,0,0,0,0,0,TP
67,0,0,0,0,711,281,306,-2,107,199,160,118,261,-34,388,299,69.1241,375,0,375,299,90,0,0,0,0,0,0,0,0,TP
68,0,0,0,0,711,281,306,-2,107,199,160,118,261,-34,388,299,69.1241,375,0,375,299,90,0,0,0,0,0,0,0,0,TP
69,0,0,0,0,711,281,306,-2,107,199,160,118,261,-34,388,299,69.1241,375,0,375,299,90,0,0,0,0,0,0,0,0,TP
70,0,0,0,0,711,281,306,-2,106,198,161,118,263,-31,386,299,69.5582,375,0,375,299,90,0,0,0,0,0,0,0,0,TP
71,0,0,0,0,711,281,306,-2,107,199,160,118,261,-34,388,299,69.1241,375,0,375,299,90,0,0,0,0,0,0,0,0,TP
72,0,0,0,0,711,281,306,-2,107,199,160,118,261,-34,388,299,69.1241,375,0,375,299,90,0,0,0,0,0,0,0,0,TP
73,0,0,0,0,710,281,306,-2,107,199,160,118,260,-33,388,299,68.9162,375,0,375,299,90,0,0,0,0,0,0,0,0,TP
74,0,0,0,0,711,281,306,-2,107,199,160,118,261,-34,388,299,69.1241,375,0,375,299,90,0,0,0,0,0,0,0,0,TP
75,0,0,0,0,711,281,306,-2,106,198,161,118,263,-31,386,299,69.5582,375,0,375,299,90,0,0,0,0,0,0,0,0,TP
76,0,0,0,0,711,281,306,-2,106,198,161,118,263,-31,386,299,69.5582,375,0,375,299,90,0,0,0,0,0,0,0,0,TP
77,0,0,0,0,711,281,306,-2,107,199,161,118,260,-33,388,299,68.9162,375,0,375,299,90,0,0,0,0,0,0,0,0,TP
78,0,0,0,0,712,280,300,-4,107,199,160,118,259,-31,390,299,68.3484,375,0,375,299,90,0,0,0,0,0,0,0,0,TP
79,0,0,0,0,713,279,299,-3,107,199,160,118,258,-30,391,299,67.9887,375,0,375,299,90,0,0,0,0,0,0,0,0,TP
80,0,0,0,0,711,280,306,-2,107,199,161,118,260,-33,389,299,68.7662,375,0,375,299,90,0,0,0,0,0,0,0,0,TP
81,0,0,0,0,712,281,306,-2,106,199,161,118,264,-32,387,299,69.6149,375,0,375,299,90,0,0,0,0,0,0,0,0,TP
82,0,0,0,0,712,281,306,-2,106,199,161,118,264,-32,387,299,69.6149,375,0,375,299,90,0,0,0,0,0,0,0,0,TP
83,0,0,0,0,712,281,306,-2,106,199,161,118,264,-32,387,299,69.6149,375,0,375,299,90,0,0,0,0,0,0,0,0,TP
84,0,0,0,0,712,281,306,-2,106,199,161,118,264,-32,387,299,69.6149,375,0,375,299,90,0,0,0,0,0,0,0,0,TP
85,0,0,0,0,715,281,314,0,105,204,160,121,264,-34,390,299,69.2744,375,0,375,299,90,0,0,0,0,0,0,0,0,TP
86,0,0,0,0,716,279,301,-2,104,208,158,123,256,-34,395,299,67.3435,375,0,375,299,90,0,0,0,0,0,0,0,0,TP
87,0,0,0,0,716,279,301,-2,104,208,158,123,256,-34,395,299,67.3435,375,0,375,299,90,0,0,0,0,0,0,0,0,TP
88,0,0,0,0,717,280,306,-1,99,214,157,126,261,-31,393,299,68.1986,375,0,375,299,90,0,0,0,0,0,0,0,0,TP
89,0,0,0,0,715,280,304,-1,96,217,154,127,257,-32,392,299,67.8117,375,0,375,299,90,0,0,0,0,0,0,0,0,TP
90,0,0,0,0,714,280,299,-2,93,219,152,128,256,-30,390,299,67.8392,375,0,375,299,90,0,0,0,0,0,0,0,0,TP
91,0,0,0,0,714,280,299,-2,93,219,152,128,256,-30,390,299,67.8392,375,0,375,299,90,0,0,0,0,0,0,0,0,TP
92,0,0,0,0,714,281,302,0,88,226,148,131,253,-32,390,299,67.5155,375,0,375,299,90,0,0,0,0,0,0,0,0,TP
93,0,0,0,0,715,279,301,0,85,229,147,134,254,-32,391,299,67.5155,375,0,375,299,90,0,0,0,0,0,0,0,0,TP
94,0,0,0,0,715,279,301,0,85,229,147,134,254,-32,391,299,67.5155,375,0,375,299,90,0,0,0,0,0,0,0,0,TP
95,0,0,0,0,717,279,303,0,78,238,143,137,254,-34,392,299,67.4902,375,0,375,299,90,0,0,0,0,0,0,0,0,TP
96,0,0,0,0,717,280,305,0,75,242,141,138,252,-36,391,299,67.4652,375,0,375,299,90,0,0,0,0,0,0,0,0,TP
97,0,0,0,0,718,280,299,-2,71,247,139,141,251,-33,391,299,67.1355,375,0,375,299,90,0,0,0,0,0,0,0,0,TP
98,0,0,0,0,718,280,299,-2,71,247,139,141,251,-33,391,299,67.1355,375,0,375,299,90,0,0,0,0,0,0,0,0,TP
99,0,0,0,0,718,280,299,-2,71,247,139,141,251,-33,391,299,67.1355,375,0,375,299,90,0,0,0,0,0,0,0,0,TP
100,0,0,0,0,718,280,299,-2,71,247,139,141,251,-33,391,299,67.1355,375,0,375,299,90,0,0,0,0,0,0,0,0,TP
101,0,0,0,0,718,282,302,0,55,272,127,154,244,-37,390,299,66.5139,375,0,375,299,90,0,0,0,0,0,0,0,0,TP
102,0,0,0,0,719,282,300,0,50,279,125,158,246,-35,390,299,66.6773,375,0,375,299,90,0,0,0,0,0,0,0,0,TP
103,0,0,0,0,719,282,301,0,47,286,122,162,241,-39,391,299,66.069,375,0,375,299,90,0,0,0,0,0,0,0,0,TP
104,0,0,0,0,719,281,301,1,42,293,120,166,243,-36,391,299,66.1646,375,0,375,299,90,0,0,0,0,0,0,0,0,TP
105,0,0,0,0,720,282,302,1,38,299,117,169,244,-35,391,299,66.2448,375,0,375,299,90,0,0,0,0,0,0,0,0,TP
106,0,0,0,0,720,282,302,1,38,299,117,169,244,-35,391,299,66.2448,375,0,375,299,90,0,0,0,0,0,0,0,0,TP
107,0,0,0,0,720,282,302,1,38,299,117,169,244,-35,391,299,66.2448,375,0,375,299,90,0,0,0,0,0,0,0,0,TP
108,0,0,0,0,720,282,303,0,35,298,104,181,238,-44,389,299,66.2393,375,0,375,299,90,0,0,0,0,0,0,0,0,TP
109,0,0,0,0,720,282,301,0,34,298,99,185,231,-46,389,299,65.3936,375,0,375,299,90,0,0,0,0,0,0,0,0,TP
110,0,0,0,0,719,283,304,0,33,296,94,192,233,-45,386,299,66.0221,375,0,375,299,90,0,0,0,0,0,0,0,0,TP
111,0,0,0,0,717,283,306,1,33,297,89,199,231,-49,385,299,66.1292,375,0,375,299,90,0,0,0,0,0,0,0,0,TP
112,0,0,0,0,717,283,306,1,33,297,89,199,231,-49,385,299,66.1292,375,0,375,299,90,0,0,0,0,0,0,0,0,TP
113,0,0,0,0,717,283,306,1,33,297,89,199,231,-49,385,299,66.1292,375,0,375,299,90,0,0,0,0,0,0,0,0,TP
114,0,0,0,0,717,283,306,1,33,297,89,199,231,-49,385,299,66.1292,375,0,375,299,90,0,0,0,0,0,0,0,0,TP
115,0,0,0,0,717,283,306,1,33,297,89,199,231,-49,385,299,66.1292,375,0,375,299,90,0,0,0,0,0,0,0,0,TP
116,0,0,0,0,717,283,306,1,33,297,89,199,231,-49,385,299,66.1292,375,0,375,299,90,0,0,0,0,0,0,0,0,TP
117,0,0,0,0,723,285,323,8,43,299,73,249,248,-42,393,299,66.9638,375,0,375,299,90,0,0,0,0,0,0,0,0,TP
118,0,0,0,0,721,284,325,9,41,298,66,255,245,-47,391,299,67.1219,375,0,375,299,90,0,0,0,0,0,0,0,0,TP
119,0,0,0,0,717,285,325,10,39,299,57,264,220,-63,387,299,65.2349,375,0,375,299,90,0,0,0,0,0,0,0,0,TP
120,0,0,0,0,716,286,329,11,39,299,52,276,233,-56,386,299,66.6846,375,0,375,299,90,0,0,0,0,0,0,0,0,TP
121,0,0,0,0,716,286,329,11,39,299,52,276,233,-56,386,299,66.6846,375,0,375,299,90,0,0,0,0,0,0,0,0,TP
122,0,0,0,0,722,286,329,13,113,164,139,104,213,-66,397,299,63.2469,375,0,375,299,90,0,0,0,0,0,0,0,0,TP
123,0,0,0,0,721,287,334,15,108,171,136,108,213,-69,394,299,63.8098,375,0,375,299,90,0,0,0,0,0,0,0,0,TP
124,0,0,0,0,718,287,332,17,103,178,134,112,219,-61,389,299,64.7223,375,0,375,299,90,0,0,0,0,0,0,0,0,TP
125,0,0,0,0,717,287,335,19,98,185,132,115,218,-62,388,299,64.7836,375,0,375,299,90,0,0,0,0,0,0,0,0,TP
126,0,0,0,0,717,287,335,19,98,185,132,115,218,-62,388,299,64.7836,375,0,375,299,90,0,0,0,0,0,0,0,0,TP
127,0,0,0,0,717,287,335,19,98,185,132,115,218,-62,388,299,64.7836,375,0,375,299,90,0,0,0,0,0,0,0,0,TP
128,0,0,0,0,717,287,335,19,98,185,132,115,218,-62,388,299,64.7836,375,0,375,299,90,0,0,0,0,0,0,0,0,TP
129,0,0,0,0,717,287,335,19,98,185,132,115,218,-62,388,299,64.7836,375,0,375,299,90,0,0,0,0,0,0,0,0,TP
130,0,0,0,0,717,287,335,19,98,185,132,115,218,-62,388,299,64.7836,375,0,375,299,90,0,0,0,0,0,0,0,0,TP
131,0,0,0,0,719,289,346,24,64,233,114,138,219,-64,381,299,65.9497,375,0,375,299,90,0,0,0,0,0,0,0,0,TP
132,0,0,0,0,718,290,348,25,59,242,111,143,219,-65,379,299,66.2716,375,0,375,299,90,0,0,0,0,0,0,0,0,TP
133,0,0,0,0,716,290,349,27,52,252,107,148,217,-65,377,299,66.2716,375,0,375,299,90,0,0,0,0,0,0,0,0,TP
134,0,0,0,0,716,290,349,27,52,252,107,148,217,-65,377,299,66.2716,375,0,375,299,90,0,0,0,0,0,0,0,0,TP
135,0,0,0,0,711,292,352,30,37,274,97,158,214,-68,372,299,66.7073,375,0,375,299,90,0,0,0,0,0,0,0,0,TP
136,0,0,0,0,711,292,352,30,37,274,97,158,214,-68,372,299,66.7073,375,0,375,299,90,0,0,0,0,0,0,0,0,TP
137,0,0,0,0,708,290,356,34,23,297,89,169,212,-69,370,299,66.7638,375,0,375,299,90,0,0,0,0,0,0,0,0,TP
138,0,0,0,0,707,292,362,36,23,299,87,177,216,-68,369,299,67.369,375,0,375,299,90,0,0,0,0,0,0,0,0,TP
139,0,0,0,0,708,292,370,39,26,299,86,185,221,-71,371,299,67.9321,375,0,375,299,90,0,0,0,0,0,0,0,0,TP
140,0,0,0,0,708,292,370,39,26,299,86,185,221,-71,371,299,67.9321,375,0,375,299,90,0,0,0,0,0,0,0,0,TP
141,0,0,0,0,710,293,385,45,30,299,87,196,234,-66,373,299,69.1521,375,0,375,299,90,0,0,0,0,0,0,0,0,TP
142,0,0,0,0,709,293,391,49,31,299,86,201,237,-68,373,299,69.6667,375,0,375,299,90,0,0,0,0,0,0,0,0,TP
143,0,0,0,0,709,293,391,49,31,299,86,201,237,-68,373,299,69.6667,375,0,375,299,90,0,0,0,0,0,0,0,0,TP
144,0,0,0,0,709,293,391,49,31,299,86,201,237,-68,373,299,69.6667,375,0,375,299,90,0,0,0,0,0,0,0,0,TP
145,0,0,0,0,709,293,391,49,31,299,86,201,237,-68,373,299,69.6667,375,0,375,299,90,0,0,0,0,0,0,0,0,TP
146,0,0,0,0,709,293,391,49,31,299,86,201,237,-68,373,299,69.6667,375,0,375,299,90,0,0,0,0,0,0,0,0,TP
147,0,0,0,0,709,293,391,49,31,299,86,201,237,-68,373,299,69.6667,375,0,375,299,90,0,0,0,0,0,0,0,0,TP
148,0,0,0,0,709,293,391,49,31,299,86,201,237,-68,373,299,69.6667,375,0,375,299,90,0,0,0,0,0,0,0,0,TP
149,0,0,0,0,709,296,425,62,32,299,50,261,223,-104,371,299,69.8345,375,0,375,299,90,0,0,0,0,0,0,0,0,TP
150,0,0,0,0,709,296,425,62,32,299,50,261,223,-104,371,299,69.8345,375,0,375,299,90,0,0,0,0,0,0,0,0,TP
151,0,0,0,0,707,296,432,71,102,160,122,105,201,-117,381,299,66.6022,375,0,375,299,90,0,0,0,0,0,0,0,0,TP
152,0,0,0,0,707,296,432,71,102,160,122,105,201,-117,381,299,66.6022,375,0,375,299,90,0,0,0,0,0,0,0,0,TP
153,0,0,0,0,705,296,441,79,94,172,120,111,212,-109,374,299,68.344,375,0,375,299,90,0,0,0,0,0,0,0,0,TP
154,0,0,0,0,705,296,441,79,94,172,120,111,212,-109,374,299,68.344,375,0,375,299,90,0,0,0,0,0,0,0,0,TP
155,0,0,0,0,705,296,441,79,94,172,120,111,212,-109,374,299,68.344,375,0,375,299,90,0,0,0,0,0,0,0,0,TP
156,0,0,0,0,707,296,453,87,82,190,114,119,215,-109,371,299,69.0755,375,0,375,299,90,0,0,0,0,0,0,0,0,TP
157,0,0,0,0,709,297,459,88,78,196,112,123,220,-113,370,299,69.9946,375,0,375,299,90,0,0,0,0,0,0,0,0,TP
158,0,0,0,0,709,297,459,88,78,196,112,123,220,-113,370,299,69.9946,375,0,375,299,90,0,0,0,0,0,0,0,0,TP
159,0,0,0,0,709,297,459,88,78,196,112,123,220,-113,370,299,69.9946,375,0,375,299,90,0,0,0,0,0,0,0,0,TP
160,0,0,0,0,709,297,459,88,78,196,112,123,220,-113,370,299,69.9946,375,0,375,299,90,0,0,0,0,0,0,0,0,TP
161,0,0,0,0,709,297,459,88,78,196,112,123,220,-113,370,299,69.9946,375,0,375,299,90,0,0,0,0,0,0,0,0,TP
162,0,0,0,0,702,299,486,109,55,232,99,139,224,-121,362,299,71.811,375,0,375,299,90,0,0,0,0,0,0,0,0,TP
163,0,0,0,0,699,299,492,114,48,238,95,141,225,-123,358,299,72.5069,375,0,375,299,90,0,0,0,0,0,0,0,0,TP
164,0,0,0,0,696,299,498,119,41,245,90,144,224,-128,355,299,72.9444,375,0,375,299,90,0,0,0,0,0,0,0,0,TP
165,0,0,0,0,693,300,504,127,34,254,88,149,230,-123,350,299,74.1264,375,0,375,299,90,0,0,0,0,0,0,0,0,TP
166,0,0,0,0,693,300,513,134,29,265,85,155,229,-127,351,299,74.0191,375,0,375,299,90,0,0,0,0,0,0,0,0,TP
167,0,0,0,0,696,300,524,139,24,276,84,160,235,-131,353,299,74.6547,375,0,375,299,90,0,0,0,0,0,0,0,0,TP
168,0,0,0,0,697,300,535,148,19,288,82,165,233,-133,354,299,74.3528,375,0,375,299,90,0,0,0,0,0,0,0,0,TP
169,0,0,0,0,697,300,535,148,19,288,82,165,233,-133,354,299,74.3528,375,0,375,299,90,0,0,0,0,0,0,0,0,TP
170,0,0,0,0,0,0,0,0,99,114,107,83,153,-102,412,299,57.1422,375,0,375,299,90,0,0,0,0,0,0,0,0,TP
171,0,0,0,0,0,0,0,0,0,0,0,0,0,0,0,0,0,0,0,0,0,0,0,0,0,0,0,0,0,0,TN
172,0,0,0,0,0,0,0,0,0,0,0,0,0,0,0,0,0,0,0,0,0,0,0,0,0,0,0,0,0,0,TN
173,0,0,0,0,0,0,0,0,0,0,0,0,0,0,0,0,0,0,0,0,0,0,0,0,0,0,0,0,0,0,TN
174,0,0,0,0,0,0,0,0,0,0,0,0,0,0,0,0,0,0,0,0,0,0,0,0,0,0,0,0,0,0,TN
175,0,0,0,0,0,0,0,0,0,0,0,0,0,0,0,0,0,0,0,0,0,0,0,0,0,0,0,0,0,0,TN
176,0,0,0,0,0,0,0,0,0,0,0,0,0,0,0,0,0,0,0,0,0,0,0,0,0,0,0,0,0,0,TN
177,0,0,0,0,0,0,0,0,102,73,89,63,945,775,698,299,62.5749,375,0,375,299,90,0,0,0,0,0,0,0,0,TP
178,0,0,0,0,0,0,0,0,688,302,655,267,1342,994,1010,299,64.4663,375,0,375,299,90,0,0,0,0,0,0,0,0,TN
179,0,0,0,0,0,0,0,0,0,0,0,0,0,0,0,0,0,0,0,0,0,0,0,0,0,0,0,0,0,0,TN
180,0,0,0,0,0,0,0,0,0,0,0,0,0,0,0,0,0,0,0,0,0,0,0,0,0,0,0,0,0,0,TN
181,0,0,0,0,0,0,0,0,0,0,0,0,0,0,0,0,0,0,0,0,0,0,0,0,0,0,0,0,0,0,TN
182,0,0,0,0,0,0,0,0,0,0,0,0,0,0,0,0,0,0,0,0,0,0,0,0,0,0,0,0,0,0,TN
183,0,0,0,0,0,0,0,0,0,0,0,0,0,0,0,0,0,0,0,0,0,0,0,0,0,0,0,0,0,0,TN
184,0,0,0,0,0,0,0,0,0,0,0,0,0,0,0,0,0,0,0,0,0,0,0,0,0,0,0,0,0,0,TN
185,0,0,0,0,0,0,0,0,0,0,0,0,0,0,0,0,0,0,0,0,0,0,0,0,0,0,0,0,0,0,TN
186,0,0,0,0,0,0,0,0,0,0,0,0,0,0,0,0,0,0,0,0,0,0,0,0,0,0,0,0,0,0,TN
187,0,0,0,0,0,0,0,0,0,0,0,0,0,0,0,0,0,0,0,0,0,0,0,0,0,0,0,0,0,0,TN
188,0,0,0,0,0,0,0,0,0,0,0,0,0,0,0,0,0,0,0,0,0,0,0,0,0,0,0,0,0,0,TN
189,0,0,0,0,0,0,0,0,0,0,0,0,0,0,0,0,0,0,0,0,0,0,0,0,0,0,0,0,0,0,TN
190,0,0,0,0,0,0,0,0,0,0,0,0,0,0,0,0,0,0,0,0,0,0,0,0,0,0,0,0,0,0,TN
191,0,0,0,0,0,0,0,0,0,0,0,0,0,0,0,0,0,0,0,0,0,0,0,0,0,0,0,0,0,0,TN
192,0,0,0,0,0,0,0,0,0,0,0,0,0,0,0,0,0,0,0,0,0,0,0,0,0,0,0,0,0,0,TN
193,0,0,0,0,0,0,0,0,0,0,0,0,0,0,0,0,0,0,0,0,0,0,0,0,0,0,0,0,0,0,TN
194,0,0,0,0,0,0,0,0,0,0,0,0,0,0,0,0,0,0,0,0,0,0,0,0,0,0,0,0,0,0,TN
195,0,0,0,0,0,0,0,0,0,0,0,0,0,0,0,0,0,0,0,0,0,0,0,0,0,0,0,0,0,0,TN
196,0,0,0,0,0,0,0,0,0,0,0,0,0,0,0,0,0,0,0,0,0,0,0,0,0,0,0,0,0,0,TN
197,0,0,0,0,0,0,0,0,0,0,0,0,0,0,0,0,0,0,0,0,0,0,0,0,0,0,0,0,0,0,TN
198,0,0,0,0,0,0,0,0,0,0,0,0,0,0,0,0,0,0,0,0,0,0,0,0,0,0,0,0,0,0,TN
199,0,0,0,0,0,0,0,0,0,0,0,0,0,0,0,0,0,0,0,0,0,0,0,0,0,0,0,0,0,0,TN
200,0,0,0,0,0,0,0,0,0,0,0,0,0,0,0,0,0,0,0,0,0,0,0,0,0,0,0,0,0,0,TN
201,0,0,0,0,0,0,0,0,0,0,0,0,0,0,0,0,0,0,0,0,0,0,0,0,0,0,0,0,0,0,TN
202,0,0,0,0,0,0,0,0,0,0,0,0,0,0,0,0,0,0,0,0,0,0,0,0,0,0,0,0,0,0,TN
203,0,0,0,0,0,0,0,0,0,0,0,0,0,0,0,0,0,0,0,0,0,0,0,0,0,0,0,0,0,0,TN
204,0,0,0,0,0,0,0,0,0,0,0,0,0,0,0,0,0,0,0,0,0,0,0,0,0,0,0,0,0,0,TN
205,0,0,0,0,0,0,0,0,0,0,0,0,0,0,0,0,0,0,0,0,0,0,0,0,0,0,0,0,0,0,TN
206,0,0,0,0,0,0,0,0,0,0,0,0,0,0,0,0,0,0,0,0,0,0,0,0,0,0,0,0,0,0,TN
207,0,0,0,0,0,0,0,0,0,0,0,0,0,0,0,0,0,0,0,0,0,0,0,0,0,0,0,0,0,0,TN
208,0,0,0,0,445,74,192,14,0,0,0,0,0,0,0,0,0,0,0,0,0,0,0,0,0,0,0,0,0,0,TN
209,0,0,0,0,445,74,192,14,36,300,64,245,185,12,713,299,28.5268,375,0,375,299,90,0,0,0,0,0,0,0,0,TP
210,0,0,0,0,457,77,196,14,37,299,52,268,181,10,700,299,29.1108,375,0,375,299,90,0,0,0,0,0,0,0,0,TP
211,0,0,0,0,460,80,194,12,106,157,127,103,165,6,683,299,29.4941,375,0,375,299,90,0,0,0,0,0,0,0,0,TP
212,0,0,0,0,460,80,194,12,106,157,127,103,165,6,683,299,29.4941,375,0,375,299,90,0,0,0,0,0,0,0,0,TP
213,0,0,0,0,473,91,208,13,99,169,124,109,169,2,613,299,33.7793,375,0,375,299,90,0,0,0,0,0,0,0,0,TP
214,0,0,0,0,481,93,199,11,98,174,123,111,167,4,618,299,33.1888,375,0,375,299,90,0,0,0,0,0,0,0,0,TP
215,0,0,0,0,488,95,203,11,94,180,122,114,169,3,612,299,33.7497,375,0,375,299,90,0,0,0,0,0,0,0,0,TP
216,0,0,0,0,488,95,203,11,94,180,122,114,169,3,612,299,33.7497,375,0,375,299,90,0,0,0,0,0,0,0,0,TP
217,0,0,0,0,502,103,199,10,84,194,118,120,172,2,590,299,35.3948,375,0,375,299,90,0,0,0,0,0,0,0,0,TP
218,0,0,0,0,502,103,199,10,84,194,118,120,172,2,590,299,35.3948,375,0,375,299,90,0,0,0,0,0,0,0,0,TP
219,0,0,0,0,502,103,199,10,84,194,118,120,172,2,590,299,35.3948,375,0,375,299,90,0,0,0,0,0,0,0,0,TP
220,0,0,0,0,502,103,199,10,84,194,118,120,172,2,590,299,35.3948,375,0,375,299,90,0,0,0,0,0,0,0,0,TP
221,0,0,0,0,502,103,199,10,84,194,118,120,172,2,590,299,35.3948,375,0,375,299,90,0,0,0,0,0,0,0,0,TP
222,0,0,0,0,502,103,199,10,84,194,118,120,172,2,590,299,35.3948,375,0,375,299,90,0,0,0,0,0,0,0,0,TP
223,0,0,0,0,570,142,190,6,62,250,112,147,180,4,523,299,40.6975,375,0,375,299,90,0,0,0,0,0,0,0,0,TP
224,0,0,0,0,582,155,214,7,57,258,112,150,189,-1,488,299,45.0957,375,0,375,299,90,0,0,0,0,0,0,0,0,TP
225,0,0,0,0,582,155,214,7,57,258,112,150,189,-1,488,299,45.0957,375,0,375,299,90,0,0,0,0,0,0,0,0,TP
226,0,0,0,0,582,155,214,7,57,258,112,150,189,-1,488,299,45.0957,375,0,375,299,90,0,0,0,0,0,0,0,0,TP
227,0,0,0,0,618,185,233,6,36,292,100,166,191,-13,447,299,50.6307,375,0,375,299,90,0,0,0,0,0,0,0,0,TP
228,0,0,0,0,618,185,233,6,36,292,100,166,191,-13,447,299,50.6307,375,0,375,299,90,0,0,0,0,0,0,0,0,TP
229,0,0,0,0,618,185,233,6,36,292,100,166,191,-13,447,299,50.6307,375,0,375,299,90,0,0,0,0,0,0,0,0,TP
230,0,0,0,0,618,185,233,6,36,292,100,166,191,-13,447,299,50.6307,375,0,375,299,90,0,0,0,0,0,0,0,0,TP
231,0,0,0,0,670,230,220,0,28,300,79,194,181,-18,416,299,53.4495,375,0,375,299,90,0,0,0,0,0,0,0,0,TP
232,0,0,0,0,683,241,200,-5,25,300,72,202,177,-17,410,299,53.5971,375,0,375,299,90,0,0,0,0,0,0,0,0,TP
233,0,0,0,0,693,263,254,4,22,300,64,213,186,-35,387,299,58.9606,375,0,375,299,90,0,0,0,0,0,0,0,0,TP
234,0,0,0,0,712,275,212,-2,21,299,57,225,177,-21,388,299,56.6001,375,0,375,299,90,0,0,0,0,0,0,0,0,TP
235,0,0,0,0,712,275,212,-2,21,299,57,225,177,-21,388,299,56.6001,375,0,375,299,90,0,0,0,0,0,0,0,0,TP
236,0,0,0,0,712,275,212,-2,21,299,57,225,177,-21,388,299,56.6001,375,0,375,299,90,0,0,0,0,0,0,0,0,TP
237,0,0,0,0,712,275,212,-2,21,299,57,225,177,-21,388,299,56.6001,375,0,375,299,90,0,0,0,0,0,0,0,0,TP
238,0,0,0,0,715,276,210,-1,19,299,26,278,123,-47,387,299,52.6562,375,0,375,299,90,0,0,0,0,0,0,0,0,TP
239,0,0,0,0,715,276,210,-1,19,299,26,278,123,-47,387,299,52.6562,375,0,375,299,90,0,0,0,0,0,0,0,0,TP
240,0,0,0,0,711,275,207,1,81,175,105,117,162,-20,392,299,54.2083,375,0,375,299,90,0,0,0,0,0,0,0,0,TP
241,0,0,0,0,711,275,207,1,81,175,105,117,162,-20,392,299,54.2083,375,0,375,299,90,0,0,0,0,0,0,0,0,TP
242,0,0,0,0,711,277,218,3,82,188,110,124,173,-20,391,299,55.6519,375,0,375,299,90,0,0,0,0,0,0,0,0,TP
243,0,0,0,0,716,277,226,1,83,193,115,124,182,-23,394,299,56.6397,375,0,375,299,90,0,0,0,0,0,0,0,0,TP
244,0,0,0,0,720,276,235,0,85,200,117,126,184,-28,401,299,56.4314,375,0,375,299,90,0,0,0,0,0,0,0,0,TP
245,0,0,0,0,724,277,245,0,86,207,122,129,194,-27,402,299,57.4606,375,0,375,299,90,0,0,0,0,0,0,0,0,TP
246,0,0,0,0,724,277,245,0,86,207,122,129,194,-27,402,299,57.4606,375,0,375,299,90,0,0,0,0,0,0,0,0,TP
247,0,0,0,0,730,280,272,0,83,223,127,134,210,-36,403,299,60.0529,375,0,375,299,90,0,0,0,0,0,0,0,0,TP
248,0,0,0,0,733,280,276,0,80,232,125,137,210,-39,405,299,60.0184,375,0,375,299,90,0,0,0,0,0,0,0,0,TP
249,0,0,0,0,737,278,265,0,76,243,125,142,210,-30,410,299,58.7045,375,0,375,299,90,0,0,0,0,0,0,0,0,TP
250,0,0,0,0,737,278,265,0,76,243,125,142,210,-30,410,299,58.7045,375,0,375,299,90,0,0,0,0,0,0,0,0,TP
251,0,0,0,0,737,278,265,0,76,243,125,142,210,-30,410,299,58.7045,375,0,375,299,90,0,0,0,0,0,0,0,0,TP
252,0,0,0,0,737,278,265,0,76,243,125,142,210,-30,410,299,58.7045,375,0,375,299,90,0,0,0,0,0,0,0,0,TP
253,0,0,0,0,730,280,273,3,47,290,110,163,209,-34,401,299,60.0333,375,0,375,299,90,0,0,0,0,0,0,0,0,TP
254,0,0,0,0,729,281,275,5,39,300,107,172,215,-31,398,299,60.9896,375,0,375,299,90,0,0,0,0,0,0,0,0,TP
255,0,0,0,0,726,282,278,6,40,299,101,181,212,-33,396,299,61.004,375,0,375,299,90,0,0,0,0,0,0,0,0,TP
256,0,0,0,0,724,282,279,9,40,299,97,191,213,-29,395,299,60.9751,375,0,375,299,90,0,0,0,0,0,0,0,0,TP
257,0,0,0,0,724,282,279,9,40,299,97,191,213,-29,395,299,60.9751,375,0,375,299,90,0,0,0,0,0,0,0,0,TP
258,0,0,0,0,724,282,279,9,40,299,97,191,213,-29,395,299,60.9751,375,0,375,299,90,0,0,0,0,0,0,0,0,TP
259,0,0,0,0,0,0,0,0,37,300,83,210,238,-93,379,299,70.2167,375,0,375,299,90,0,0,0,0,0,0,0,0,TP
260,0,0,0,0,0,0,0,0,37,300,83,210,238,-93,379,299,70.2167,375,0,375,299,90,0,0,0,0,0,0,0,0,TP
261,0,0,0,0,0,0,0,0,32,300,72,225,240,-95,374,299,71.2168,375,0,375,299,90,0,0,0,0,0,0,0,0,TP
262,0,0,0,0,0,0,0,0,33,300,66,235,236,-94,375,299,70.5219,375,0,375,299,90,0,0,0,0,0,0,0,0,TP
263,0,0,0,0,0,0,0,0,33,299,61,248,247,-98,375,299,72.1297,375,0,375,299,90,0,0,0,0,0,0,0,0,TP
264,0,0,0,0,0,0,0,0,34,299,55,259,241,-96,375,299,71.261,375,0,375,299,90,0,0,0,0,0,0,0,0,TP
265,0,0,0,0,0,0,0,0,34,299,55,259,241,-96,375,299,71.261,375,0,375,299,90,0,0,0,0,0,0,0,0,TP
266,0,0,0,0,0,0,0,0,34,299,55,259,241,-96,375,299,71.261,375,0,375,299,90,0,0,0,0,0,0,0,0,TP
267,0,0,0,0,0,0,0,0,34,299,55,259,241,-96,375,299,71.261,375,0,375,299,90,0,0,0,0,0,0,0,0,TP
268,0,0,0,0,0,0,0,0,34,299,55,259,241,-96,375,299,71.261,375,0,375,299,90,0,0,0,0,0,0,0,0,TP
269,0,0,0,0,0,0,0,0,93,171,116,109,198,-108,397,299,63.944,375,0,375,299,90,0,0,0,0,0,0,0,0,TP
270,0,0,0,0,0,0,0,0,93,171,116,109,198,-108,397,299,63.944,375,0,375,299,90,0,0,0,0,0,0,0,0,TP
271,0,0,0,0,0,0,0,0,93,171,116,109,198,-108,397,299,63.944,375,0,375,299,90,0,0,0,0,0,0,0,0,TP
272,0,0,0,0,0,0,0,0,84,183,114,115,209,-100,379,299,66.9228,375,0,375,299,90,0,0,0,0,0,0,0,0,TP
273,0,0,0,0,0,0,0,0,81,190,111,119,204,-96,381,299,65.8628,375,0,375,299,90,0,0,0,0,0,0,0,0,TP
274,0,0,0,0,0,0,0,0,74,200,106,124,204,-108,382,299,66.378,375,0,375,299,90,0,0,0,0,0,0,0,0,TP
275,0,0,0,0,0,0,0,0,74,200,106,124,204,-108,382,299,66.378,375,0,375,299,90,0,0,0,0,0,0,0,0,TP
276,0,0,0,0,0,0,0,0,69,203,105,127,211,-96,368,299,68.3237,375,0,375,299,90,0,0,0,0,0,0,0,0,TP
277,0,0,0,0,0,0,0,0,69,203,105,127,211,-96,368,299,68.3237,375,0,375,299,90,0,0,0,0,0,0,0,0,TP
278,0,0,0,0,0,0,0,0,69,203,105,127,211,-96,368,299,68.3237,375,0,375,299,90,0,0,0,0,0,0,0,0,TP
279,0,0,0,0,0,0,0,0,59,210,95,129,195,-99,366,299,66.7493,375,0,375,299,90,0,0,0,0,0,0,0,0,TP
280,0,0,0,0,0,0,0,0,59,210,95,129,195,-99,366,299,66.7493,375,0,375,299,90,0,0,0,0,0,0,0,0,TP
281,0,0,0,0,0,0,0,0,59,210,95,129,195,-99,366,299,66.7493,375,0,375,299,90,0,0,0,0,0,0,0,0,TP
282,0,0,0,0,0,0,0,0,59,210,95,129,195,-99,366,299,66.7493,375,0,375,299,90,0,0,0,0,0,0,0,0,TP
283,0,0,0,0,0,0,0,0,59,210,95,129,195,-99,366,299,66.7493,375,0,375,299,90,0,0,0,0,0,0,0,0,TP
284,0,0,0,0,0,0,0,0,59,210,95,129,195,-99,366,299,66.7493,375,0,375,299,90,0,0,0,0,0,0,0,0,TP
285,0,0,0,0,0,0,0,0,60,208,95,129,200,-103,366,299,67.5625,375,0,375,299,90,0,0,0,0,0,0,0,0,TP
286,0,0,0,0,0,0,0,0,59,209,95,128,200,-104,365,299,67.7344,375,0,375,299,90,0,0,0,0,0,0,0,0,TP
287,0,0,0,0,0,0,0,0,59,209,95,128,195,-100,366,299,66.8014,375,0,375,299,90,0,0,0,0,0,0,0,0,TP
288,0,0,0,0,0,0,0,0,58,208,96,129,203,-97,359,299,68.4986,375,0,375,299,90,0,0,0,0,0,0,0,0,TP
289,0,0,0,0,0,0,0,0,59,209,95,128,195,-100,366,299,66.8014,375,0,375,299,90,0,0,0,0,0,0,0,0,TP
290,0,0,0,0,0,0,0,0,59,209,95,128,200,-104,365,299,67.7344,375,0,375,299,90,0,0,0,0,0,0,0,0,TP
291,0,0,0,0,0,0,0,0,59,209,95,128,200,-104,365,299,67.7344,375,0,375,299,90,0,0,0,0,0,0,0,0,TP
292,0,0,0,0,0,0,0,0,58,208,96,129,203,-97,359,299,68.4986,375,0,375,299,90,0,0,0,0,0,0,0,0,TP
293,0,0,0,0,0,0,0,0,58,208,96,129,203,-97,359,299,68.4986,375,0,375,299,90,0,0,0,0,0,0,0,0,TP
294,0,0,0,0,0,0,0,0,58,208,96,129,203,-97,359,299,68.4986,375,0,375,299,90,0,0,0,0,0,0,0,0,TP
295,0,0,0,0,0,0,0,0,58,208,96,129,203,-97,359,299,68.4986,375,0,375,299,90,0,0,0,0,0,0,0,0,TP
296,0,0,0,0,0,0,0,0,58,208,96,129,203,-97,359,299,68.4986,375,0,375,299,90,0,0,0,0,0,0,0,0,TP
297,0,0,0,0,0,0,0,0,58,208,96,129,203,-97,359,299,68.4986,375,0,375,299,90,0,0,0,0,0,0,0,0,TP
298,0,0,0,0,0,0,0,0,58,208,96,129,203,-97,359,299,68.4986,375,0,375,299,90,0,0,0,0,0,0,0,0,TP
299,0,0,0,0,0,0,0,0,58,208,96,129,203,-97,359,299,68.4986,375,0,375,299,90,0,0,0,0,0,0,0,0,TP
300,0,0,0,0,0,0,0,0,59,209,95,128,195,-100,366,299,66.8014,375,0,375,299,90,0,0,0,0,0,0,0,0,TP
301,0,0,0,0,0,0,0,0,59,209,95,128,195,-100,366,299,66.8014,375,0,375,299,90,0,0,0,0,0,0,0,0,TP
302,0,0,0,0,0,0,0,0,59,209,95,128,195,-100,366,299,66.8014,375,0,375,299,90,0,0,0,0,0,0,0,0,TP
303,0,0,0,0,0,0,0,0,59,209,95,128,195,-100,366,299,66.8014,375,0,375,299,90,0,0,0,0,0,0,0,0,TP
304,0,0,0,0,0,0,0,0,59,209,95,128,195,-100,366,299,66.8014,375,0,375,299,90,0,0,0,0,0,0,0,0,TP
305,0,0,0,0,0,0,0,0,59,209,95,128,195,-100,366,299,66.8014,375,0,375,299,90,0,0,0,0,0,0,0,0,TP
306,0,0,0,0,0,0,0,0,59,209,95,128,195,-100,366,299,66.8014,375,0,375,299,90,0,0,0,0,0,0,0,0,TP
307,0,0,0,0,0,0,0,0,59,209,95,128,195,-100,366,299,66.8014,375,0,375,299,90,0,0,0,0,0,0,0,0,TP
308,0,0,0,0,0,0,0,0,59,209,95,128,195,-100,366,299,66.8014,375,0,375,299,90,0,0,0,0,0,0,0,0,TP
309,0,0,0,0,0,0,0,0,59,209,95,128,195,-100,366,299,66.8014,375,0,375,299,90,0,0,0,0,0,0,0,0,TP
310,0,0,0,0,0,0,0,0,59,209,95,128,195,-100,366,299,66.8014,375,0,375,299,90,0,0,0,0,0,0,0,0,TP
311,0,0,0,0,0,0,0,0,59,209,95,128,195,-100,366,299,66.8014,375,0,375,299,90,0,0,0,0,0,0,0,0,TP
312,0,0,0,0,0,0,0,0,59,209,95,128,195,-100,366,299,66.8014,375,0,375,299,90,0,0,0,0,0,0,0,0,TP
313,0,0,0,0,0,0,0,0,59,209,95,128,195,-100,366,299,66.8014,375,0,375,299,90,0,0,0,0,0,0,0,0,TP
314,0,0,0,0,0,0,0,0,59,209,95,128,195,-100,366,299,66.8014,375,0,375,299,90,0,0,0,0,0,0,0,0,TP
315,0,0,0,0,0,0,0,0,59,209,95,128,195,-100,366,299,66.8014,375,0,375,299,90,0,0,0,0,0,0,0,0,TP
316,0,0,0,0,0,0,0,0,58,209,96,128,203,-96,360,299,68.3237,375,0,375,299,90,0,0,0,0,0,0,0,0,TP
317,0,0,0,0,0,0,0,0,58,209,96,128,203,-96,360,299,68.3237,375,0,375,299,90,0,0,0,0,0,0,0,0,TP
318,0,0,0,0,0,0,0,0,59,209,95,128,195,-100,366,299,66.8014,375,0,375,299,90,0,0,0,0,0,0,0,0,TP
319,0,0,0,0,0,0,0,0,58,209,96,128,203,-96,360,299,68.3237,375,0,375,299,90,0,0,0,0,0,0,0,0,TP
320,0,0,0,0,0,0,0,0,58,209,96,128,203,-96,360,299,68.3237,375,0,375,299,90,0,0,0,0,0,0,0,0,TP
321,0,0,0,0,0,0,0,0,59,209,95,128,195,-100,366,299,66.8014,375,0,375,299,90,0,0,0,0,0,0,0,0,TP
322,0,0,0,0,0,0,0,0,59,209,95,128,195,-100,366,299,66.8014,375,0,375,299,90,0,0,0,0,0,0,0,0,TP
323,0,0,0,0,0,0,0,0,59,209,95,128,195,-100,366,299,66.8014,375,0,375,299,90,0,0,0,0,0,0,0,0,TP
324,0,0,0,0,0,0,0,0,59,209,95,128,195,-100,366,299,66.8014,375,0,375,299,90,0,0,0,0,0,0,0,0,TP
325,0,0,0,0,0,0,0,0,59,209,95,128,195,-100,366,299,66.8014,375,0,375,299,90,0,0,0,0,0,0,0,0,TP
326,0,0,0,0,0,0,0,0,59,209,95,128,195,-100,366,299,66.8014,375,0,375,299,90,0,0,0,0,0,0,0,0,TP
327,0,0,0,0,0,0,0,0,59,209,95,128,195,-100,366,299,66.8014,375,0,375,299,90,0,0,0,0,0,0,0,0,TP
328,0,0,0,0,0,0,0,0,59,209,95,128,195,-100,366,299,66.8014,375,0,375,299,90,0,0,0,0,0,0,0,0,TP
329,0,0,0,0,0,0,0,0,59,209,95,128,195,-100,366,299,66.8014,375,0,375,299,90,0,0,0,0,0,0,0,0,TP
330,0,0,0,0,0,0,0,0,59,209,95,128,195,-100,366,299,66.8014,375,0,375,299,90,0,0,0,0,0,0,0,0,TP
331,0,0,0,0,0,0,0,0,58,208,96,129,203,-97,359,299,68.4986,375,0,375,299,90,0,0,0,0,0,0,0,0,TP
332,0,0,0,0,0,0,0,0,58,208,96,129,203,-97,359,299,68.4986,375,0,375,299,90,0,0,0,0,0,0,0,0,TP
333,0,0,0,0,0,0,0,0,58,208,96,129,203,-97,359,299,68.4986,375,0,375,299,90,0,0,0,0,0,0,0,0,TP
334,0,0,0,0,0,0,0,0,59,209,95,128,195,-100,366,299,66.8014,375,0,375,299,90,0,0,0,0,0,0,0,0,TP
335,0,0,0,0,0,0,0,0,59,209,95,128,195,-100,366,299,66.8014,375,0,375,299,90,0,0,0,0,0,0,0,0,TP
336,0,0,0,0,0,0,0,0,59,209,95,128,195,-100,366,299,66.8014,375,0,375,299,90,0,0,0,0,0,0,0,0,TP
337,0,0,0,0,0,0,0,0,58,209,96,128,203,-96,360,299,68.3237,375,0,375,299,90,0,0,0,0,0,0,0,0,TP
338,0,0,0,0,0,0,0,0,59,209,95,128,195,-100,366,299,66.8014,375,0,375,299,90,0,0,0,0,0,0,0,0,TP
339,0,0,0,0,0,0,0,0,58,208,96,129,203,-97,359,299,68.4986,375,0,375,299,90,0,0,0,0,0,0,0,0,TP
340,0,0,0,0,0,0,0,0,58,208,96,128,203,-97,359,299,68.4986,375,0,375,299,90,0,0,0,0,0,0,0,0,TP
341,0,0,0,0,0,0,0,0,59,209,95,128,195,-100,366,299,66.8014,375,0,375,299,90,0,0,0,0,0,0,0,0,TP
342,0,0,0,0,0,0,0,0,59,209,95,128,195,-100,366,299,66.8014,,,,,,,,,,,,,,
