frame,BL_x,BL_y,TL_x,TL_y,TR_x,TR_y,BR_x,BR_y,VP_x,VP_y,Clss
1,54,123,150,85,548,87,584,125,438,-29,P
2,54,123,152,87,549,88,582,123,446,-21,P
3,53,125,153,87,547,88,585,125,435,-20,P
4,54,123,151,86,548,87,584,123,437,-23,P
5,55,123,152,87,550,89,584,124,443,-21,P
6,54,124,152,86,550,87,584,125,446,-28,P
7,54,123,151,86,549,86,584,124,445,-26,P
8,54,124,151,88,551,89,584,125,448,-22,P
9,54,124,153,87,550,87,584,125,450,-24,P
10,54,123,151,85,547,86,581,124,443,-29,P
11,53,123,151,87,548,88,582,125,447,-21,P
12,55,124,152,89,551,90,583,125,451,-18,P
13,56,124,151,87,550,88,583,125,446,-27,P
14,56,124,154,86,547,86,585,125,439,-24,P
15,55,123,153,86,548,87,583,123,441,-22,P
16,56,122,150,88,550,88,579,122,455,-22,P
17,54,123,151,86,547,86,582,123,442,-25,P
18,55,123,152,87,548,88,583,124,442,-20,P
19,55,124,152,88,550,89,584,124,443,-20,P
20,56,123,152,86,548,88,583,123,436,-23,P
21,55,123,152,87,547,87,583,124,442,-20,P
22,54,122,153,85,547,87,581,122,440,-22,P
23,56,122,150,87,548,88,580,123,446,-23,P
24,55,124,150,88,548,89,583,125,440,-21,P
25,54,124,149,86,548,87,584,124,435,-28,P
26,53,123,152,86,548,88,582,124,443,-22,P
27,54,123,153,87,549,88,582,123,447,-19,P
28,54,123,150,87,548,88,582,123,441,-22,P
29,53,123,153,87,548,89,583,124,441,-16,P
30,55,124,150,87,549,87,583,123,441,-26,P
31,52,123,151,86,548,86,583,123,444,-23,P
32,54,123,153,87,549,88,583,123,444,-18,P
33,55,123,155,86,550,88,583,123,446,-21,P
34,55,123,152,86,548,87,583,123,440,-23,P
35,54,124,153,85,547,87,584,124,434,-25,P
36,55,124,153,87,550,87,585,125,447,-24,P
37,54,124,152,86,548,88,585,125,435,-23,P
38,55,124,151,87,549,87,584,125,444,-25,P
39,53,124,153,86,548,88,583,124,440,-23,P
40,55,122,155,84,547,85,583,124,444,-25,P
41,54,123,152,86,549,87,583,124,446,-25,P
42,53,122,152,85,548,86,583,122,441,-23,P
43,54,121,152,86,548,84,581,122,455,-22,P
44,52,124,153,85,547,83,584,124,446,-28,P
45,54,124,152,84,546,85,585,124,431,-29,P
46,52,121,153,85,547,85,582,121,445,-19,P
47,54,123,154,85,548,86,582,122,443,-24,P
48,54,123,153,86,548,86,582,124,449,-24,P
49,53,122,151,86,549,87,582,122,445,-22,P
50,54,123,153,86,550,85,584,123,451,-25,P
51,52,123,153,87,547,86,583,123,446,-17,P
52,53,124,153,85,547,86,583,124,440,-26,P
53,55,122,153,85,548,86,583,123,443,-24,P
54,55,123,152,86,548,87,583,123,440,-23,P
55,55,122,152,86,548,88,582,123,441,-21,P
56,55,123,154,86,547,88,583,123,436,-19,P
57,53,124,153,84,546,84,584,125,439,-30,P
58,54,123,152,86,549,88,583,124,443,-23,P
59,55,123,151,85,547,84,583,124,443,-30,P
60,56,121,151,84,546,83,581,122,444,-30,P
61,52,121,152,86,548,85,579,122,458,-21,P
62,56,122,152,84,547,82,582,122,446,-32,P
63,55,124,152,85,547,85,585,125,437,-29,P
64,55,124,154,86,547,86,584,125,442,-24,P
65,55,123,150,85,547,86,582,123,437,-29,P
66,56,122,151,87,549,88,582,122,443,-20,P
67,56,123,151,84,548,84,583,123,441,-35,P
68,54,123,150,85,547,86,583,124,438,-29,P
69,54,121,150,84,545,82,581,121,442,-28,P
70,53,123,152,85,547,85,583,121,437,-24,P
71,55,124,151,88,551,89,584,125,447,-23,P
72,54,122,151,87,546,85,580,123,450,-20,P
73,54,123,150,85,548,85,582,124,445,-31,P
74,55,123,152,84,546,83,583,123,439,-31,P
75,55,123,153,84,544,83,583,121,431,-26,P
76,56,124,151,85,546,86,583,123,430,-29,P
77,56,119,153,86,546,85,580,119,446,-13,P
78,58,121,151,85,546,85,579,119,438,-26,P
79,57,121,150,87,548,87,580,121,446,-21,P
80,56,123,151,86,546,87,583,123,432,-23,P
81,53,124,153,86,547,85,585,124,441,-23,P
82,55,121,151,84,546,84,580,120,440,-27,P
83,55,122,150,85,545,84,580,121,439,-27,P
84,55,121,149,84,545,84,581,119,430,-26,P
85,55,122,151,85,546,85,581,121,438,-25,P
86,54,123,152,86,547,86,582,122,440,-22,P
87,53,121,150,85,546,84,581,121,443,-23,P
88,53,121,151,84,545,84,580,120,439,-24,P
89,52,124,149,87,548,87,584,125,442,-24,P
90,54,121,151,85,546,85,581,121,441,-22,P
91,55,122,150,86,548,87,581,122,442,-24,P
92,54,124,150,86,548,87,584,125,438,-28,P
93,54,124,153,86,549,87,585,126,444,-25,P
94,54,122,150,86,549,87,583,123,443,-23,P
95,56,122,150,86,548,87,582,122,439,-24,P
96,57,123,152,86,548,87,582,124,442,-26,P
97,55,121,151,87,549,87,581,122,451,-19,P
98,56,124,152,87,549,89,584,125,439,-23,P
99,56,122,151,85,547,86,582,122,437,-26,P
100,57,123,153,88,550,89,584,124,445,-18,P
101,55,122,153,86,548,86,581,123,450,-23,P
102,56,123,152,86,549,87,584,125,444,-26,P
103,56,122,152,86,549,87,582,123,446,-24,P
104,55,123,152,85,547,86,584,124,437,-26,P
105,55,124,152,86,549,85,585,125,446,-29,P
106,53,124,152,84,545,83,584,124,436,-30,P
107,56,122,152,85,548,86,583,123,441,-26,P
108,56,123,151,86,549,87,582,123,443,-27,P
109,55,124,152,84,546,85,583,124,434,-32,P
110,56,123,151,87,549,88,581,123,445,-24,P
111,55,124,151,85,547,86,584,124,434,-29,P
112,55,123,153,86,548,88,584,125,440,-22,P
113,56,123,153,86,548,87,583,123,440,-23,P
114,55,123,153,86,548,87,584,125,443,-23,P
115,55,122,151,86,548,88,582,124,442,-23,P
116,55,123,153,86,548,87,582,123,443,-23,P
117,56,123,152,86,548,87,583,123,439,-24,P
118,54,122,151,86,548,87,582,122,442,-22,P
119,53,124,153,86,548,88,583,125,442,-23,P
120,55,121,150,86,549,87,581,121,445,-22,P
121,55,123,151,87,548,88,584,124,439,-21,P
122,54,123,150,87,548,86,584,123,442,-22,P
123,55,122,152,86,549,87,582,122,445,-22,P
124,56,121,150,85,548,85,581,121,444,-27,P
125,54,121,152,87,550,88,582,121,449,-16,P
126,56,124,152,85,548,86,584,125,439,-31,P
127,56,121,152,86,549,88,581,121,443,-20,P
128,54,121,153,85,548,86,582,122,446,-21,P
129,54,120,151,85,547,86,581,121,443,-20,P
130,57,121,151,86,547,85,582,121,442,-22,P
131,55,123,151,84,546,83,584,125,440,-33,P
132,54,123,152,87,550,88,583,124,449,-22,P
133,54,123,152,85,547,85,582,124,445,-28,P
134,53,124,152,85,545,86,585,124,429,-24,P
135,54,123,152,87,549,88,584,123,441,-19,P
136,52,121,155,85,547,85,581,120,447,-17,P
137,55,124,152,84,545,84,584,125,434,-32,P
138,54,122,152,84,545,84,581,123,441,-28,P
139,54,123,150,87,549,88,584,125,443,-22,P
140,55,123,153,86,549,87,583,123,444,-23,P
141,55,123,152,86,548,85,583,123,445,-25,P
142,53,124,153,85,547,85,584,124,440,-26,P
143,55,123,153,86,549,87,582,123,446,-24,P
144,54,124,152,86,548,86,585,126,443,-26,P
145,56,121,153,85,545,85,583,123,438,-20,P
146,55,122,152,87,550,88,583,123,448,-19,P
147,54,121,152,88,550,89,581,121,451,-12,P
148,54,122,149,86,548,86,581,122,445,-26,P
149,54,123,151,87,549,85,583,121,447,-22,P
150,54,123,150,85,546,84,582,124,442,-30,P
151,55,122,151,85,547,83,581,122,448,-29,P
152,55,122,152,85,545,84,581,122,441,-25,P
153,53,123,151,84,546,85,583,124,437,-29,P
154,56,124,151,84,546,83,582,124,440,-37,P
155,58,122,153,87,550,86,583,122,450,-22,P
156,56,124,153,87,551,87,585,124,447,-25,P
157,54,123,152,85,546,84,585,124,438,-25,P
158,54,125,151,86,548,85,585,125,441,-30,P
159,55,122,150,86,546,85,581,122,442,-24,P
160,56,122,153,86,545,82,583,122,445,-22,P
161,55,122,148,86,549,85,581,121,447,-29,P
162,58,122,151,85,544,83,583,121,431,-26,P
163,55,121,150,87,550,87,582,121,449,-20,P
164,56,124,145,89,550,89,584,123,435,-25,P
165,53,124,151,85,546,84,584,125,440,-30,P
166,54,123,151,86,549,85,584,123,446,-26,P
167,55,122,153,85,547,85,582,123,445,-25,P
168,55,121,151,85,548,87,581,122,442,-24,P
169,56,124,153,85,547,86,583,124,437,-29,P
170,53,124,152,86,548,87,584,125,441,-24,P
171,54,123,152,87,547,86,582,123,445,-20,P
172,54,122,152,86,548,86,582,123,448,-22,P
173,55,125,151,85,547,85,584,125,436,-33,P
174,53,122,152,85,546,86,581,123,442,-23,P
175,54,122,152,87,549,87,581,122,451,-19,P
176,56,125,151,85,547,86,584,125,433,-33,P
177,54,123,152,84,546,84,582,123,440,-30,P
178,55,121,152,88,549,88,580,121,452,-14,P
179,53,125,152,87,547,87,584,126,441,-23,P
180,56,123,152,87,548,88,582,124,443,-22,P
181,57,124,153,85,548,86,583,125,441,-32,P
182,54,121,153,84,545,83,582,122,443,-24,P
183,54,121,152,84,545,84,581,121,439,-24,P
184,55,123,153,87,550,88,583,124,449,-21,P
185,54,124,153,86,548,87,583,125,444,-25,P
186,54,125,153,86,547,86,583,125,441,-27,P
187,54,124,152,88,548,88,582,123,443,-18,P
188,54,124,152,86,548,87,583,123,438,-24,P
189,54,126,153,88,549,88,586,127,443,-23,P
190,54,124,152,87,547,86,582,123,443,-22,P
191,54,122,152,84,545,84,579,121,441,-28,P
192,53,123,152,87,547,88,582,124,443,-18,P
193,53,125,154,86,549,87,584,127,448,-27,P
194,55,121,152,87,550,86,581,122,458,-20,P
195,54,123,152,87,546,87,581,122,440,-18,P
196,54,123,153,85,545,83,583,122,439,-24,P
197,54,125,150,86,547,86,584,126,438,-31,P
198,55,122,153,86,546,85,584,124,443,-20,P
199,53,122,151,85,548,85,583,121,441,-24,P
200,54,124,154,86,548,87,584,125,443,-23,P
201,52,122,153,85,547,86,582,123,444,-21,P
202,55,124,153,84,547,85,585,125,436,-31,P
203,53,123,152,87,550,89,584,124,444,-19,P
204,54,124,154,86,549,87,584,125,445,-24,P
205,55,124,154,87,549,89,585,125,440,-19,P
206,54,124,154,87,548,89,583,124,440,-18,P
207,54,124,152,88,548,90,583,125,440,-17,P
208,53,125,152,87,550,87,585,126,448,-26,P
209,54,122,150,87,549,88,581,122,446,-20,P
210,55,123,152,86,548,86,582,124,447,-26,P
211,54,125,153,86,548,87,584,127,443,-28,P
212,54,122,152,87,549,89,581,123,447,-18,P
213,54,123,153,87,549,88,582,124,449,-20,P
214,54,126,152,88,549,89,585,127,441,-24,P
215,55,122,153,87,548,88,580,122,447,-18,P
216,56,124,152,87,548,89,584,125,436,-22,P
217,55,124,152,87,548,88,584,125,440,-22,P
218,54,124,152,87,548,88,583,125,443,-22,P
219,55,124,152,87,548,88,584,125,440,-22,P
220,54,123,152,88,550,89,582,125,453,-19,P
221,54,124,152,87,549,88,584,125,443,-22,P
222,54,124,152,88,550,88,583,124,449,-21,P
223,54,123,152,87,549,86,582,123,451,-22,P
224,53,125,153,85,545,84,584,124,435,-27,P
225,53,124,152,87,551,88,583,125,452,-25,P
226,56,124,152,87,549,88,584,124,440,-24,P
227,55,123,153,87,550,87,582,123,452,-22,P
228,53,124,151,88,549,88,584,125,446,-20,P
229,56,123,151,87,548,88,582,123,440,-22,P
230,55,123,151,86,549,87,583,124,444,-26,P
231,54,123,151,87,547,88,582,123,439,-19,P
232,54,123,152,87,549,88,584,123,441,-19,P
233,56,123,148,88,549,88,583,123,440,-23,P
234,53,124,151,85,547,86,584,124,435,-28,P
235,55,123,150,86,547,86,583,125,442,-27,P
236,52,124,152,86,547,87,584,125,439,-23,P
237,54,124,152,87,550,88,583,125,449,-25,P
238,54,124,153,86,547,87,583,125,441,-24,P
239,55,122,151,87,548,87,582,122,444,-19,P
240,53,123,152,84,545,84,583,122,433,-26,P
241,52,122,152,86,548,86,582,120,443,-18,P
242,54,123,151,87,550,88,583,124,448,-23,P
243,55,123,152,86,548,86,583,124,445,-25,P
244,55,123,151,84,547,85,583,125,440,-33,P
245,55,122,152,85,545,85,582,123,438,-24,P
246,54,123,153,87,548,87,583,123,444,-18,P
247,54,123,151,85,547,86,583,124,439,-27,P
248,54,122,152,85,546,85,583,122,438,-22,P
249,55,123,152,86,548,86,584,125,444,-25,P
250,53,123,150,85,547,86,585,124,434,-26,P
251,54,122,150,85,547,86,581,122,440,-26,P
252,55,124,151,86,548,86,586,125,437,-27,P
253,55,124,152,87,549,89,584,124,437,-21,P
254,55,122,158,87,550,87,583,122,454,-13,P
255,53,122,150,85,547,84,582,122,444,-27,P
256,52,125,152,87,549,88,586,124,436,-20,P
257,53,123,151,84,543,83,583,124,434,-28,P
258,55,123,152,84,548,83,584,124,445,-33,P
259,52,122,153,85,547,84,584,124,447,-22,P
260,53,121,152,86,547,86,583,121,441,-16,P
261,54,123,152,85,548,87,584,123,435,-24,P
262,53,126,152,87,548,87,587,124,431,-22,P
263,54,123,151,88,551,89,584,125,450,-19,P
264,54,123,150,87,549,87,583,121,440,-21,P
265,52,122,150,85,548,84,584,123,445,-26,P
266,53,124,148,87,548,85,583,122,441,-27,P
267,54,123,150,86,546,86,583,121,431,-22,P
268,54,123,154,83,544,84,584,124,431,-27,P
269,56,124,152,86,548,86,585,123,435,-26,P
270,53,125,151,84,548,85,589,127,432,-33,P
271,53,123,151,88,549,88,582,122,446,-17,P
272,52,123,152,83,546,81,584,122,440,-32,P
273,55,123,153,83,545,83,580,121,437,-32,P
274,52,124,153,84,549,84,585,123,442,-30,P
275,54,121,152,86,548,87,580,120,445,-18,P
276,53,123,152,86,550,88,584,123,442,-22,P
277,54,121,153,85,549,86,583,121,444,-20,P
278,53,123,152,86,549,87,583,122,442,-22,P
279,53,124,150,86,549,88,586,123,430,-23,P
280,55,123,153,85,548,86,585,124,439,-25,P
281,55,124,152,85,548,85,585,124,438,-29,P
282,55,122,152,84,547,85,583,123,439,-28,P
283,54,122,151,87,550,88,583,121,443,-18,P
284,54,122,152,86,549,87,583,123,446,-22,P
285,55,122,152,86,549,85,584,122,446,-23,P
286,56,121,149,85,547,85,583,122,438,-26,P
287,54,122,152,85,548,84,582,123,450,-27,P
288,52,123,152,84,547,85,584,123,437,-27,P
289,52,122,151,84,545,83,582,123,442,-27,P
290,53,122,152,85,547,86,582,123,443,-23,P
291,55,122,153,85,546,84,583,122,441,-23,P
292,53,122,153,84,544,83,584,121,433,-22,P
293,55,122,152,85,547,85,584,123,440,-24,P
294,54,122,151,85,548,86,583,123,442,-26,P
295,53,122,155,83,546,84,580,121,443,-27,P
296,52,126,153,86,549,85,585,126,447,-30,P
297,53,123,152,85,545,84,584,125,440,-25,P
298,54,121,150,85,546,87,582,121,431,-20,P
299,54,125,149,86,548,88,585,126,432,-30,P
300,53,122,148,86,547,85,580,122,446,-26,P
301,56,123,150,85,545,86,581,123,432,-29,P
302,54,122,150,86,545,86,579,121,439,-22,P
303,51,124,149,86,545,84,582,125,443,-28,P
304,54,122,147,87,546,86,580,121,439,-22,P
305,51,124,148,88,549,88,581,124,449,-23,P
306,54,122,148,86,545,87,580,121,432,-22,P
307,51,125,149,86,545,86,582,127,440,-29,P
308,51,122,148,87,546,87,580,122,442,-19,P
309,50,124,147,85,545,86,581,123,432,-29,P
310,51,122,148,85,544,86,579,124,440,-26,P
311,49,120,149,83,543,81,579,119,442,-25,P
312,49,122,146,84,545,85,580,122,436,-29,P
313,52,122,151,84,545,85,581,120,432,-23,P
314,51,122,147,84,546,84,580,123,443,-33,P
315,50,120,146,85,546,85,579,121,445,-24,P
316,52,124,145,85,549,86,582,123,438,-37,P
317,49,122,145,85,549,86,579,122,450,-32,P
318,49,122,147,84,547,85,583,123,438,-28,P
319,50,121,146,85,547,85,581,122,444,-26,P
320,50,120,145,83,545,84,581,121,434,-29,P
321,50,119,149,84,547,86,580,119,441,-19,P
322,48,120,145,83,545,83,580,120,438,-28,P
323,49,120,146,81,541,80,582,120,426,-31,P
324,47,120,143,83,544,82,579,120,439,-31,P
325,49,122,142,84,544,84,579,122,434,-35,P
326,42,121,141,85,543,85,578,123,442,-24,P
327,43,121,140,82,539,81,580,123,427,-33,P
328,40,126,137,87,542,86,578,124,430,-30,P
329,36,126,133,87,541,87,579,127,428,-31,P
330,36,125,132,89,542,89,576,125,434,-24,P
331,31,129,127,89,539,88,576,129,427,-36,P
332,30,129,127,89,536,91,575,130,415,-29,P
333,26,129,120,93,536,92,572,129,423,-23,P
334,23,133,119,93,534,93,573,130,407,-27,P
335,21,133,117,96,534,94,570,132,423,-21,P
336,17,136,113,95,536,95,573,137,420,-36,P
337,16,139,109,98,531,99,572,138,396,-28,P
338,11,136,108,98,535,99,567,135,424,-25,P
339,10,139,102,99,531,100,568,139,405,-32,P
340,10,139,100,101,531,101,565,139,412,-30,P
341,7,140,97,100,527,100,563,139,401,-35,P
342,7,140,95,103,526,103,563,142,403,-26,P
343,8,140,95,100,521,98,559,140,397,-38,P
344,8,138,92,103,524,104,558,137,393,-22,P
345,6,141,86,104,523,104,557,141,392,-37,P
346,11,139,87,103,521,102,555,139,390,-40,P
347,6,139,84,105,521,104,553,140,399,-32,P
348,6,141,81,106,518,106,552,141,381,-34,P
349,12,138,79,109,521,107,547,136,398,-29,P
350,5,140,80,107,520,106,549,142,405,-36,P
351,8,139,76,111,519,109,546,139,400,-22,P
352,7,139,73,109,517,109,545,138,381,-31,P
353,7,141,71,111,516,108,544,141,391,-39,P
354,6,142,71,109,512,109,543,142,369,-42,P
355,5,141,65,110,512,111,540,140,362,-43,P
356,7,138,68,111,510,111,535,138,381,-27,P
357,7,139,64,111,511,111,536,140,378,-43,P
358,3,141,61,114,509,115,533,142,377,-33,P
359,6,140,58,114,509,114,533,140,366,-40,P
360,5,139,55,114,507,115,529,138,360,-38,P
361,6,140,55,115,506,116,528,138,352,-36,P
362,8,139,53,117,505,118,523,137,361,-33,P
363,5,139,47,119,502,118,524,139,351,-25,P
364,11,139,47,118,502,117,521,138,345,-55,P
365,4,139,40,123,502,122,515,139,385,-30,P
366,3,141,36,123,500,124,516,141,341,-43,P
367,5,141,37,124,496,124,512,142,348,-41,P
368,3,142,33,125,496,124,511,142,348,-53,P
369,5,141,29,127,497,126,510,142,347,-58,P
370,2,143,26,130,495,129,505,143,364,-53,P
371,119,86,180,56,425,57,452,87,349,-27,P
372,112,86,173,59,424,60,449,87,350,-19,P
373,109,87,168,60,421,61,446,88,345,-21,P
374,106,87,168,59,418,60,443,87,343,-20,P
375,103,90,162,60,414,62,440,91,333,-26,P
376,97,92,159,62,411,64,437,92,331,-21,P
377,94,94,155,63,410,64,435,95,335,-28,P
378,91,95,151,65,406,67,432,94,321,-20,P
379,84,97,146,65,400,66,428,96,316,-22,P
380,81,99,141,67,400,67,426,100,323,-30,P
381,77,100,138,69,398,67,423,100,326,-26,P
382,69,102,130,68,391,67,420,102,309,-31,P
383,68,103,129,72,391,73,413,102,317,-23,P
384,63,104,124,70,387,69,416,103,302,-29,P
385,57,107,122,71,382,73,412,107,295,-24,P
386,56,106,115,74,379,72,406,106,300,-26,P
387,54,110,114,75,378,76,408,112,291,-28,P
388,45,110,108,76,375,76,403,109,291,-22,P
389,45,113,108,75,373,75,402,115,292,-35,P
390,40,115,106,78,372,78,399,114,293,-26,P
391,37,112,100,77,369,76,396,112,290,-28,P
392,33,117,99,79,364,78,394,117,283,-26,P
393,29,118,94,79,363,78,392,119,283,-34,P
394,26,119,92,80,358,80,387,119,276,-28,P
395,23,122,86,83,358,86,385,124,273,-32,P
396,15,124,80,86,354,86,379,124,277,-29,P
397,9,125,76,87,350,88,374,124,274,-25,P
398,7,128,69,91,344,92,369,129,264,-25,P
399,6,128,64,92,339,92,360,128,265,-32,P
400,6,127,54,95,331,95,350,126,250,-35,P
401,8,126,52,94,325,96,342,125,242,-44,P
402,8,122,47,97,319,96,333,122,249,-32,P
403,9,121,42,100,316,101,326,121,249,-31,P
404,6,122,36,101,307,101,320,121,222,-29,P
405,5,121,30,105,302,105,313,121,218,-15,P
406,5,120,26,104,298,104,310,122,206,-33,P
407,6,119,25,103,293,104,303,119,196,-41,P
408,2,120,23,105,292,106,300,120,213,-30,P
409,3,120,19,107,291,108,297,120,212,-49,P
410,4,120,19,106,291,107,296,121,222,-83,P
411,5,121,21,108,291,109,298,122,208,-43,P
412,3,120,20,110,292,111,297,121,229,-12,P
413,69,75,90,60,267,60,276,75,213,-27,P
414,70,76,91,57,265,57,274,76,212,-52,P
415,67,76,90,58,266,58,275,76,216,-40,P
416,66,76,89,60,268,59,274,74,229,-37,P
417,69,77,92,59,266,59,275,77,217,-38,P
418,68,78,89,59,266,59,276,79,210,-50,P
419,70,76,91,60,267,59,275,75,218,-36,P
420,71,78,90,60,267,61,276,78,207,-50,P
421,68,78,91,61,267,62,275,78,219,-33,P
422,67,78,91,59,266,59,276,77,212,-36,P
423,67,78,89,60,267,60,276,77,213,-41,P
424,68,78,90,58,267,57,277,77,212,-52,P
425,70,77,89,59,265,59,276,77,200,-46,P
426,70,78,89,61,267,61,275,78,214,-50,P
427,69,78,90,60,266,62,275,78,207,-40,P
428,68,79,90,60,266,60,275,79,214,-47,P
429,69,78,89,61,267,62,276,78,209,-41,P
430,69,78,90,61,267,61,277,80,214,-39,P
431,68,77,91,58,266,58,273,77,225,-52,P
432,67,77,89,59,266,58,275,77,216,-44,P
433,69,78,91,62,268,61,275,78,227,-36,P
434,69,78,91,61,268,62,275,80,226,-43,P
435,70,77,90,60,266,61,274,78,215,-46,P
436,70,75,90,58,266,59,274,76,215,-48,P
437,68,79,92,61,267,62,276,80,218,-33,P
438,69,77,90,59,265,59,274,77,212,-45,P
439,67,80,90,59,266,59,276,80,212,-52,P
440,67,78,91,61,266,61,276,79,216,-27,P
441,68,77,93,60,267,59,274,77,230,-33,P
442,69,80,90,61,267,61,276,79,211,-48,P
443,67,79,91,59,266,59,274,77,218,-46,P
444,64,80,92,60,267,60,276,80,224,-34,P
445,69,77,89,60,266,59,274,77,217,-48,P
446,69,77,90,61,267,61,276,77,213,-32,P
447,67,78,91,60,266,60,276,77,212,-30,P
448,68,78,91,62,266,62,274,78,220,-27,P
449,67,79,89,62,267,62,275,80,221,-40,P
450,69,78,92,58,263,59,274,78,205,-40,P
451,69,78,91,58,265,57,274,79,218,-57,P
452,68,80,88,61,266,61,276,81,208,-53,P
453,69,77,91,59,266,60,274,77,217,-44,P
454,68,78,89,59,266,59,276,78,208,-48,P
455,69,79,93,57,265,56,274,79,219,-58,P
456,69,79,90,58,266,57,276,79,211,-63,P
457,69,76,90,59,266,59,274,76,217,-43,P
458,68,78,91,59,266,58,274,79,224,-50,P
459,68,79,89,61,266,61,275,80,214,-46,P
460,69,78,91,59,265,60,275,79,210,-43,P
461,69,76,91,60,266,60,274,77,221,-34,P
462,69,78,90,59,266,59,275,78,213,-52,P
463,69,78,90,60,267,60,277,79,211,-43,P
464,66,79,88,60,267,60,276,79,215,-49,P
465,69,78,89,60,266,60,275,79,213,-51,P
466,69,79,91,57,265,57,275,79,210,-62,P
467,66,77,88,61,267,63,274,79,223,-37,P
468,67,78,87,59,265,59,274,79,211,-58,P
469,68,78,89,59,265,59,274,78,212,-52,P
470,67,78,88,61,266,62,275,79,212,-39,P
471,66,80,89,59,266,59,275,81,217,-57,P
472,68,78,90,59,265,59,275,79,212,-46,P
473,67,78,90,59,265,58,275,78,214,-43,P
474,66,78,91,59,266,58,276,78,218,-37,P
475,67,75,89,57,266,56,274,76,222,-51,P
476,66,78,90,61,266,60,274,79,225,-34,P
477,65,76,89,59,266,58,276,75,214,-29,P
478,67,78,89,61,266,62,274,77,213,-34,P
479,68,79,89,61,265,61,276,80,206,-39,P
480,65,79,87,60,266,59,276,81,215,-50,P
481,69,77,88,59,265,58,275,77,206,-52,P
482,65,78,87,61,267,58,276,77,219,-41,P
483,67,76,90,60,264,58,275,76,212,-24,P
484,68,77,87,61,266,60,273,75,215,-46,P
485,67,77,89,62,267,63,273,78,228,-32,P
486,67,77,89,61,266,61,274,77,218,-32,P
487,70,78,90,58,265,56,276,75,201,-53,P
488,68,78,91,59,267,59,276,77,215,-43,P
489,69,79,90,60,268,60,279,78,204,-43,P
490,69,77,91,61,268,60,275,77,227,-37,P
491,69,79,90,61,268,62,277,78,209,-41,P
492,69,79,90,63,269,64,277,81,221,-36,P
493,69,79,91,60,267,59,276,79,218,-49,P
494,69,79,89,62,268,63,277,79,209,-40,P
495,68,78,91,62,268,62,276,79,224,-30,P
496,69,79,90,63,269,63,277,80,221,-36,P
497,69,78,90,60,265,58,277,77,204,-37,P
498,70,78,90,59,265,58,276,78,205,-50,P
499,69,77,90,60,265,59,275,77,211,-37,P
500,68,79,89,62,267,62,276,79,213,-38,P
501,68,78,89,62,267,62,275,78,217,-35,P
502,68,79,90,59,267,58,276,78,215,-54,P
503,68,79,90,60,268,59,278,78,212,-45,P
504,69,78,91,60,266,60,276,77,209,-36,P
505,67,79,92,62,267,63,275,79,222,-26,P
506,68,79,91,60,267,61,273,78,226,-51,P
507,67,79,91,60,268,61,277,80,219,-41,P
508,67,79,92,58,266,58,276,78,214,-44,P
509,68,79,91,60,265,58,276,79,213,-40,P
510,68,78,90,62,268,62,274,78,229,-39,P
511,70,78,92,61,267,61,276,78,216,-34,P
512,70,78,91,59,266,58,273,77,222,-59,P
513,69,79,91,60,265,59,276,80,211,-43,P
514,67,79,88,60,267,60,276,79,213,-53,P
515,69,78,90,60,265,59,275,79,212,-44,P
516,67,77,92,60,266,59,275,78,223,-29,P
517,69,78,91,61,269,62,276,77,221,-39,P
518,68,79,91,59,266,59,275,79,216,-49,P
519,67,78,90,61,267,60,275,78,223,-37,P
520,68,77,90,60,266,59,276,77,213,-35,P
521,70,77,90,59,264,58,274,78,210,-49,P
522,68,79,89,61,266,61,275,77,208,-41,P
523,68,78,90,62,268,62,278,77,209,-24,P
524,69,76,91,62,266,61,276,77,216,-17,P
525,66,78,91,60,267,61,274,77,224,-35,P
526,69,81,91,59,266,59,275,80,213,-63,P
527,69,78,89,61,267,62,276,78,209,-41,P
528,69,78,90,61,268,63,276,77,210,-36,P
529,70,76,91,61,268,61,273,76,233,-40,P
530,70,78,91,61,267,61,275,76,213,-37,P
531,68,77,88,60,266,60,274,77,215,-47,P
532,67,79,88,61,267,61,277,77,204,-38,P
533,69,78,89,61,268,62,275,79,221,-51,P
534,67,79,90,60,267,59,277,79,215,-43,P
535,68,79,90,62,269,62,277,78,219,-37,P
536,68,78,90,60,268,62,275,79,222,-48,P
537,69,78,90,59,266,60,276,79,208,-47,P
538,69,78,89,58,267,57,275,79,219,-72,P
539,68,80,92,58,265,58,276,79,208,-48,P
540,66,80,90,63,267,61,277,80,219,-28,P
541,68,79,90,61,267,61,275,79,219,-44,P
542,68,77,92,61,268,62,275,75,221,-25,P
543,64,81,90,60,267,59,277,81,219,-44,P
544,68,78,89,62,269,63,277,78,216,-34,P
545,67,78,91,62,269,62,276,77,226,-28,P
546,68,76,91,58,268,57,274,76,233,-53,P
547,67,78,90,61,268,62,275,77,222,-36,P
548,68,79,91,58,267,59,278,79,207,-47,P
549,70,80,92,61,266,60,276,81,215,-45,P
550,67,78,93,61,267,60,277,78,221,-22,P
551,68,81,88,63,268,63,278,81,208,-45,P
552,68,79,89,63,268,64,276,80,218,-35,P
553,68,79,90,61,266,60,275,77,213,-39,P
554,66,79,91,61,267,61,275,79,224,-34,P
555,68,79,91,61,267,62,276,79,215,-36,P
556,67,78,91,61,266,61,275,78,218,-28,P
557,69,79,90,62,267,62,276,79,213,-37,P
558,68,77,92,62,268,63,276,78,223,-19,P
559,67,79,90,60,267,61,276,78,212,-40,P
560,68,78,91,62,267,62,276,79,219,-27,P
561,70,78,91,61,268,62,278,77,205,-31,P
562,69,79,91,58,263,57,277,79,198,-44,P
563,68,75,89,60,266,59,272,76,230,-40,P
564,68,79,90,60,268,60,279,80,210,-43,P
565,70,75,91,61,264,60,274,76,213,-20,P
566,72,80,93,64,268,63,275,81,228,-38,P
567,71,83,95,64,269,65,278,85,222,-36,P
568,75,80,98,62,272,63,281,81,222,-35,P
569,78,79,99,62,275,62,284,79,222,-37,P
570,87,78,109,63,283,63,293,77,226,-16,P
571,6,137,51,109,320,110,335,138,252,-16,P
572,7,140,60,107,334,108,351,141,267,-21,P
573,11,145,74,106,350,107,371,144,277,-19,P
574,22,145,92,105,370,107,390,145,304,-16,P
575,37,146,105,108,386,108,405,146,324,-14,P
576,47,151,121,112,401,112,424,152,335,0,P
577,59,158,134,120,418,120,441,160,353,9,P
578,71,166,145,127,433,126,457,165,362,12,P
579,82,173,156,135,445,136,471,175,370,25,P
580,88,177,169,139,458,140,482,177,390,35,P
581,95,177,178,136,468,135,499,177,391,30,P
582,104,167,185,126,479,126,508,167,401,16,P
583,108,156,196,116,489,115,521,158,415,16,P
584,114,145,204,102,498,101,534,144,414,1,P
585,125,132,212,91,508,91,540,131,426,-9,P
586,129,125,222,83,519,84,551,125,441,-15,P
587,132,126,228,83,521,84,557,126,439,-11,P
588,137,127,230,86,528,88,561,127,445,-8,P
589,135,126,231,85,531,86,564,127,453,-9,P
590,130,128,227,86,529,88,562,128,448,-9,P
590,132,129,227,85,529,86,562,130,450,-18,P
591,126,131,226,87,527,88,562,132,448,-10,P
592,122,131,220,89,525,90,560,132,444,-7,P
593,117,133,215,91,525,92,558,133,444,-7,P
594,114,137,210,89,522,91,562,139,429,-20,P
595,108,139,208,93,522,93,560,140,436,-11,P
596,102,140,203,93,520,94,557,140,433,-14,P
597,100,140,202,96,520,99,555,140,432,-3,P
598,102,140,201,96,519,97,554,140,433,-7,P
599,103,141,205,99,524,100,556,143,448,-1,P
600,110,143,212,98,528,97,564,144,448,-6,P
601,115,147,220,101,537,102,573,148,455,-1,P
602,125,147,236,101,547,102,586,149,466,5,P
603,139,146,247,102,562,103,600,147,479,7,P
604,149,147,260,103,575,103,613,149,497,9,P
605,158,146,267,101,584,102,624,147,498,5,P
606,158,148,271,103,592,103,629,148,512,7,P
607,156,156,270,108,595,108,638,158,508,7,P
608,147,160,269,111,597,112,638,162,515,12,P
609,142,163,262,114,596,116,637,163,506,14,P
610,135,169,260,114,595,114,641,171,507,5,P
611,130,169,253,117,597,118,643,170,502,11,P
612,123,172,249,116,599,117,646,172,502,3,P
613,118,176,242,117,601,118,649,177,500,-5,P
614,109,181,238,120,604,121,653,180,500,-3,P
615,102,184,236,123,605,123,654,184,506,0,P
616,102,188,233,124,603,124,658,190,495,-4,P
617,93,193,232,129,605,129,659,192,499,6,P
618,98,194,228,129,608,130,661,195,497,-5,P
619,93,196,232,128,609,128,663,197,504,-5,P
620,90,200,228,132,616,133,669,201,507,-5,P
621,90,202,226,131,614,130,673,202,498,-11,P
622,84,207,226,131,619,131,682,207,498,-14,P
623,81,208,224,133,623,134,684,207,500,-11,P
624,78,207,223,132,625,132,685,208,508,-15,P
625,77,206,220,132,623,133,686,207,499,-12,P
626,80,208,222,133,628,134,689,208,504,-15,P
627,79,206,219,134,632,135,690,206,509,-15,P
628,77,207,221,132,631,131,692,207,510,-18,P
629,79,208,222,132,633,132,694,207,508,-19,P
630,83,207,222,134,634,135,692,208,512,-18,P
631,79,207,223,130,630,132,693,206,501,-18,P
632,81,206,219,133,631,132,690,205,508,-19,P
633,81,207,223,130,629,130,692,206,503,-21,P
634,82,204,221,132,633,132,691,204,511,-18,P
635,81,204,222,132,631,132,688,202,510,-15,P
636,78,208,222,132,633,133,692,207,510,-20,P
637,80,206,222,132,632,133,692,205,507,-16,P
638,79,203,221,131,631,130,692,203,509,-15,P
639,80,205,221,132,631,131,691,205,510,-17,P
640,80,208,221,130,630,130,693,207,502,-25,P
641,81,207,222,129,629,130,694,207,498,-23,P
642,79,206,220,131,631,128,694,206,509,-22,P
643,79,206,220,130,629,128,692,206,506,-24,P
644,80,209,222,129,629,129,695,209,499,-27,P
645,79,206,224,131,630,131,694,206,505,-14,P
646,79,208,222,129,629,128,694,203,497,-22,P
647,76,205,223,129,630,128,690,204,512,-20,P
648,78,206,222,129,629,128,694,204,501,-20,P
649,80,206,219,129,629,127,691,205,504,-28,P
650,79,208,224,127,628,126,695,208,501,-27,P
651,79,209,223,130,630,130,695,207,501,-22,P
652,77,207,221,129,629,128,693,209,507,-25,P
653,79,206,224,127,627,126,692,205,502,-24,P
654,83,206,221,130,628,129,691,206,502,-24,P
655,80,205,221,131,631,130,691,204,509,-20,P
656,80,205,221,133,635,129,693,206,522,-20,P
657,81,205,221,132,632,131,692,206,511,-19,P
658,77,207,220,133,633,131,690,206,517,-20,P
659,79,206,220,131,631,129,693,205,507,-21,P
660,77,209,223,132,632,132,695,209,508,-18,P
661,79,208,222,131,631,132,695,208,502,-19,P
662,79,207,223,130,631,130,694,207,506,-21,P
663,78,206,222,130,629,131,693,207,503,-18,P
664,77,209,220,131,632,132,695,210,505,-24,P
665,79,209,222,130,631,131,695,210,503,-25,P
666,80,205,223,130,630,130,693,205,505,-17,P
667,80,209,225,132,633,134,695,209,507,-17,P
668,79,207,222,131,631,132,694,207,504,-18,P
669,80,205,223,131,632,131,692,206,512,-18,P
670,79,205,221,131,632,131,691,205,511,-20,P
671,79,207,219,132,631,132,694,207,503,-20,P
672,79,206,221,130,631,131,693,207,505,-22,P
673,79,206,221,132,631,132,692,206,507,-17,P
674,80,206,220,128,629,128,691,207,504,-30,P
675,75,204,218,131,632,131,691,204,511,-18,P
676,80,206,221,130,631,128,692,206,510,-25,P
677,81,207,221,131,633,132,692,207,509,-25,P
678,81,206,221,130,631,130,693,207,506,-24,P
679,82,207,220,131,631,132,692,206,502,-24,P
680,80,208,220,129,631,130,692,208,504,-31,P
681,79,206,223,132,632,131,694,206,510,-15,P
682,79,206,221,130,630,129,693,206,506,-22,P
683,79,207,221,131,633,131,694,206,508,-22,P
684,78,206,220,130,631,131,693,206,504,-22,P
685,79,205,225,131,632,131,693,206,513,-14,P
686,79,206,216,132,632,134,693,207,501,-21,P
687,79,207,222,129,627,128,694,207,499,-22,P
688,78,206,222,132,631,133,693,206,506,-13,P
689,78,209,220,133,631,132,694,208,505,-19,P
690,79,204,220,129,627,128,693,203,497,-18,P
691,79,204,221,131,631,132,691,204,507,-16,P
692,80,208,222,130,631,130,694,208,505,-25,P
693,79,208,221,131,633,131,694,206,506,-23,P
694,82,206,224,132,633,133,692,205,510,-17,P
695,82,207,222,131,633,129,694,206,510,-25,P
696,76,207,222,131,632,132,695,208,507,-17,P
697,78,209,223,131,632,129,697,210,509,-22,P
698,76,208,222,132,636,133,697,209,513,-19,P
699,79,210,220,134,636,134,698,211,510,-22,P
700,79,215,221,137,639,138,704,216,507,-20,P
701,78,218,220,141,642,142,705,218,510,-16,P
702,72,220,218,140,642,141,707,220,509,-19,P
703,68,225,212,146,647,145,711,225,514,-19,P
704,62,229,208,147,650,147,714,228,514,-24,P
705,64,230,202,152,653,150,718,230,512,-23,P
706,56,234,210,147,651,146,719,232,515,-25,P
707,43,248,199,158,663,158,731,247,521,-27,P
708,36,254,196,160,666,159,736,254,524,-32,P
709,30,261,191,167,673,166,743,260,527,-29,P
710,56,247,194,165,672,166,734,247,522,-29,P
711,66,247,189,169,674,169,736,248,512,-35,P
712,72,246,183,175,680,177,734,245,511,-34,P
713,83,243,179,183,689,183,734,243,526,-33,P
714,88,247,172,192,696,193,737,247,521,-36,P
715,90,251,168,198,701,197,741,252,525,-44,P
716,95,254,159,205,707,205,744,255,508,-62,P
717,107,250,153,216,720,216,745,249,516,-52,P
718,114,256,151,226,733,225,748,252,552,-99,P
719,288,131,339,87,606,87,653,131,477,-32,P
720,295,134,342,89,614,89,661,136,480,-43,P
721,297,140,348,89,619,88,672,142,485,-48,P
722,299,146,349,93,626,93,680,147,483,-49,P
723,295,153,350,97,631,97,688,154,489,-44,P
724,290,158,347,100,632,100,691,159,488,-43,P
725,278,166,340,103,635,102,698,167,489,-48,P
726,271,174,334,107,640,107,703,174,487,-55,P
727,264,185,327,114,643,113,714,187,479,-57,P
728,249,195,319,118,647,119,719,195,479,-58,P
729,241,206,314,125,653,126,728,205,478,-56,P
730,236,215,307,131,657,130,738,215,471,-63,P
731,227,226,300,137,664,137,744,226,473,-73,P
732,241,211,295,141,665,140,733,210,459,-71,P
733,229,223,289,148,671,146,740,223,470,-78,P
734,226,226,277,158,681,158,742,225,459,-84,P
735,213,240,271,163,684,162,747,235,463,-91,P
736,221,228,259,173,691,169,742,228,452,-106,P
737,214,233,251,181,697,180,744,232,447,-94,P
738,212,231,238,193,708,194,743,231,434,-93,P
739,199,242,228,201,712,198,748,242,453,-117,P
740,187,258,216,212,718,211,745,240,419,-110,P
741,274,118,307,78,575,76,621,117,421,-60,P
742,267,125,300,81,575,81,625,124,407,-61,P
743,255,134,291,85,576,84,633,133,401,-64,P
744,246,138,280,91,581,90,636,139,398,-72,P
745,237,148,277,94,582,94,644,148,396,-66,P
746,224,159,269,99,585,99,653,158,393,-66,P
747,216,167,260,105,589,104,658,167,389,-76,P
748,205,178,255,111,593,110,665,178,395,-76,P
749,201,185,249,114,596,114,671,184,383,-84,P
750,184,200,241,122,601,122,684,200,387,-77,P
751,176,210,231,127,607,127,692,210,378,-94,P
752,163,228,225,136,615,137,707,227,379,-92,P
753,150,239,217,140,618,140,716,239,379,-99,P
754,141,254,208,151,627,151,727,254,376,-107,P
755,127,269,199,161,636,161,739,269,378,-107,P
756,133,258,194,164,639,164,729,258,373,-111,P
757,133,258,187,175,650,176,728,259,376,-115,P
758,132,256,177,184,657,184,724,256,369,-123,P
759,124,263,168,196,669,196,729,263,379,-125,P
760,121,269,157,208,680,208,733,269,368,-149,P
761,116,271,148,220,688,220,732,270,372,-137,P
762,112,277,137,233,700,233,736,276,364,-166,P
763,108,282,127,250,714,249,741,282,374,-166,P
764,103,285,115,265,726,265,743,284,360,-143,P
765,192,152,238,95,551,95,618,152,365,-62,P
766,182,164,231,99,555,100,630,167,360,-72,P
767,176,175,225,106,565,105,641,175,359,-82,P
768,167,186,223,113,571,113,652,188,367,-74,P
769,155,204,216,119,578,119,670,205,361,-83,P
770,145,217,209,130,591,131,679,216,367,-84,P
771,131,232,201,135,596,135,694,233,366,-93,P
772,117,252,192,145,606,146,709,253,366,-103,P
773,101,273,184,154,612,153,727,272,363,-102,P
774,91,283,175,165,626,166,734,282,370,-108,P
775,99,267,167,175,635,175,720,266,373,-103,P
776,104,266,156,189,651,188,721,266,368,-124,P
777,93,284,144,204,663,204,735,285,360,-134,P
778,93,279,132,220,678,220,730,279,366,-134,P
779,91,281,121,238,694,239,730,281,377,-128,P
780,87,287,109,253,706,254,735,286,357,-130,P
781,186,153,235,94,547,94,614,154,368,-66,P
782,178,162,231,100,555,101,621,162,373,-66,P
783,166,176,225,110,565,111,636,177,378,-61,P
784,162,189,218,117,575,119,648,190,370,-78,P
785,146,206,215,120,580,120,667,207,377,-81,P
786,133,223,207,128,590,128,683,222,375,-87,P
787,119,241,201,139,600,138,698,241,384,-88,P
788,108,259,190,148,612,147,712,259,381,-110,P
789,96,276,181,157,623,155,727,276,382,-124,P
790,96,279,170,174,639,175,731,280,378,-121,P
791,91,286,161,186,650,185,739,286,377,-122,P
792,91,286,150,200,662,198,737,286,379,-133,P
793,98,283,141,219,683,217,737,283,386,-145,P
794,96,284,125,234,696,233,739,285,360,-171,P
795,95,283,112,256,714,254,737,282,373,-158,P
796,198,153,246,96,562,97,623,152,381,-64,P
797,187,166,244,102,569,102,635,164,392,-64,P
798,176,179,235,107,577,108,651,179,385,-76,P
799,166,194,232,118,589,117,664,194,400,-75,P
800,152,213,223,124,595,124,682,213,390,-85,P
801,136,231,218,135,607,134,698,231,403,-81,P
802,120,256,210,144,617,143,720,257,402,-94,P
803,106,277,200,155,630,155,736,277,402,-107,P
804,103,282,188,166,638,164,736,281,398,-120,P
805,102,281,180,175,649,174,738,280,399,-122,P
806,101,282,166,196,666,195,738,281,403,-117,P
807,100,286,152,211,679,211,737,284,397,-142,P
808,100,283,143,222,689,221,739,283,398,-139,P
809,99,285,124,250,713,248,741,284,406,-144,P
810,204,147,249,92,555,92,618,147,376,-63,P
811,193,160,245,99,563,98,629,159,385,-65,P
812,181,174,240,104,568,105,642,175,385,-68,P
813,173,188,235,114,580,115,657,189,388,-68,P
814,159,204,228,121,589,122,672,204,390,-73,P
815,141,222,217,129,597,129,689,222,388,-80,P
816,126,243,206,143,609,142,705,243,390,-87,P
817,108,271,195,154,619,155,726,270,382,-97,P
818,108,268,187,162,628,160,725,266,385,-103,P
819,99,277,174,174,640,175,729,277,385,-115,P
820,101,274,163,186,650,186,726,273,380,-122,P
821,97,280,151,206,667,206,732,280,385,-114,P
822,94,284,136,224,682,222,729,283,396,-147,P
823,93,283,121,240,699,239,737,283,369,-140,P
824,90,289,106,263,713,263,732,288,377,-177,P
825,189,158,239,96,554,95,618,157,377,-75,P
826,179,171,237,104,563,106,629,170,384,-65,P
827,168,184,230,110,569,110,643,185,385,-75,P
828,157,203,219,118,576,117,662,203,369,-87,P
829,143,225,214,130,593,131,682,225,380,-92,P
830,129,244,209,143,605,143,697,244,393,-89,P
831,109,270,197,156,617,156,717,269,392,-96,P
832,103,277,186,167,631,168,726,277,392,-106,P
833,94,279,174,176,638,176,727,279,393,-105,P
834,92,287,163,191,650,190,728,287,396,-124,P
835,90,288,144,213,673,212,732,287,397,-138,P
836,88,286,132,228,687,227,731,283,405,-131,P
837,90,289,119,248,702,247,736,288,387,-130,P
838,195,148,245,90,551,89,611,149,387,-74,P
839,188,160,239,98,557,97,623,160,379,-72,P
840,176,174,233,109,572,109,638,173,388,-67,P
841,165,190,229,112,576,111,653,189,386,-79,P
842,152,206,222,122,586,122,667,205,389,-78,P
843,136,225,212,133,596,133,683,224,389,-81,P
844,128,240,204,141,606,142,696,239,385,-94,P
845,104,273,195,155,618,155,719,272,394,-103,P
846,109,269,188,163,627,164,716,268,391,-109,P
847,100,283,177,179,642,178,731,282,393,-112,P
848,95,287,166,194,655,194,730,285,401,-113,P
849,99,286,151,212,673,212,731,284,394,-133,P
850,92,288,134,231,690,230,734,285,400,-129,P
851,99,285,126,246,701,247,732,284,385,-128,P
852,204,148,250,92,553,92,614,149,381,-67,P
853,195,161,247,96,555,95,626,161,378,-67,P
854,182,176,234,106,567,107,640,176,370,-77,P
855,172,186,230,115,576,113,651,184,381,-69,P
856,160,204,224,123,584,122,666,204,383,-78,P
857,142,229,212,131,594,130,686,228,377,-100,P
858,126,250,205,147,611,147,702,250,393,-98,P
859,102,279,198,155,622,153,732,276,395,-99,P
860,102,282,182,172,636,171,730,281,391,-115,P
861,106,279,175,187,648,186,726,280,399,-111,P
862,102,284,161,205,668,204,733,283,402,-117,P
863,106,283,149,227,685,228,732,282,399,-98,P
864,108,284,135,245,701,245,732,283,394,-129,P
865,99,289,116,265,716,263,735,287,400,-135,P
866,191,165,245,104,565,103,628,165,394,-64,P
867,180,180,241,107,569,104,645,180,391,-72,P
868,167,197,232,119,583,119,660,197,392,-73,P
869,155,209,221,128,592,127,670,209,392,-81,P
870,139,232,214,134,599,133,689,232,390,-95,P
871,126,253,198,155,619,154,708,252,386,-100,P
872,107,279,191,160,626,160,730,277,383,-112,P
873,106,279,182,171,637,170,730,279,388,-121,P
874,100,287,168,191,653,189,740,286,382,-111,P
875,103,284,154,213,671,212,729,284,398,-126,P
876,99,288,139,232,691,233,734,288,402,-136,P
877,98,288,128,245,704,246,737,288,398,-141,P
878,96,290,114,264,721,264,739,289,411,-165,P
879,190,159,244,93,557,94,627,160,379,-72,P
880,181,170,235,106,570,104,639,170,385,-71,P
881,166,187,232,111,578,112,653,187,392,-73,P
882,156,208,224,120,585,119,674,208,381,-83,P
883,138,235,209,140,605,139,694,236,387,-98,P
884,131,243,202,152,615,150,702,242,389,-87,P
885,109,275,197,157,622,154,728,273,391,-103,P
886,107,275,186,170,636,170,729,275,392,-103,P
887,103,285,170,194,655,193,734,284,392,-107,P
888,102,288,160,208,669,208,736,288,396,-117,P
889,100,286,148,222,682,223,731,286,409,-126,P
890,105,287,135,241,698,239,737,286,383,-139,P
891,101,289,117,261,713,260,736,289,366,-174,P
892,196,163,241,107,558,106,621,164,376,-61,P
893,182,175,236,111,564,111,634,175,378,-57,P
894,173,189,231,119,576,120,648,188,381,-62,P
895,158,207,221,129,585,128,662,208,387,-76,P
896,142,227,211,134,590,134,682,226,372,-83,P
897,126,249,202,148,604,147,698,248,382,-91,P
898,110,274,190,163,619,161,719,273,382,-103,P
899,104,285,182,172,629,171,731,284,376,-109,P
900,103,277,172,184,639,182,722,275,384,-101,P
901,101,284,155,204,657,203,726,282,374,-120,P
902,96,288,142,220,673,219,728,287,384,-137,P
903,96,288,133,235,686,235,729,287,386,-127,P
904,198,144,247,89,542,89,604,145,378,-58,P
905,189,152,237,99,554,99,612,152,380,-58,P
906,179,169,234,103,560,103,628,167,377,-68,P
907,166,183,227,108,565,108,645,183,373,-71,P
908,156,199,223,118,578,117,657,199,387,-80,P
909,143,213,213,128,587,126,668,211,387,-83,P
910,120,239,204,135,598,134,692,239,391,-96,P
911,113,255,196,146,610,144,710,252,383,-99,P
912,102,273,184,162,627,162,723,273,388,-114,P
913,91,284,172,177,642,178,732,281,389,-109,P
914,94,284,163,189,651,188,733,285,388,-120,P
915,90,292,154,202,663,201,740,291,385,-122,P
916,93,286,139,225,685,224,736,284,396,-115,P
917,97,287,125,248,706,247,737,287,404,-140,P
918,205,152,255,97,557,97,616,151,392,-53,P
919,202,160,248,105,566,105,623,160,390,-64,P
920,188,173,242,113,576,114,637,174,398,-60,P
921,178,190,237,120,584,122,653,190,393,-65,P
922,170,201,229,130,595,130,667,201,393,-67,P
923,146,230,222,137,601,137,690,231,397,-77,P
924,133,249,213,145,611,145,707,249,393,-89,P
925,115,272,203,157,622,157,724,271,396,-95,P
926,110,282,197,164,630,165,733,282,393,-101,P
927,104,287,180,187,647,187,733,286,397,-98,P
928,105,288,172,200,662,200,736,288,404,-104,P
929,112,284,158,220,681,220,734,282,396,-111,P
930,103,289,148,228,690,227,737,290,417,-136,P
931,104,288,128,250,706,251,735,286,377,-144,P
932,211,146,257,91,551,92,610,146,383,-59,P
933,205,156,248,97,559,97,621,157,376,-78,P
934,190,168,246,103,567,102,635,166,390,-64,P
935,181,184,237,115,579,114,652,184,387,-69,P
936,168,199,227,124,587,124,662,199,385,-76,P
937,154,219,222,130,595,130,679,218,387,-85,P
938,137,245,214,140,606,140,703,246,388,-97,P
939,126,263,204,155,620,154,718,263,389,-101,P
940,114,281,189,174,635,174,728,280,387,-108,P
941,110,285,179,182,644,183,731,284,382,-121,P
942,106,289,172,190,649,189,733,289,383,-126,P
943,108,286,162,204,663,204,730,285,384,-133,P
944,110,289,149,225,682,226,731,289,382,-157,P
945,110,291,136,248,699,248,733,290,376,-148,P
946,109,290,122,262,709,261,730,287,336,-198,P
947,200,163,248,103,557,102,623,164,381,-63,P
948,190,171,245,107,564,108,630,171,388,-59,P
949,179,187,237,117,571,114,647,187,386,-62,P
950,164,205,230,123,580,123,660,204,387,-72,P
951,150,222,223,133,591,134,675,221,391,-71,P
952,137,242,216,140,598,140,695,243,388,-82,P
953,123,262,206,154,615,156,713,262,390,-85,P
954,107,288,197,165,625,165,733,288,391,-100,P
955,109,282,188,176,636,172,730,281,397,-104,P
956,107,286,174,192,650,192,729,285,391,-112,P
957,104,287,160,207,664,208,726,289,400,-135,P
958,103,287,151,217,674,215,731,287,394,-137,P
959,101,287,141,235,690,233,732,287,414,-119,P
960,104,287,124,254,706,253,731,288,391,-186,P
961,102,291,115,270,719,270,734,290,388,-171,P
962,182,165,214,104,550,103,628,166,314,-86,P
963,169,178,205,112,561,114,639,179,315,-89,P
964,158,189,198,118,565,118,651,189,314,-87,P
965,148,203,191,124,568,123,662,204,311,-96,P
966,138,217,181,135,584,135,673,217,312,-114,P
967,124,234,176,145,595,144,690,233,324,-108,P
968,107,259,167,153,599,154,711,258,315,-108,P
969,93,282,156,171,620,170,728,281,327,-130,P
970,92,285,149,178,624,176,732,285,315,-133,P
971,88,288,140,188,633,187,730,287,312,-142,P
972,86,289,130,202,649,202,730,287,309,-151,P
973,83,287,117,218,662,217,729,285,299,-151,P
974,80,288,103,241,680,240,726,287,295,-151,P
975,76,286,94,251,689,249,724,285,300,-149,P
976,70,289,81,263,699,261,724,288,275,-195,P
977,130,159,144,111,499,109,570,157,202,-87,P
978,121,173,138,119,507,118,589,172,201,-81,P
979,110,181,131,124,509,124,595,181,205,-76,P
980,101,194,122,133,517,131,606,192,197,-84,P
981,87,209,114,138,522,134,622,208,204,-98,P
982,77,222,112,145,529,142,633,222,221,-94,P
983,67,238,104,151,536,151,649,239,211,-100,P
984,60,253,96,166,552,163,661,252,212,-114,P
985,47,273,87,180,570,179,681,274,217,-122,P
986,36,289,80,187,579,185,693,290,222,-142,P
987,38,284,74,197,588,196,688,284,211,-134,P
988,35,283,63,213,605,211,686,283,205,-142,P
989,30,289,58,222,613,220,688,287,209,-139,P
990,28,285,52,233,623,231,680,287,230,-152,P
991,27,289,44,246,635,245,683,287,196,-138,P
992,26,289,38,255,646,255,679,289,200,-204,P
993,24,291,30,270,660,270,681,289,159,-181,P
994,75,172,88,125,467,123,539,172,148,-91,P
995,72,178,89,128,469,127,546,178,159,-77,P
996,65,184,85,132,478,131,550,183,170,-89,P
997,61,193,84,134,479,134,560,190,167,-78,P
998,58,201,81,142,492,143,571,199,169,-83,P
999,52,214,80,146,496,145,588,213,177,-89,P
1000,48,222,78,153,509,154,595,221,186,-95,P
1001,42,236,78,157,514,155,614,234,194,-97,P
1002,38,247,76,162,522,162,626,245,193,-99,P
1003,29,263,75,169,532,169,641,262,209,-104,P
1004,28,278,72,179,545,178,659,279,205,-120,P
1005,21,290,71,185,553,184,669,290,217,-121,P
1006,21,284,69,190,561,190,663,285,227,-119,P
1007,22,286,65,200,575,200,666,286,228,-126,P
1008,20,290,62,204,580,204,670,291,228,-135,P
1009,23,291,58,218,600,217,676,292,232,-144,P
1010,24,292,54,229,615,227,675,290,241,-163,P
1011,23,292,50,240,625,239,678,290,241,-127,P
1012,18,291,45,245,630,243,678,292,264,-128,P
1013,21,292,36,261,646,260,675,292,248,-177,P
1014,22,292,29,267,652,266,676,291,169,-233,P
1015,83,166,91,120,467,119,537,166,130,-104,P
1016,78,177,93,126,476,125,551,178,159,-98,P
1017,75,183,96,125,472,125,560,182,167,-71,P
1018,75,189,91,135,489,134,566,189,160,-97,P
1019,71,196,90,138,494,139,571,196,168,-100,P
1020,63,205,92,142,501,142,586,204,194,-79,P
1021,61,215,90,145,506,145,599,214,187,-89,P
1022,55,224,88,148,509,148,609,224,192,-91,P
1023,50,232,84,154,520,153,617,233,199,-109,P
1024,44,248,81,160,529,159,636,249,198,-118,P
1025,39,258,78,167,536,166,643,258,201,-120,P
1026,31,272,74,174,542,173,658,273,202,-117,P
1027,28,281,73,180,550,180,663,280,207,-120,P
1028,23,287,68,191,565,191,673,286,213,-118,P
1029,24,284,61,199,573,200,666,284,205,-131,P
1030,21,290,60,205,580,204,672,288,213,-128,P
1031,20,285,58,206,579,206,665,284,216,-122,P
1032,20,290,57,209,583,210,669,288,210,-125,P
1033,20,288,50,227,605,225,669,287,229,-136,P
1034,21,288,48,229,609,227,672,287,218,-142,P
1035,22,289,47,235,614,234,673,287,213,-123,P
1036,20,289,40,248,628,248,670,288,226,-133,P
1037,20,290,38,253,635,252,673,287,223,-127,P
1038,20,290,35,261,643,261,673,289,232,-119,P
1039,21,289,29,268,655,268,678,290,196,-170,P
1040,20,293,25,274,658,274,675,292,162,-246,P
1041,78,168,91,119,460,118,535,167,145,-84,P
1042,77,173,93,127,469,126,540,173,163,-74,P
1043,73,178,91,130,474,130,544,177,168,-75,P
1044,71,183,90,135,481,134,551,183,175,-79,P
1045,71,187,89,137,485,138,552,184,167,-79,P
1046,65,192,88,141,487,140,558,191,185,-74,P
1047,62,201,86,141,487,140,570,201,177,-86,P
1048,57,210,87,142,489,141,579,209,187,-84,P
1049,55,216,82,146,493,146,584,216,176,-97,P
1050,51,222,83,153,504,152,592,221,195,-88,P
1051,45,230,82,153,505,152,602,230,200,-92,P
1052,44,235,82,155,507,153,612,233,195,-82,P
1053,39,246,76,162,517,159,618,246,198,-114,P
1054,32,256,75,166,524,164,631,255,205,-106,P
1055,28,262,72,170,527,170,633,261,204,-106,P
1056,22,272,65,178,532,176,636,270,202,-121,P
1057,11,284,59,188,540,186,647,280,206,-106,P
1058,10,289,55,190,541,189,649,286,196,-120,P
1059,17,268,53,191,536,189,625,267,194,-110,P
1060,16,282,52,198,545,196,635,279,192,-128,P
1061,6,283,43,203,550,201,638,283,196,-127,P
1062,10,269,36,208,558,207,621,270,192,-157,P
1063,6,267,34,208,555,208,618,266,192,-124,P
1064,7,267,33,213,559,214,614,268,201,-135,P
1065,6,262,27,220,565,219,610,262,201,-128,P
1066,7,264,26,224,571,224,609,264,207,-157,P
1067,6,263,24,225,571,223,608,262,206,-159,P
1068,5,268,21,228,575,227,613,268,188,-189,P
1069,6,264,22,229,576,226,613,262,193,-145,P
1070,5,267,18,234,584,233,614,267,192,-207,P
1071,5,265,19,236,583,234,616,264,191,-120,P
1072,4,267,17,238,585,239,614,267,188,-143,P
1073,3,267,15,237,585,236,615,267,181,-178,P
1074,5,267,15,242,591,240,615,266,189,-193,P
1075,5,268,16,243,591,244,616,268,186,-143,P
1076,5,265,14,246,593,245,614,266,200,-146,P
1077,6,265,15,241,585,239,610,262,161,-148,P
1078,5,262,14,240,587,241,608,263,185,-178,P
1079,59,149,70,111,412,109,470,148,126,-82,P
1080,60,149,70,111,416,109,468,148,127,-105,P
1081,61,150,69,115,420,112,471,147,117,-95,P
1082,58,150,68,116,422,114,471,148,128,-88,P
1083,59,147,71,114,420,112,468,146,143,-84,P
1084,59,150,69,114,420,114,471,147,122,-76,P
1085,61,145,71,115,422,113,464,145,142,-98,P
1086,59,146,70,115,423,116,468,146,137,-73,P
1087,60,149,70,115,423,114,472,149,131,-92,P
1088,60,147,71,113,420,113,467,147,137,-91,P
1089,59,149,70,111,414,109,470,148,128,-89,P
1090,59,148,70,113,417,112,469,147,130,-77,P
1091,60,149,71,111,415,110,472,150,129,-89,P
1092,60,147,70,111,418,112,469,146,124,-83,P
1093,62,146,72,113,423,111,470,145,135,-94,P
1094,65,148,75,110,423,110,476,149,131,-102,P
1095,63,145,72,112,424,111,470,145,131,-104,P
1096,60,149,73,113,424,112,476,149,145,-86,P
1097,62,151,71,115,422,115,468,150,127,-109,P
1098,60,148,72,115,420,114,467,146,141,-74,P
1099,63,150,74,114,418,113,473,150,132,-75,P
1100,62,149,71,115,423,114,469,149,130,-107,P
1101,64,151,73,116,421,116,475,152,123,-78,P
1102,61,151,70,115,383,92,471,150,119,-81,P
1103,61,153,71,116,387,94,478,153,123,-76,P
1104,59,152,73,114,387,93,478,152,139,-65,P
1105,61,155,72,115,390,96,481,155,124,-74,P
1106,61,155,72,115,397,96,485,153,125,-77,P
1107,62,154,72,118,394,95,488,156,126,-76,P
1108,60,156,71,118,397,95,487,157,130,-85,P
1109,59,158,74,117,411,105,513,178,147,-82,P
1110,58,157,73,121,423,112,512,177,157,-80,P
1111,59,162,74,118,432,118,530,192,147,-96,P
1112,57,164,73,117,430,117,537,198,146,-97,P
1113,55,167,70,123,435,123,532,197,145,-97,P
1114,57,169,72,124,440,124,558,214,146,-98,P
1115,55,169,70,126,437,124,560,223,150,-103,P
1116,53,172,70,125,438,123,570,225,150,-96,P
1117,51,175,71,124,439,123,563,220,157,-95,P
1118,51,180,70,130,450,131,568,224,157,-98,P
1119,51,183,74,127,444,128,601,257,167,-99,P
1120,52,185,70,131,450,131,605,261,153,-118,P
1121,51,190,75,133,454,132,530,190,167,-85,P
1122,52,193,78,136,461,135,536,192,176,-78,P
1123,55,197,83,139,476,140,546,196,192,-86,P
1124,58,202,87,141,481,141,557,201,194,-84,P
1125,63,204,91,142,488,140,568,204,197,-92,P
1126,65,207,96,139,492,139,577,206,200,-89,P
1127,70,210,102,142,500,142,586,210,209,-85,P
1128,69,218,106,144,513,146,603,219,222,-88,P
1129,70,225,109,143,515,143,612,224,224,-98,P
1130,67,235,110,150,523,148,626,235,234,-95,P
1131,64,244,107,156,532,156,634,243,232,-99,P
1132,61,254,107,164,545,165,646,253,241,-98,P
1133,52,268,101,172,551,171,662,268,240,-100,P
1134,47,278,98,181,561,180,670,279,247,-102,P
1135,44,285,94,183,562,183,675,282,234,-102,P
1136,40,287,91,190,573,189,676,287,252,-116,P
1137,40,286,92,192,574,190,673,286,261,-113,P
1138,43,285,81,204,588,203,677,284,233,-120,P
1139,39,289,76,214,598,213,680,290,241,-120,P
1140,43,284,71,227,614,226,673,283,246,-129,P
1141,38,287,66,237,620,236,675,285,250,-91,P
1142,36,288,59,248,631,247,671,287,268,-115,P
1143,37,289,51,254,638,254,674,289,215,-156,P
1144,36,288,48,265,652,265,672,287,268,-156,P
1145,94,162,107,111,457,110,532,161,158,-89,P
1146,89,166,109,119,467,118,532,165,193,-78,P
1147,83,172,107,122,476,120,544,171,205,-82,P
1148,84,177,107,123,479,122,553,176,195,-83,P
1149,81,183,105,127,487,127,559,180,196,-85,P
1150,75,189,101,127,488,124,570,189,198,-104,P
1151,71,194,105,125,484,126,572,193,208,-84,P
1152,66,202,100,133,495,133,584,202,209,-88,P
1153,66,207,99,134,498,134,587,205,204,-98,P
1154,61,217,97,141,510,141,603,217,212,-101,P
1155,60,222,98,142,510,140,607,221,215,-104,P
1156,55,226,95,147,518,147,612,225,220,-99,P
1157,49,237,94,150,520,149,624,236,223,-99,P
1158,44,245,92,151,523,150,629,244,226,-111,P
1159,46,247,88,158,530,158,634,247,215,-111,P
1160,35,260,87,157,527,155,646,260,223,-112,P
1161,30,266,85,158,527,155,652,265,222,-111,P
1162,30,271,84,166,539,165,658,271,227,-112,P
1163,21,280,78,167,539,168,664,279,220,-114,P
1164,21,282,79,175,549,174,667,281,234,-110,P
1165,24,278,78,176,551,176,664,279,231,-113,P
1166,23,279,72,186,562,186,662,280,234,-121,P
1167,25,280,69,193,568,193,662,279,226,-117,P
1168,20,286,63,202,576,202,666,286,228,-120,P
1169,14,289,60,204,571,204,665,290,229,-108,P
1170,14,284,52,209,572,208,656,282,212,-106,P
1171,10,283,48,213,573,212,651,284,223,-109,P
1172,10,282,40,215,567,214,642,280,189,-117,P
1173,6,280,31,224,576,225,636,280,188,-127,P
1174,5,285,28,233,582,233,640,283,180,-110,P
1175,4,286,24,239,587,240,638,285,177,-120,P
1176,5,281,22,244,590,242,633,279,183,-106,P
1177,5,282,13,256,605,256,633,281,140,-156,P
1178,76,157,128,100,418,100,480,156,259,-43,P
1179,73,158,127,106,424,104,482,158,274,-35,P
1180,72,161,130,105,429,104,488,161,280,-39,P
1181,74,166,131,108,438,107,493,164,286,-49,P
1182,72,171,129,114,444,111,504,171,288,-45,P
1183,70,174,133,112,448,111,511,174,292,-44,P
1184,70,181,134,116,456,113,515,180,305,-57,P
1185,66,188,133,119,463,117,524,187,307,-60,P
1186,61,191,134,116,467,115,531,193,315,-69,P
1187,61,198,135,125,478,124,540,196,320,-57,P
1188,60,205,133,128,484,125,546,204,326,-75,P
1189,54,212,132,129,490,127,559,212,324,-75,P
1190,49,218,132,135,500,133,563,218,344,-77,P
1191,48,226,132,137,508,136,572,226,346,-89,P
1192,43,239,132,142,516,141,586,239,348,-93,P
1193,38,248,126,151,526,150,595,244,347,-92,P
1194,31,259,126,156,533,156,605,258,356,-93,P
1195,26,266,127,159,540,160,613,265,364,-92,P
1196,17,282,124,165,548,165,625,280,368,-101,P
1197,17,284,119,171,560,173,630,283,376,-113,P
1198,17,288,119,179,574,189,637,288,386,-106,P
1199,30,275,89,210,596,210,632,275,403,-135,P
1200,29,286,83,224,612,221,649,285,401,-141,P
1201,26,285,73,235,626,233,652,283,429,-143,P
1202,30,288,64,248,638,249,657,286,421,-172,P
1203,33,287,100,217,604,163,664,287,452,-150,P
1204,36,291,91,229,613,167,673,289,446,-171,P
1205,214,131,299,83,605,83,609,131,591,-81,P
1206,214,137,299,90,615,91,619,138,600,-76,P
1207,215,142,302,90,625,90,630,143,607,-92,P
1208,213,148,303,94,633,94,640,148,609,-89,P
1209,204,160,305,100,639,100,650,160,606,-78,P
1210,202,165,298,107,643,106,659,164,593,-71,P
1211,192,175,301,111,652,112,670,174,600,-64,P
1212,189,187,293,118,660,118,684,188,591,-79,P
1213,179,197,298,120,668,121,694,199,602,-76,P
1214,169,212,290,127,673,124,706,213,594,-86,P
1215,157,228,275,142,682,142,713,229,598,-93,P
1216,155,233,266,152,690,152,719,231,600,-91,P
1217,146,250,245,174,702,175,733,250,591,-91,P
1218,136,260,234,183,707,183,739,257,587,-94,P
1219,136,264,229,191,715,191,743,263,601,-101,P
1220,242,183,167,244,713,183,736,243,601,-108,P
1221,178,242,228,197,719,197,740,238,564,-105,P
1222,169,247,216,212,724,212,740,243,582,-60,P
1223,131,278,192,226,726,224,746,277,596,-118,P
1224,117,286,158,246,728,244,744,285,571,-156,P
1225,285,149,356,99,627,96,668,152,536,-27,P
1226,265,158,345,105,630,104,672,160,535,-20,P
1227,257,164,334,109,629,109,672,163,522,-25,P
1228,237,180,326,113,628,113,681,179,514,-28,P
1229,221,193,316,120,630,118,689,194,513,-31,P
1230,211,205,306,124,636,122,697,204,508,-48,P
1231,192,219,299,131,640,129,706,218,511,-43,P
1232,178,239,289,138,646,137,721,237,501,-54,P
1233,159,256,281,145,652,144,733,257,505,-58,P
1234,143,275,275,154,661,152,745,274,512,-63,P
1235,172,266,272,164,673,163,743,264,507,-75,P
1236,184,266,268,177,691,176,748,256,509,-78,P
1237,213,262,277,184,704,182,747,248,515,-106,P
1238,235,256,290,191,719,189,748,225,510,-69,P
1239,364,111,369,75,597,73,649,111,390,-76,P
1240,387,117,390,80,617,79,667,117,403,-80,P
1241,407,123,409,84,628,85,682,123,416,-52,P
1242,431,129,431,90,648,89,702,130,-2147483648,-2147483648,P
1243,457,137,455,93,668,90,727,139,446,-105,P
1244,482,149,477,97,684,98,746,147,460,-79,P
1245,507,145,500,104,700,102,748,141,467,-89,P
1246,503,68,478,51,612,50,651,69,134,-182,P
1247,523,73,502,52,624,50,668,72,376,-74,P
1248,546,76,519,53,631,51,679,75,354,-87,P
1249,571,85,540,60,656,60,705,84,360,-85,P
1250,591,91,559,65,671,64,722,91,346,-108,P
1251,613,98,583,73,694,74,739,98,388,-89,P
1252,624,102,597,78,707,78,745,100,391,-105,P
1253,637,100,609,79,716,77,748,100,-1916,-1814,P
1254,594,60,549,39,627,39,679,60,47,-195,P
1255,605,64,569,44,645,44,692,65,256,-129,P
1256,621,72,580,48,655,46,709,71,279,-128,P
1257,632,73,594,50,663,48,714,73,282,-138,P
1258,647,78,607,57,680,54,724,77,-17503,-9450,P
1259,666,82,626,59,691,58,738,80,332,-110,P
1260,683,87,640,62,704,63,744,83,259,-159,P
1261,684,83,648,67,713,65,745,81,1269,343,P
1262,695,88,664,70,724,69,748,86,1004,267,P
1263,631,53,597,38,652,36,693,52,136,-165,P
1264,642,56,606,40,657,38,702,56,101,-184,P
1265,651,57,611,42,662,39,702,57,957,171,P
1266,652,64,620,44,663,42,715,62,542,-4,P
1267,660,64,629,48,669,45,716,64,457,-40,P
1268,666,67,629,46,666,44,723,66,539,-5,P
1269,674,67,638,50,682,48,729,67,346,-87,P
1270,678,69,641,48,678,46,737,70,534,-12,P
1271,681,72,643,51,679,47,738,72,493,-31,P
1272,687,72,650,53,692,51,738,72,278,-138,P
1273,690,71,651,52,695,51,736,70,-249,-386,P
1274,691,71,658,55,695,51,738,70,184,-174,P
1275,690,72,653,53,698,48,738,73,950,205,P
1276,692,71,657,55,706,53,743,72,1138,274,P
1277,695,74,657,56,707,56,741,71,-21,-265,P
1278,695,75,661,55,699,53,742,71,555,-7,P
1279,693,72,658,56,697,54,738,71,230,-139,P
1280,691,70,658,55,697,53,741,68,523,-6,P
1281,692,72,665,58,703,54,740,71,301,-130,P
1282,694,71,659,55,693,53,738,72,190,-159,P
1283,693,70,658,55,690,53,737,68,546,7,P
1284,691,69,660,56,691,51,735,67,367,-66,P
1285,689,69,661,55,693,52,739,68,568,8,P
1286,691,69,659,57,699,55,738,70,2466,734,P
1287,694,72,655,53,696,51,746,72,368,-86,P
1288,693,71,659,55,698,54,746,71,531,-5,P
1289,695,73,659,55,705,56,746,73,447,-51,P
1290,690,70,662,56,703,54,744,71,439,-55,P
1291,689,71,660,58,704,57,744,72,421,-49,P
1292,692,73,661,57,702,55,742,72,447,-53,P
1293,693,71,664,57,701,55,747,72,525,-10,P
1294,692,71,658,58,706,56,743,71,1588,413,P
1295,690,70,664,58,702,56,742,71,476,-28,P
1296,683,68,658,56,696,53,742,68,558,8,P
1297,688,69,661,56,699,53,742,70,451,-45,P
1298,685,69,661,56,697,55,743,68,617,32,P
1299,687,70,661,56,698,55,745,69,611,29,P
1300,689,68,658,54,698,53,738,68,449,-40,P
1301,688,68,658,56,698,54,741,67,513,-2,P
1302,685,67,657,56,700,55,738,66,526,4,P
1303,689,72,656,55,696,53,743,72,492,-29,P
1304,694,71,654,55,700,54,741,69,131,-154,P
1305,689,69,655,54,699,53,742,70,253,-123,P
1306,657,54,693,70,701,54,742,69,452,-37,P
1307,661,57,612,38,663,36,711,58,971,177,P
1308,689,70,656,55,701,55,740,72,-395,-422,P
1309,691,71,659,55,697,54,745,72,537,-6,P
1310,692,74,658,55,700,55,743,73,532,-15,P
1311,694,75,661,56,703,56,743,73,542,-12,P
1312,691,71,658,54,695,52,741,71,488,-33,P
1313,692,71,656,54,694,51,741,69,459,-39,P
1314,692,71,657,55,695,53,743,71,459,-35,P
1315,691,73,656,56,698,53,747,73,396,-70,P
1316,691,73,659,54,694,53,743,72,588,11,P
1317,691,74,655,55,693,52,740,70,533,-9,P
1318,692,71,662,55,695,56,745,72,617,30,P
1319,691,71,659,55,697,55,741,71,557,4,P
1320,691,73,660,55,699,56,744,74,579,7,P
1321,694,72,657,56,699,55,747,70,539,4,P
1322,692,73,658,54,696,53,745,73,548,-7,P
1323,692,72,659,55,693,53,745,72,562,5,P
1324,693,72,660,55,701,54,745,73,435,-60,P
1325,693,74,658,56,707,56,745,74,86,-238,P
1326,693,73,661,55,701,55,745,74,528,-19,P
1327,691,73,661,55,695,55,742,72,609,23,P
1328,696,76,659,55,697,55,748,76,558,-2,P
1329,693,73,660,56,696,53,747,73,520,-16,P
1330,692,72,659,54,697,54,744,72,569,4,P
1331,695,72,662,56,698,54,743,73,387,-77,P
1332,692,72,657,56,699,54,746,72,413,-55,P
1333,694,74,659,56,699,54,742,72,463,-44,P
1334,691,74,655,54,693,55,743,74,578,11,P
1335,692,72,657,54,696,53,743,72,504,-24,P
1336,693,72,659,55,699,54,743,71,514,-17,P
1337,690,70,659,57,698,55,740,70,402,-50,P
1338,694,73,657,54,695,53,745,73,514,-19,P
1339,694,74,656,54,692,52,740,71,531,-11,P
1340,693,73,659,55,699,53,741,75,-3437,-2113,P
1341,690,72,654,55,695,54,742,72,466,-33,P
1342,691,72,656,55,693,50,740,70,311,-112,P
1343,693,72,655,51,689,49,740,72,484,-43,P
1344,693,73,656,51,686,49,740,69,597,15,P
1345,691,70,658,53,690,50,744,68,582,13,P
1346,689,71,656,51,682,49,741,70,611,23,P
1347,689,73,653,52,687,50,740,69,589,14,P
1348,696,75,656,53,694,51,742,71,522,-20,P
1349,689,72,655,51,690,49,739,68,587,9,P
1350,694,73,658,53,692,51,741,70,567,2,P
1351,689,71,657,52,688,50,741,71,584,8,P
1352,693,72,657,51,683,48,739,68,602,18,P
1353,695,75,659,55,695,51,740,70,514,-25,P
1354,692,72,658,54,695,51,742,71,477,-41,P
1355,694,72,660,54,693,52,744,71,568,5,P
1356,691,70,656,54,694,54,743,70,560,10,P
1357,690,71,661,54,692,52,739,70,592,13,P
1358,691,72,660,54,691,52,743,70,605,22,P
1359,689,72,659,53,687,51,743,70,619,27,P
1360,693,73,659,54,693,52,745,71,584,12,P
1361,693,72,658,54,695,52,740,68,562,4,P
1362,693,70,657,56,693,53,740,68,449,-24,P
1363,692,71,658,55,691,53,741,68,588,22,P
1364,694,74,657,53,690,50,742,71,557,-3,P
1365,693,73,659,54,695,52,745,71,571,4,P
1366,694,73,659,55,695,55,744,73,569,8,P
1367,691,71,659,53,692,53,743,68,622,32,P
1368,693,72,656,53,696,52,745,72,491,-31,P
1369,691,73,655,52,691,50,745,73,544,-12,P
1370,693,73,660,57,698,54,744,71,512,-14,P
1371,692,71,658,55,699,55,747,72,533,-3,P
1372,693,71,659,55,697,53,742,71,415,-59,P
1373,690,72,657,53,693,52,744,71,586,12,P
1374,695,72,660,54,696,53,743,72,518,-19,P
1375,694,73,657,54,694,51,744,73,394,-81,P
1376,694,73,658,55,689,50,744,72,483,-32,P
1377,692,72,657,55,694,52,743,73,326,-105,P
1378,691,72,658,54,695,51,740,69,535,-13,P
1379,691,71,659,54,694,52,740,68,581,12,P
1380,695,70,661,57,695,56,736,69,480,-12,P
1381,692,71,661,58,703,55,743,69,405,-49,P
1382,694,74,660,55,692,53,744,73,577,8,P
1383,693,73,660,57,697,52,743,74,-2785,-1613,P
