1;14;138;188;29;0;0;0;0;163;231;250;128;0;0;0;0;0;0;0;0;0;0;0;0;0;0;0;0;0;0;TN
2;0;0;0;0;0;0;0;0;163;231;250;128;412;-63;432;299;86.8377;375;0;375;299;90;0;0;0;0;0;0;0;0;TP
3;14;138;188;30;0;0;0;0;163;231;250;128;412;-63;432;299;86.8377;375;0;375;299;90;0;0;0;0;0;0;0;0;TP
4;14;138;188;30;700;217;556;69;163;231;250;128;419;-71;442;299;86.443;375;0;375;299;90;0;0;0;0;0;0;0;0;TP
5;0;0;0;0;702;216;556;69;163;231;250;128;418;-70;444;299;85.9696;375;0;375;299;90;0;0;0;0;0;0;0;0;TP
6;14;138;188;30;699;217;558;68;163;231;250;128;422;-75;440;299;87.2446;375;0;375;299;90;0;0;0;0;0;0;0;0;TP
7;12;139;188;29;700;218;559;69;163;231;250;128;422;-75;440;299;87.2446;375;0;375;299;90;0;0;0;0;0;0;0;0;TP
8;13;139;188;29;0;0;0;0;163;231;250;128;412;-63;432;299;86.8377;375;0;375;299;90;0;0;0;0;0;0;0;0;TP
9;14;138;188;30;702;216;556;69;163;231;250;128;416;-68;445;299;85.4819;375;0;375;299;90;0;0;0;0;0;0;0;0;TP
10;14;138;188;30;700;218;557;69;163;231;250;128;420;-72;441;299;86.7603;375;0;375;299;90;0;0;0;0;0;0;0;0;TP
11;14;138;188;30;700;217;557;68;163;231;250;128;420;-72;441;299;86.7603;375;0;375;299;90;0;0;0;0;0;0;0;0;TP
12;14;138;188;30;701;220;557;68;163;231;250;128;421;-73;440;299;87.0761;375;0;375;299;90;0;0;0;0;0;0;0;0;TP
13;11;139;188;30;701;219;558;68;163;231;250;128;422;-75;440;299;87.2446;375;0;375;299;90;0;0;0;0;0;0;0;0;TP
14;13;139;188;29;702;219;557;69;163;231;250;128;420;-72;441;299;86.7603;375;0;375;299;90;0;0;0;0;0;0;0;0;TP
15;11;139;188;30;701;219;558;68;163;231;250;128;422;-75;440;299;87.2446;375;0;375;299;90;0;0;0;0;0;0;0;0;TP
16;13;139;188;29;703;220;555;68;163;231;250;128;419;-71;442;299;86.443;375;0;375;299;90;0;0;0;0;0;0;0;0;TP
17;11;139;188;30;703;219;555;67;163;231;250;128;419;-71;442;299;86.443;375;0;375;299;90;0;0;0;0;0;0;0;0;TP
18;14;141;187;27;703;221;554;66;163;231;250;128;420;-72;441;299;86.7603;375;0;375;299;90;0;0;0;0;0;0;0;0;TP
19;12;141;187;28;702;218;554;66;163;231;250;128;419;-71;442;299;86.443;375;0;375;299;90;0;0;0;0;0;0;0;0;TP
20;11;139;188;30;702;219;553;66;163;231;250;128;419;-71;442;299;86.443;375;0;375;299;90;0;0;0;0;0;0;0;0;TP
21;9;141;188;30;700;219;554;65;163;231;250;128;421;-73;440;299;87.0761;375;0;375;299;90;0;0;0;0;0;0;0;0;TP
22;10;143;187;28;700;217;554;65;163;231;250;128;420;-72;441;299;86.7603;375;0;375;299;90;0;0;0;0;0;0;0;0;TP
23;9;141;188;30;700;219;554;65;163;231;250;128;421;-73;440;299;87.0761;375;0;375;299;90;0;0;0;0;0;0;0;0;TP
24;10;143;187;28;700;218;556;66;163;231;250;128;422;-75;440;299;87.2446;375;0;375;299;90;0;0;0;0;0;0;0;0;TP
25;2;144;188;29;702;219;553;65;163;231;250;128;420;-72;441;299;86.7603;375;0;375;299;90;0;0;0;0;0;0;0;0;TP
26;3;147;187;28;703;219;551;64;163;231;250;128;419;-71;442;299;86.443;375;0;375;299;90;0;0;0;0;0;0;0;0;TP
27;2;145;188;30;703;220;553;66;163;231;251;128;419;-71;442;299;86.443;375;0;375;299;90;0;0;0;0;0;0;0;0;TP
28;1;144;188;30;703;220;551;64;163;231;250;128;418;-70;442;299;86.2787;375;0;375;299;90;0;0;0;0;0;0;0;0;TP
29;10;143;187;28;708;225;551;64;163;231;250;128;418;-70;442;299;86.2787;375;0;375;299;90;0;0;0;0;0;0;0;0;TP
30;1;144;188;30;712;228;552;64;163;231;250;128;419;-71;443;299;86.2887;375;0;375;299;90;0;0;0;0;0;0;0;0;TP
31;3;147;187;28;713;229;552;64;163;231;251;128;419;-71;443;299;86.2887;375;0;375;299;90;0;0;0;0;0;0;0;0;TP
32;3;147;187;28;713;230;551;64;163;231;250;128;418;-70;442;299;86.2787;375;0;375;299;90;0;0;0;0;0;0;0;0;TP
33;3;147;187;28;714;230;550;63;163;231;250;128;419;-71;443;299;86.2887;375;0;375;299;90;0;0;0;0;0;0;0;0;TP
34;3;147;187;28;715;234;551;64;163;231;250;128;419;-71;441;299;86.5972;375;0;375;299;90;0;0;0;0;0;0;0;0;TP
35;3;147;187;28;713;232;552;63;163;231;250;128;421;-73;440;299;87.0761;375;0;375;299;90;0;0;0;0;0;0;0;0;TP
36;4;147;187;28;714;230;549;62;163;231;250;128;419;-71;443;299;86.2887;375;0;375;299;90;0;0;0;0;0;0;0;0;TP
37;10;143;187;28;712;230;552;63;163;231;250;128;420;-72;441;299;86.7603;375;0;375;299;90;0;0;0;0;0;0;0;0;TP
38;4;147;187;28;716;234;550;62;163;231;250;128;419;-71;441;299;86.5972;375;0;375;299;90;0;0;0;0;0;0;0;0;TP
39;4;147;187;28;712;230;551;64;163;231;251;128;418;-70;442;299;86.2787;375;0;375;299;90;0;0;0;0;0;0;0;0;TP
40;4;147;187;28;715;232;552;63;163;231;251;128;420;-72;442;299;86.6064;375;0;375;299;90;0;0;0;0;0;0;0;0;TP
41;10;143;187;28;716;233;551;63;163;231;251;128;418;-70;442;299;86.2787;375;0;375;299;90;0;0;0;0;0;0;0;0;TP
42;10;143;187;27;715;234;552;63;163;231;250;128;421;-73;440;299;87.0761;375;0;375;299;90;0;0;0;0;0;0;0;0;TP
43;10;143;187;28;712;231;552;63;163;231;251;128;421;-73;440;299;87.0761;375;0;375;299;90;0;0;0;0;0;0;0;0;TP
44;12;141;187;28;714;232;551;64;163;231;251;128;420;-72;441;299;86.7603;375;0;375;299;90;0;0;0;0;0;0;0;0;TP
45;12;141;188;28;715;232;551;64;163;231;251;128;418;-70;442;299;86.2787;375;0;375;299;90;0;0;0;0;0;0;0;0;TP
46;10;143;187;28;712;230;550;62;163;231;250;128;420;-72;441;299;86.7603;375;0;375;299;90;0;0;0;0;0;0;0;0;TP
47;10;143;187;27;712;228;550;62;163;231;250;128;419;-71;443;299;86.2887;375;0;375;299;90;0;0;0;0;0;0;0;0;TP
48;10;143;187;28;713;230;551;65;163;231;251;128;418;-70;442;299;86.2787;375;0;375;299;90;0;0;0;0;0;0;0;0;TP
49;10;143;187;28;714;232;550;62;163;231;251;128;420;-72;441;299;86.7603;375;0;375;299;90;0;0;0;0;0;0;0;0;TP
50;10;143;187;28;716;234;552;64;163;231;250;128;420;-72;441;299;86.7603;375;0;375;299;90;0;0;0;0;0;0;0;0;TP
51;10;143;187;27;714;231;552;63;163;231;250;128;420;-72;442;299;86.6064;375;0;375;299;90;0;0;0;0;0;0;0;0;TP
52;10;143;187;27;713;228;551;64;163;231;251;128;418;-70;444;299;85.9696;375;0;375;299;90;0;0;0;0;0;0;0;0;TP
53;10;143;187;28;714;229;551;64;163;231;250;128;418;-70;444;299;85.9696;375;0;375;299;90;0;0;0;0;0;0;0;0;TP
54;10;143;187;28;712;230;550;62;163;231;251;128;420;-72;441;299;86.7603;375;0;375;299;90;0;0;0;0;0;0;0;0;TP
55;10;143;187;28;712;229;552;63;163;231;250;128;420;-72;442;299;86.6064;375;0;375;299;90;0;0;0;0;0;0;0;0;TP
56;10;143;187;28;710;229;552;63;163;231;250;128;421;-73;440;299;87.0761;375;0;375;299;90;0;0;0;0;0;0;0;0;TP
57;12;141;187;28;712;230;552;63;163;231;251;128;421;-73;441;299;86.9225;375;0;375;299;90;0;0;0;0;0;0;0;0;TP
58;12;141;187;28;715;231;551;64;163;231;251;128;419;-71;443;299;86.2887;375;0;375;299;90;0;0;0;0;0;0;0;0;TP
59;12;141;188;28;716;232;550;62;163;231;251;128;419;-71;443;299;86.2887;375;0;375;299;90;0;0;0;0;0;0;0;0;TP
60;12;141;187;28;717;232;551;64;163;231;250;128;418;-70;444;299;85.9696;375;0;375;299;90;0;0;0;0;0;0;0;0;TP
61;15;140;187;28;715;230;551;64;163;231;251;128;418;-70;444;299;85.9696;375;0;375;299;90;0;0;0;0;0;0;0;0;TP
62;12;141;187;28;715;232;551;64;163;231;250;128;418;-70;442;299;86.2787;375;0;375;299;90;0;0;0;0;0;0;0;0;TP
63;10;143;187;27;716;232;550;62;163;231;250;128;419;-71;443;299;86.2887;375;0;375;299;90;0;0;0;0;0;0;0;0;TP
64;10;143;187;28;715;234;552;64;163;231;251;128;419;-71;441;299;86.5972;375;0;375;299;90;0;0;0;0;0;0;0;0;TP
65;10;143;187;28;715;233;549;61;163;231;250;128;419;-71;441;299;86.5972;375;0;375;299;90;0;0;0;0;0;0;0;0;TP
66;10;143;187;28;715;232;550;63;163;231;250;128;418;-70;442;299;86.2787;375;0;375;299;90;0;0;0;0;0;0;0;0;TP
67;10;143;187;27;714;232;550;62;163;231;250;128;420;-72;441;299;86.7603;375;0;375;299;90;0;0;0;0;0;0;0;0;TP
68;12;141;187;28;714;232;550;62;163;231;250;128;420;-72;441;299;86.7603;375;0;375;299;90;0;0;0;0;0;0;0;0;TP
69;4;147;187;28;713;233;551;63;163;231;250;128;420;-72;440;299;86.9143;375;0;375;299;90;0;0;0;0;0;0;0;0;TP
70;4;147;187;28;713;230;550;63;163;231;250;128;418;-70;442;299;86.2787;375;0;375;299;90;0;0;0;0;0;0;0;0;TP
71;4;147;187;28;712;230;550;62;163;231;250;128;420;-72;441;299;86.7603;375;0;375;299;90;0;0;0;0;0;0;0;0;TP
72;4;147;187;28;712;230;550;62;163;231;250;128;420;-72;441;299;86.7603;375;0;375;299;90;0;0;0;0;0;0;0;0;TP
73;10;143;187;28;715;232;551;63;163;231;250;128;418;-70;442;299;86.2787;375;0;375;299;90;0;0;0;0;0;0;0;0;TP
74;10;143;187;27;716;234;550;62;163;231;251;128;419;-71;441;299;86.5972;375;0;375;299;90;0;0;0;0;0;0;0;0;TP
75;10;143;187;28;714;232;550;62;163;231;251;128;420;-72;441;299;86.7603;375;0;375;299;90;0;0;0;0;0;0;0;0;TP
76;12;141;187;28;717;234;551;64;163;231;251;128;418;-70;442;299;86.2787;375;0;375;299;90;0;0;0;0;0;0;0;0;TP
77;12;141;187;28;713;231;552;64;163;231;250;128;420;-72;441;299;86.7603;375;0;375;299;90;0;0;0;0;0;0;0;0;TP
78;10;143;187;28;715;234;551;63;163;231;250;128;419;-71;441;299;86.5972;375;0;375;299;90;0;0;0;0;0;0;0;0;TP
79;10;143;187;28;712;230;550;62;163;231;250;128;420;-72;441;299;86.7603;375;0;375;299;90;0;0;0;0;0;0;0;0;TP
80;3;147;187;28;715;232;552;63;163;231;251;128;420;-72;442;299;86.6064;375;0;375;299;90;0;0;0;0;0;0;0;0;TP
81;10;143;187;28;714;232;549;61;163;231;250;128;419;-71;441;299;86.5972;375;0;375;299;90;0;0;0;0;0;0;0;0;TP
82;14;141;187;27;714;231;550;63;163;231;250;128;418;-70;442;299;86.2787;375;0;375;299;90;0;0;0;0;0;0;0;0;TP
83;12;141;187;28;711;228;552;64;163;231;250;128;418;-70;442;299;86.2787;375;0;375;299;90;0;0;0;0;0;0;0;0;TP
84;10;143;187;28;714;232;553;63;163;231;251;128;421;-73;441;299;86.9225;375;0;375;299;90;0;0;0;0;0;0;0;0;TP
85;10;143;187;28;716;233;551;63;163;231;250;128;418;-70;442;299;86.2787;375;0;375;299;90;0;0;0;0;0;0;0;0;TP
86;4;147;187;28;715;233;552;64;163;231;250;128;420;-72;441;299;86.7603;375;0;375;299;90;0;0;0;0;0;0;0;0;TP
87;12;141;188;28;714;232;551;64;163;231;250;128;418;-70;442;299;86.2787;375;0;375;299;90;0;0;0;0;0;0;0;0;TP
88;10;143;187;28;713;230;552;63;163;231;251;128;420;-72;442;299;86.6064;375;0;375;299;90;0;0;0;0;0;0;0;0;TP
89;3;147;187;28;717;232;551;64;163;231;250;128;418;-70;444;299;85.9696;375;0;375;299;90;0;0;0;0;0;0;0;0;TP
90;4;147;187;28;715;234;552;63;163;231;250;128;421;-73;440;299;87.0761;375;0;375;299;90;0;0;0;0;0;0;0;0;TP
91;12;141;187;28;713;232;552;63;163;231;250;128;421;-73;440;299;87.0761;375;0;375;299;90;0;0;0;0;0;0;0;0;TP
92;10;143;187;28;713;230;550;63;163;231;251;128;418;-70;442;299;86.2787;375;0;375;299;90;0;0;0;0;0;0;0;0;TP
93;10;143;187;28;715;232;551;63;163;231;251;128;420;-72;442;299;86.6064;375;0;375;299;90;0;0;0;0;0;0;0;0;TP
94;10;143;187;28;714;231;550;63;163;231;250;128;418;-70;442;299;86.2787;375;0;375;299;90;0;0;0;0;0;0;0;0;TP
95;10;143;187;27;714;232;550;62;163;231;250;128;420;-72;441;299;86.7603;375;0;375;299;90;0;0;0;0;0;0;0;0;TP
96;10;143;187;28;715;232;552;63;163;231;250;128;420;-72;442;299;86.6064;375;0;375;299;90;0;0;0;0;0;0;0;0;TP
97;10;143;187;28;713;228;549;62;163;231;250;128;418;-70;444;299;85.9696;375;0;375;299;90;0;0;0;0;0;0;0;0;TP
98;4;147;187;28;716;232;550;62;163;231;251;128;419;-71;443;299;86.2887;375;0;375;299;90;0;0;0;0;0;0;0;0;TP
99;10;143;187;27;717;232;551;65;163;231;251;128;418;-70;444;299;85.9696;375;0;375;299;90;0;0;0;0;0;0;0;0;TP
100;12;141;187;28;714;232;551;63;163;231;251;128;420;-72;441;299;86.7603;375;0;375;299;90;0;0;0;0;0;0;0;0;TP
101;10;143;187;28;712;229;551;62;163;231;250;128;420;-72;442;299;86.6064;375;0;375;299;90;0;0;0;0;0;0;0;0;TP
102;10;143;187;28;713;230;550;62;163;231;250;128;420;-72;442;299;86.6064;375;0;375;299;90;0;0;0;0;0;0;0;0;TP
103;12;141;187;28;713;231;550;62;163;231;251;128;419;-71;441;299;86.5972;375;0;375;299;90;0;0;0;0;0;0;0;0;TP
104;10;143;187;28;714;232;550;62;163;231;251;128;420;-72;441;299;86.7603;375;0;375;299;90;0;0;0;0;0;0;0;0;TP
105;10;143;187;28;714;231;550;63;163;231;250;128;418;-70;442;299;86.2787;375;0;375;299;90;0;0;0;0;0;0;0;0;TP
106;3;147;187;28;713;231;550;63;163;231;250;128;418;-70;442;299;86.2787;375;0;375;299;90;0;0;0;0;0;0;0;0;TP
107;12;141;187;28;715;232;551;64;163;231;250;128;418;-70;442;299;86.2787;375;0;375;299;90;0;0;0;0;0;0;0;0;TP
108;3;147;187;28;714;232;552;63;163;231;250;128;421;-73;441;299;86.9225;375;0;375;299;90;0;0;0;0;0;0;0;0;TP
109;10;143;187;27;712;230;550;62;163;231;251;128;420;-72;441;299;86.7603;375;0;375;299;90;0;0;0;0;0;0;0;0;TP
110;10;143;187;28;713;233;551;63;163;231;251;128;420;-72;440;299;86.9143;375;0;375;299;90;0;0;0;0;0;0;0;0;TP
111;3;147;187;27;714;233;550;63;163;231;251;128;419;-71;441;299;86.5972;375;0;375;299;90;0;0;0;0;0;0;0;0;TP
112;10;143;187;27;713;229;552;64;163;231;250;128;419;-71;443;299;86.2887;375;0;375;299;90;0;0;0;0;0;0;0;0;TP
113;10;143;187;28;714;233;550;63;163;231;250;128;419;-71;441;299;86.5972;375;0;375;299;90;0;0;0;0;0;0;0;0;TP
114;10;143;187;28;712;231;552;63;163;231;250;128;421;-73;440;299;87.0761;375;0;375;299;90;0;0;0;0;0;0;0;0;TP
115;10;143;187;28;712;230;552;64;163;231;251;128;420;-72;441;299;86.7603;375;0;375;299;90;0;0;0;0;0;0;0;0;TP
116;10;143;187;28;713;229;551;64;163;231;251;128;419;-71;443;299;86.2887;375;0;375;299;90;0;0;0;0;0;0;0;0;TP
117;3;147;187;28;716;232;550;62;163;231;250;128;419;-71;443;299;86.2887;375;0;375;299;90;0;0;0;0;0;0;0;0;TP
118;3;147;187;28;715;232;550;63;163;231;250;128;418;-70;442;299;86.2787;375;0;375;299;90;0;0;0;0;0;0;0;0;TP
119;10;143;187;28;715;232;551;64;163;231;250;128;418;-70;442;299;86.2787;375;0;375;299;90;0;0;0;0;0;0;0;0;TP
120;3;147;187;28;712;230;551;62;163;231;251;128;420;-72;441;299;86.7603;375;0;375;299;90;0;0;0;0;0;0;0;0;TP
121;10;143;187;27;715;232;551;64;163;231;251;128;418;-70;442;299;86.2787;375;0;375;299;90;0;0;0;0;0;0;0;0;TP
122;4;147;187;28;715;232;551;64;163;231;251;128;418;-70;442;299;86.2787;375;0;375;299;90;0;0;0;0;0;0;0;0;TP
123;10;143;187;28;713;228;551;64;163;231;251;128;418;-70;444;299;85.9696;375;0;375;299;90;0;0;0;0;0;0;0;0;TP
124;4;147;187;28;715;232;549;61;163;231;250;128;420;-72;442;299;86.6064;375;0;375;299;90;0;0;0;0;0;0;0;0;TP
125;10;143;187;27;714;231;552;63;163;231;251;128;420;-72;442;299;86.6064;375;0;375;299;90;0;0;0;0;0;0;0;0;TP
126;10;143;187;28;715;232;551;64;163;231;251;128;418;-70;442;299;86.2787;375;0;375;299;90;0;0;0;0;0;0;0;0;TP
127;10;143;187;28;712;228;550;62;163;231;251;128;419;-71;443;299;86.2887;375;0;375;299;90;0;0;0;0;0;0;0;0;TP
128;3;147;187;28;714;231;551;63;163;231;250;128;418;-70;442;299;86.2787;375;0;375;299;90;0;0;0;0;0;0;0;0;TP
129;4;147;187;28;714;232;552;63;163;231;251;128;420;-72;441;299;86.7603;375;0;375;299;90;0;0;0;0;0;0;0;0;TP
130;10;143;187;28;718;234;550;63;163;231;251;128;419;-71;443;299;86.2887;375;0;375;299;90;0;0;0;0;0;0;0;0;TP
131;3;147;187;28;712;228;552;64;163;231;251;128;419;-71;443;299;86.2887;375;0;375;299;90;0;0;0;0;0;0;0;0;TP
132;4;147;187;28;715;232;551;64;163;231;251;128;418;-70;442;299;86.2787;375;0;375;299;90;0;0;0;0;0;0;0;0;TP
133;4;147;187;28;712;231;552;63;163;231;251;128;421;-73;440;299;87.0761;375;0;375;299;90;0;0;0;0;0;0;0;0;TP
134;10;143;187;28;715;231;550;63;163;231;250;128;419;-71;443;299;86.2887;375;0;375;299;90;0;0;0;0;0;0;0;0;TP
135;10;143;187;27;712;230;550;62;163;231;251;128;420;-72;441;299;86.7603;375;0;375;299;90;0;0;0;0;0;0;0;0;TP
136;10;143;187;28;714;232;550;62;163;231;251;128;420;-72;441;299;86.7603;375;0;375;299;90;0;0;0;0;0;0;0;0;TP
137;10;143;187;28;713;232;551;62;163;231;251;128;421;-73;440;299;87.0761;375;0;375;299;90;0;0;0;0;0;0;0;0;TP
138;10;143;187;28;714;232;551;64;163;231;251;128;420;-72;441;299;86.7603;375;0;375;299;90;0;0;0;0;0;0;0;0;TP
139;10;143;187;28;714;232;551;64;163;231;251;128;420;-72;441;299;86.7603;375;0;375;299;90;0;0;0;0;0;0;0;0;TP
140;10;143;187;28;716;234;550;62;163;231;251;128;419;-71;441;299;86.5972;375;0;375;299;90;0;0;0;0;0;0;0;0;TP
141;10;143;187;28;711;228;551;64;163;231;251;128;418;-70;442;299;86.2787;375;0;375;299;90;0;0;0;0;0;0;0;0;TP
142;3;147;187;27;716;233;552;63;163;231;251;128;420;-72;442;299;86.6064;375;0;375;299;90;0;0;0;0;0;0;0;0;TP
143;10;143;187;28;714;231;552;63;163;231;251;128;420;-72;442;299;86.6064;375;0;375;299;90;0;0;0;0;0;0;0;0;TP
144;4;147;187;28;716;232;551;64;163;231;251;128;419;-71;443;299;86.2887;375;0;375;299;90;0;0;0;0;0;0;0;0;TP
145;10;143;187;28;714;232;553;63;163;231;251;128;421;-73;441;299;86.9225;375;0;375;299;90;0;0;0;0;0;0;0;0;TP
146;10;143;187;28;714;233;553;63;163;231;250;128;421;-73;440;299;87.0761;375;0;375;299;90;0;0;0;0;0;0;0;0;TP
147;10;143;187;28;715;233;551;63;163;231;250;128;420;-72;441;299;86.7603;375;0;375;299;90;0;0;0;0;0;0;0;0;TP
148;12;141;187;28;713;231;550;62;163;231;251;128;419;-71;441;299;86.5972;375;0;375;299;90;0;0;0;0;0;0;0;0;TP
149;10;143;187;28;716;233;552;63;163;231;250;128;420;-72;442;299;86.6064;375;0;375;299;90;0;0;0;0;0;0;0;0;TP
150;4;147;187;28;717;234;551;64;163;231;250;128;418;-70;442;299;86.2787;375;0;375;299;90;0;0;0;0;0;0;0;0;TP
151;10;143;187;28;713;232;552;63;163;231;251;128;421;-73;440;299;87.0761;375;0;375;299;90;0;0;0;0;0;0;0;0;TP
152;10;143;187;28;714;233;551;63;163;231;251;128;419;-71;441;299;86.5972;375;0;375;299;90;0;0;0;0;0;0;0;0;TP
153;4;147;187;28;716;233;551;63;163;231;250;128;418;-70;442;299;86.2787;375;0;375;299;90;0;0;0;0;0;0;0;0;TP
154;4;147;187;28;712;230;550;62;163;231;250;128;420;-72;441;299;86.7603;375;0;375;299;90;0;0;0;0;0;0;0;0;TP
155;10;143;187;28;714;232;550;62;163;231;250;128;420;-72;441;299;86.7603;375;0;375;299;90;0;0;0;0;0;0;0;0;TP
156;10;143;187;28;714;231;550;63;163;231;250;128;418;-70;442;299;86.2787;375;0;375;299;90;0;0;0;0;0;0;0;0;TP
157;10;143;187;28;715;234;551;62;163;231;250;128;421;-73;440;299;87.0761;375;0;375;299;90;0;0;0;0;0;0;0;0;TP
158;10;143;187;28;715;232;551;64;163;231;250;128;418;-70;442;299;86.2787;375;0;375;299;90;0;0;0;0;0;0;0;0;TP
159;14;141;187;27;712;230;551;64;163;231;250;128;418;-70;442;299;86.2787;375;0;375;299;90;0;0;0;0;0;0;0;0;TP
160;10;143;187;28;717;232;551;64;163;231;251;128;418;-70;444;299;85.9696;375;0;375;299;90;0;0;0;0;0;0;0;0;TP
161;12;141;187;28;715;232;551;64;163;231;250;128;418;-70;442;299;86.2787;375;0;375;299;90;0;0;0;0;0;0;0;0;TP
162;10;143;187;27;713;230;551;64;163;231;250;128;418;-70;442;299;86.2787;375;0;375;299;90;0;0;0;0;0;0;0;0;TP
163;10;143;187;28;714;232;551;64;163;231;251;128;420;-72;441;299;86.7603;375;0;375;299;90;0;0;0;0;0;0;0;0;TP
164;10;143;187;28;711;229;550;62;163;231;251;128;420;-72;441;299;86.7603;375;0;375;299;90;0;0;0;0;0;0;0;0;TP
165;10;143;187;27;714;232;551;64;163;231;250;128;420;-72;441;299;86.7603;375;0;375;299;90;0;0;0;0;0;0;0;0;TP
166;12;141;187;28;715;234;553;63;163;231;250;128;421;-73;440;299;87.0761;375;0;375;299;90;0;0;0;0;0;0;0;0;TP
167;10;143;187;27;714;231;550;62;163;231;251;128;420;-72;442;299;86.6064;375;0;375;299;90;0;0;0;0;0;0;0;0;TP
168;3;147;187;28;714;232;550;62;163;231;250;128;420;-72;441;299;86.7603;375;0;375;299;90;0;0;0;0;0;0;0;0;TP
169;10;142;186;29;712;230;551;63;163;231;250;128;420;-72;441;299;86.7603;375;0;375;299;90;0;0;0;0;0;0;0;0;TP
170;10;143;187;28;715;234;552;63;163;231;251;128;421;-73;440;299;87.0761;375;0;375;299;90;0;0;0;0;0;0;0;0;TP
171;10;143;187;28;711;228;550;62;163;231;251;128;418;-70;442;299;86.2787;375;0;375;299;90;0;0;0;0;0;0;0;0;TP
172;10;143;187;28;715;234;553;63;163;231;251;128;421;-73;440;299;87.0761;375;0;375;299;90;0;0;0;0;0;0;0;0;TP
173;10;143;187;28;716;232;550;62;163;231;251;128;419;-71;443;299;86.2887;375;0;375;299;90;0;0;0;0;0;0;0;0;TP
174;10;143;187;28;716;232;551;64;163;231;250;128;419;-71;443;299;86.2887;375;0;375;299;90;0;0;0;0;0;0;0;0;TP
175;12;141;187;28;714;231;552;63;163;231;250;128;420;-72;442;299;86.6064;375;0;375;299;90;0;0;0;0;0;0;0;0;TP
176;14;141;187;27;714;232;552;63;163;231;251;128;420;-72;441;299;86.7603;375;0;375;299;90;0;0;0;0;0;0;0;0;TP
177;10;143;187;27;716;234;552;64;163;231;250;128;420;-72;441;299;86.7603;375;0;375;299;90;0;0;0;0;0;0;0;0;TP
178;15;140;187;28;716;234;550;62;163;231;251;128;419;-71;441;299;86.5972;375;0;375;299;90;0;0;0;0;0;0;0;0;TP
179;10;143;187;28;712;228;551;63;163;231;251;128;419;-71;443;299;86.2887;375;0;375;299;90;0;0;0;0;0;0;0;0;TP
180;10;143;187;28;712;230;550;62;163;231;250;128;420;-72;441;299;86.7603;375;0;375;299;90;0;0;0;0;0;0;0;0;TP
181;15;140;187;28;715;234;551;62;163;231;250;128;421;-73;440;299;87.0761;375;0;375;299;90;0;0;0;0;0;0;0;0;TP
182;10;143;187;28;714;232;550;62;163;231;250;128;420;-72;441;299;86.7603;375;0;375;299;90;0;0;0;0;0;0;0;0;TP
183;14;141;187;27;712;228;552;64;163;231;251;128;419;-71;443;299;86.2887;375;0;375;299;90;0;0;0;0;0;0;0;0;TP
184;10;143;187;28;715;232;551;64;163;231;250;128;418;-70;442;299;86.2787;375;0;375;299;90;0;0;0;0;0;0;0;0;TP
185;10;143;187;28;715;232;551;64;163;231;251;128;418;-70;442;299;86.2787;375;0;375;299;90;0;0;0;0;0;0;0;0;TP
186;10;143;187;27;714;231;552;63;163;231;250;128;420;-72;442;299;86.6064;375;0;375;299;90;0;0;0;0;0;0;0;0;TP
187;4;147;187;28;717;235;552;63;163;231;250;128;420;-72;441;299;86.7603;375;0;375;299;90;0;0;0;0;0;0;0;0;TP
188;10;143;187;28;715;230;551;64;163;231;251;128;418;-70;444;299;85.9696;375;0;375;299;90;0;0;0;0;0;0;0;0;TP
189;10;143;187;28;712;230;552;64;163;231;250;128;420;-72;441;299;86.7603;375;0;375;299;90;0;0;0;0;0;0;0;0;TP
190;4;147;187;28;714;228;551;64;163;231;250;128;418;-70;444;299;85.9696;375;0;375;299;90;0;0;0;0;0;0;0;0;TP
191;10;143;187;28;715;232;551;65;163;231;250;128;418;-70;442;299;86.2787;375;0;375;299;90;0;0;0;0;0;0;0;0;TP
192;10;143;187;27;715;233;549;61;163;231;250;128;419;-71;441;299;86.5972;375;0;375;299;90;0;0;0;0;0;0;0;0;TP
193;10;143;187;28;714;233;553;63;163;231;251;128;421;-73;440;299;87.0761;375;0;375;299;90;0;0;0;0;0;0;0;0;TP
194;12;141;187;28;713;232;552;63;163;231;250;128;421;-73;440;299;87.0761;375;0;375;299;90;0;0;0;0;0;0;0;0;TP
195;3;147;187;28;713;230;551;64;163;231;250;128;418;-70;442;299;86.2787;375;0;375;299;90;0;0;0;0;0;0;0;0;TP
196;4;147;187;28;714;233;550;63;163;231;250;128;419;-71;441;299;86.5972;375;0;375;299;90;0;0;0;0;0;0;0;0;TP
197;4;147;187;28;713;230;552;65;163;231;251;128;418;-70;442;299;86.2787;375;0;375;299;90;0;0;0;0;0;0;0;0;TP
198;10;143;187;27;712;229;552;63;163;231;250;128;420;-72;442;299;86.6064;375;0;375;299;90;0;0;0;0;0;0;0;0;TP
199;10;143;187;27;715;232;552;64;163;231;251;128;418;-70;442;299;86.2787;375;0;375;299;90;0;0;0;0;0;0;0;0;TP
200;10;143;187;28;715;232;551;63;163;231;250;128;418;-70;442;299;86.2787;375;0;375;299;90;0;0;0;0;0;0;0;0;TP
201;10;143;187;28;712;228;551;65;163;231;250;128;417;-69;443;299;85.9586;375;0;375;299;90;0;0;0;0;0;0;0;0;TP
202;14;141;187;27;715;233;551;63;163;231;250;128;420;-72;441;299;86.7603;375;0;375;299;90;0;0;0;0;0;0;0;0;TP
203;10;143;187;27;713;230;552;64;163;231;251;128;418;-70;442;299;86.2787;375;0;375;299;90;0;0;0;0;0;0;0;0;TP
204;3;147;187;28;714;230;550;62;163;231;250;128;419;-71;443;299;86.2887;375;0;375;299;90;0;0;0;0;0;0;0;0;TP
205;10;143;187;28;713;230;550;63;163;231;251;128;418;-70;442;299;86.2787;375;0;375;299;90;0;0;0;0;0;0;0;0;TP
206;10;143;187;28;715;234;552;63;163;231;251;128;421;-73;440;299;87.0761;375;0;375;299;90;0;0;0;0;0;0;0;0;TP
207;10;143;187;27;713;233;551;63;163;231;250;128;420;-72;440;299;86.9143;375;0;375;299;90;0;0;0;0;0;0;0;0;TP
208;12;141;187;28;714;232;550;62;163;231;251;128;420;-72;441;299;86.7603;375;0;375;299;90;0;0;0;0;0;0;0;0;TP
209;4;147;187;28;714;230;551;65;163;231;250;128;417;-69;443;299;85.9586;375;0;375;299;90;0;0;0;0;0;0;0;0;TP
210;12;141;188;28;712;229;550;64;163;231;250;128;418;-70;442;299;86.2787;375;0;375;299;90;0;0;0;0;0;0;0;0;TP
211;10;143;187;28;715;233;551;63;163;231;251;128;420;-72;441;299;86.7603;375;0;375;299;90;0;0;0;0;0;0;0;0;TP
212;10;143;187;28;714;232;551;64;163;231;250;128;420;-72;441;299;86.7603;375;0;375;299;90;0;0;0;0;0;0;0;0;TP
213;10;143;187;28;715;232;552;63;163;231;251;128;420;-72;442;299;86.6064;375;0;375;299;90;0;0;0;0;0;0;0;0;TP
214;10;143;187;28;716;231;550;64;163;231;251;128;418;-70;444;299;85.9696;375;0;375;299;90;0;0;0;0;0;0;0;0;TP
215;10;143;187;28;714;232;550;62;163;231;251;128;420;-72;441;299;86.7603;375;0;375;299;90;0;0;0;0;0;0;0;0;TP
216;3;147;187;28;713;231;552;64;163;231;250;128;420;-72;441;299;86.7603;375;0;375;299;90;0;0;0;0;0;0;0;0;TP
217;4;147;187;28;714;233;552;62;163;231;250;128;421;-73;440;299;87.0761;375;0;375;299;90;0;0;0;0;0;0;0;0;TP
218;4;147;187;28;715;232;552;64;163;231;250;128;418;-70;442;299;86.2787;375;0;375;299;90;0;0;0;0;0;0;0;0;TP
219;4;147;187;28;715;234;553;63;163;231;250;128;421;-73;440;299;87.0761;375;0;375;299;90;0;0;0;0;0;0;0;0;TP
220;10;143;187;28;714;232;550;62;163;231;250;128;420;-72;441;299;86.7603;375;0;375;299;90;0;0;0;0;0;0;0;0;TP
221;12;141;187;28;712;227;554;66;163;231;251;128;418;-70;444;299;85.9696;375;0;375;299;90;0;0;0;0;0;0;0;0;TP
222;10;143;187;28;713;230;550;62;163;231;251;128;418;-70;442;299;86.2787;375;0;375;299;90;0;0;0;0;0;0;0;0;TP
223;10;143;187;27;714;232;551;64;163;231;251;128;418;-70;442;299;86.2787;375;0;375;299;90;0;0;0;0;0;0;0;0;TP
224;10;143;187;28;712;230;552;63;163;231;251;128;421;-73;441;299;86.9225;375;0;375;299;90;0;0;0;0;0;0;0;0;TP
225;10;143;187;27;714;233;552;63;163;231;251;128;421;-73;440;299;87.0761;375;0;375;299;90;0;0;0;0;0;0;0;0;TP
226;4;147;187;28;715;232;550;63;163;231;250;128;418;-70;442;299;86.2787;375;0;375;299;90;0;0;0;0;0;0;0;0;TP
227;10;143;187;28;713;230;551;64;163;231;251;128;418;-70;442;299;86.2787;375;0;375;299;90;0;0;0;0;0;0;0;0;TP
228;10;143;187;27;716;233;552;63;163;231;251;128;420;-72;442;299;86.6064;375;0;375;299;90;0;0;0;0;0;0;0;0;TP
229;10;143;187;27;714;233;552;63;163;231;250;128;421;-73;440;299;87.0761;375;0;375;299;90;0;0;0;0;0;0;0;0;TP
230;3;147;187;28;714;231;550;63;163;231;251;128;418;-70;442;299;86.2787;375;0;375;299;90;0;0;0;0;0;0;0;0;TP
231;10;143;187;28;715;233;551;63;163;231;250;128;420;-72;441;299;86.7603;375;0;375;299;90;0;0;0;0;0;0;0;0;TP
232;4;147;187;28;715;232;550;63;163;231;250;128;418;-70;442;299;86.2787;375;0;375;299;90;0;0;0;0;0;0;0;0;TP
233;12;141;187;28;715;234;552;63;163;231;251;128;421;-73;440;299;87.0761;375;0;375;299;90;0;0;0;0;0;0;0;0;TP
234;4;147;187;28;715;232;552;63;163;231;250;128;420;-72;442;299;86.6064;375;0;375;299;90;0;0;0;0;0;0;0;0;TP
235;10;143;187;27;714;232;550;62;163;231;250;128;420;-72;441;299;86.7603;375;0;375;299;90;0;0;0;0;0;0;0;0;TP
236;10;143;187;28;715;232;551;64;163;231;251;128;418;-70;442;299;86.2787;375;0;375;299;90;0;0;0;0;0;0;0;0;TP
237;12;141;187;28;714;230;551;65;163;231;250;128;417;-69;443;299;85.9586;375;0;375;299;90;0;0;0;0;0;0;0;0;TP
238;10;143;187;28;715;234;552;63;163;231;250;128;421;-73;440;299;87.0761;375;0;375;299;90;0;0;0;0;0;0;0;0;TP
239;10;143;187;28;714;233;552;63;163;231;250;128;421;-73;440;299;87.0761;375;0;375;299;90;0;0;0;0;0;0;0;0;TP
240;10;143;187;28;716;234;551;62;163;231;250;128;419;-71;441;299;86.5972;375;0;375;299;90;0;0;0;0;0;0;0;0;TP
241;10;143;187;27;713;232;552;64;163;231;250;128;419;-71;441;299;86.5972;375;0;375;299;90;0;0;0;0;0;0;0;0;TP
242;4;147;187;28;717;234;551;64;163;231;250;128;418;-70;442;299;86.2787;375;0;375;299;90;0;0;0;0;0;0;0;0;TP
243;12;141;187;28;714;232;551;64;163;231;250;128;418;-70;442;299;86.2787;375;0;375;299;90;0;0;0;0;0;0;0;0;TP
244;4;147;187;28;712;228;551;65;0;0;0;0;-1846;-2361;447;299;49.2377;375;0;375;299;90;0;0;0;0;0;0;0;0;TP
245;3;147;187;27;715;232;551;64;163;231;250;128;418;-70;442;299;86.2787;375;0;375;299;90;0;0;0;0;0;0;0;0;TP
246;10;143;187;28;712;230;550;62;163;231;251;128;420;-72;441;299;86.7603;375;0;375;299;90;0;0;0;0;0;0;0;0;TP
247;3;147;187;27;715;232;551;64;163;231;250;128;418;-70;442;299;86.2787;375;0;375;299;90;0;0;0;0;0;0;0;0;TP
248;10;143;187;28;714;230;551;65;163;231;251;128;417;-69;443;299;85.9586;375;0;375;299;90;0;0;0;0;0;0;0;0;TP
249;10;143;187;28;714;231;552;63;163;231;251;128;420;-72;442;299;86.6064;375;0;375;299;90;0;0;0;0;0;0;0;0;TP
250;10;143;187;28;715;232;551;63;163;231;251;128;418;-70;442;299;86.2787;375;0;375;299;90;0;0;0;0;0;0;0;0;TP
251;12;141;187;28;715;232;551;64;163;231;250;128;418;-70;442;299;86.2787;375;0;375;299;90;0;0;0;0;0;0;0;0;TP
252;10;143;187;28;717;232;551;64;163;231;251;128;418;-70;444;299;85.9696;375;0;375;299;90;0;0;0;0;0;0;0;0;TP
253;4;147;187;28;713;230;551;64;163;231;251;128;418;-70;442;299;86.2787;375;0;375;299;90;0;0;0;0;0;0;0;0;TP
254;3;147;187;28;714;231;550;62;163;231;251;128;420;-72;442;299;86.6064;375;0;375;299;90;0;0;0;0;0;0;0;0;TP
255;4;147;187;28;713;229;549;62;163;231;251;128;419;-71;443;299;86.2887;375;0;375;299;90;0;0;0;0;0;0;0;0;TP
256;3;147;187;27;714;232;550;62;163;231;251;128;420;-72;441;299;86.7603;375;0;375;299;90;0;0;0;0;0;0;0;0;TP
257;12;141;188;28;715;233;551;63;163;231;250;128;420;-72;441;299;86.7603;375;0;375;299;90;0;0;0;0;0;0;0;0;TP
258;4;147;187;28;714;233;552;63;163;231;251;128;421;-73;440;299;87.0761;375;0;375;299;90;0;0;0;0;0;0;0;0;TP
259;4;147;187;28;713;229;552;64;163;231;250;128;419;-71;443;299;86.2887;375;0;375;299;90;0;0;0;0;0;0;0;0;TP
260;10;143;187;27;716;232;552;64;163;231;251;128;419;-71;443;299;86.2887;375;0;375;299;90;0;0;0;0;0;0;0;0;TP
261;4;147;187;28;714;232;550;62;163;231;251;128;420;-72;441;299;86.7603;375;0;375;299;90;0;0;0;0;0;0;0;0;TP
262;10;143;187;28;712;228;550;62;163;231;251;128;419;-71;443;299;86.2887;375;0;375;299;90;0;0;0;0;0;0;0;0;TP
263;10;143;187;27;715;233;552;64;163;231;250;128;420;-72;441;299;86.7603;375;0;375;299;90;0;0;0;0;0;0;0;0;TP
264;10;143;187;28;713;231;552;64;163;231;251;128;420;-72;441;299;86.7603;375;0;375;299;90;0;0;0;0;0;0;0;0;TP
265;10;143;187;28;713;230;550;62;163;231;251;128;418;-70;442;299;86.2787;375;0;375;299;90;0;0;0;0;0;0;0;0;TP
266;3;147;187;27;712;230;552;64;163;231;250;128;420;-72;441;299;86.7603;375;0;375;299;90;0;0;0;0;0;0;0;0;TP
267;10;143;187;27;713;230;552;64;163;231;251;128;418;-70;442;299;86.2787;375;0;375;299;90;0;0;0;0;0;0;0;0;TP
268;4;147;187;28;714;232;550;62;163;231;251;128;420;-72;441;299;86.7603;375;0;375;299;90;0;0;0;0;0;0;0;0;TP
269;4;147;187;28;715;234;551;64;163;231;250;128;419;-71;441;299;86.5972;375;0;375;299;90;0;0;0;0;0;0;0;0;TP
270;10;143;187;28;714;232;550;62;163;231;251;128;420;-72;441;299;86.7603;375;0;375;299;90;0;0;0;0;0;0;0;0;TP
271;10;143;187;28;713;230;551;64;163;231;250;128;418;-70;442;299;86.2787;375;0;375;299;90;0;0;0;0;0;0;0;0;TP
272;4;147;187;28;714;232;550;62;163;231;250;128;420;-72;441;299;86.7603;375;0;375;299;90;0;0;0;0;0;0;0;0;TP
273;12;141;187;28;714;232;550;62;163;231;251;128;420;-72;441;299;86.7603;375;0;375;299;90;0;0;0;0;0;0;0;0;TP
274;10;143;187;28;712;228;550;62;163;231;251;128;419;-71;443;299;86.2887;375;0;375;299;90;0;0;0;0;0;0;0;0;TP
275;10;143;187;28;715;233;551;63;163;231;251;128;420;-72;441;299;86.7603;375;0;375;299;90;0;0;0;0;0;0;0;0;TP
276;10;143;187;28;714;232;552;63;163;231;251;128;421;-73;441;299;86.9225;375;0;375;299;90;0;0;0;0;0;0;0;0;TP
277;10;143;187;28;712;231;550;63;163;231;250;128;419;-71;441;299;86.5972;375;0;375;299;90;0;0;0;0;0;0;0;0;TP
278;4;147;187;28;716;232;550;62;163;231;251;128;419;-71;443;299;86.2887;375;0;375;299;90;0;0;0;0;0;0;0;0;TP
279;10;143;187;27;714;233;550;63;163;231;250;128;419;-71;441;299;86.5972;375;0;375;299;90;0;0;0;0;0;0;0;0;TP
280;3;147;187;28;712;229;552;63;163;231;250;128;420;-72;442;299;86.6064;375;0;375;299;90;0;0;0;0;0;0;0;0;TP
281;3;147;187;28;714;232;553;65;163;231;250;128;420;-72;441;299;86.7603;375;0;375;299;90;0;0;0;0;0;0;0;0;TP
282;10;143;187;28;713;230;550;62;163;231;251;128;420;-72;442;299;86.6064;375;0;375;299;90;0;0;0;0;0;0;0;0;TP
283;10;143;187;27;715;232;552;63;163;231;251;128;420;-72;442;299;86.6064;375;0;375;299;90;0;0;0;0;0;0;0;0;TP
284;4;147;187;28;714;231;551;64;163;231;250;128;418;-70;442;299;86.2787;375;0;375;299;90;0;0;0;0;0;0;0;0;TP
285;3;147;187;27;715;233;551;63;163;231;251;128;420;-72;441;299;86.7603;375;0;375;299;90;0;0;0;0;0;0;0;0;TP
286;10;143;187;28;716;233;551;64;163;231;251;128;418;-70;442;299;86.2787;375;0;375;299;90;0;0;0;0;0;0;0;0;TP
287;4;147;187;28;715;232;551;64;163;231;250;128;418;-70;442;299;86.2787;375;0;375;299;90;0;0;0;0;0;0;0;0;TP
288;4;147;187;28;716;234;550;62;163;231;250;128;419;-71;441;299;86.5972;375;0;375;299;90;0;0;0;0;0;0;0;0;TP
289;10;143;187;28;716;232;551;64;163;231;251;128;419;-71;443;299;86.2887;375;0;375;299;90;0;0;0;0;0;0;0;0;TP
290;4;147;187;28;713;230;550;62;163;231;250;128;420;-72;442;299;86.6064;375;0;375;299;90;0;0;0;0;0;0;0;0;TP
291;10;143;187;28;715;232;550;63;163;231;250;128;418;-70;442;299;86.2787;375;0;375;299;90;0;0;0;0;0;0;0;0;TP
292;3;147;187;28;713;232;552;63;163;231;251;128;421;-73;440;299;87.0761;375;0;375;299;90;0;0;0;0;0;0;0;0;TP
293;10;143;187;28;715;232;551;64;163;231;251;128;418;-70;442;299;86.2787;375;0;375;299;90;0;0;0;0;0;0;0;0;TP
294;4;147;187;28;717;234;551;64;163;231;251;128;418;-70;442;299;86.2787;375;0;375;299;90;0;0;0;0;0;0;0;0;TP
295;3;147;187;28;714;231;549;62;163;231;250;128;418;-70;442;299;86.2787;375;0;375;299;90;0;0;0;0;0;0;0;0;TP
296;3;147;187;28;715;233;552;64;163;231;251;128;420;-72;441;299;86.7603;375;0;375;299;90;0;0;0;0;0;0;0;0;TP
297;12;141;187;28;714;232;552;64;163;231;250;128;420;-72;441;299;86.7603;375;0;375;299;90;0;0;0;0;0;0;0;0;TP
298;4;147;187;28;715;232;550;63;163;231;250;128;418;-70;442;299;86.2787;375;0;375;299;90;0;0;0;0;0;0;0;0;TP
299;3;147;187;28;715;235;551;62;163;231;251;128;420;-72;440;299;86.9143;375;0;375;299;90;0;0;0;0;0;0;0;0;TP
300;10;143;187;28;715;232;551;64;163;231;251;128;418;-70;442;299;86.2787;375;0;375;299;90;0;0;0;0;0;0;0;0;TP
301;4;147;187;28;716;233;550;63;163;231;251;128;418;-70;442;299;86.2787;375;0;375;299;90;0;0;0;0;0;0;0;0;TP
302;10;143;187;28;713;229;552;64;163;231;250;128;419;-71;443;299;86.2887;375;0;375;299;90;0;0;0;0;0;0;0;0;TP
303;10;143;187;28;712;228;550;62;163;231;250;128;419;-71;443;299;86.2887;375;0;375;299;90;0;0;0;0;0;0;0;0;TP
304;10;143;187;28;716;234;550;62;163;231;250;128;419;-71;441;299;86.5972;375;0;375;299;90;0;0;0;0;0;0;0;0;TP
305;10;143;187;28;712;229;552;63;163;231;251;128;420;-72;442;299;86.6064;375;0;375;299;90;0;0;0;0;0;0;0;0;TP
306;4;147;187;28;714;233;550;63;163;231;251;128;419;-71;441;299;86.5972;375;0;375;299;90;0;0;0;0;0;0;0;0;TP
307;10;143;187;28;713;229;552;64;163;231;250;128;419;-71;443;299;86.2887;375;0;375;299;90;0;0;0;0;0;0;0;0;TP
308;3;147;187;28;716;232;550;62;163;231;250;128;419;-71;443;299;86.2887;375;0;375;299;90;0;0;0;0;0;0;0;0;TP
309;10;143;187;28;716;234;550;62;163;231;251;128;419;-71;441;299;86.5972;375;0;375;299;90;0;0;0;0;0;0;0;0;TP
310;10;143;187;28;713;231;550;62;163;231;250;128;419;-71;441;299;86.5972;375;0;375;299;90;0;0;0;0;0;0;0;0;TP
311;10;143;187;28;714;232;550;62;163;231;251;128;420;-72;441;299;86.7603;375;0;375;299;90;0;0;0;0;0;0;0;0;TP
312;10;143;187;28;714;232;553;64;163;231;250;128;420;-72;441;299;86.7603;375;0;375;299;90;0;0;0;0;0;0;0;0;TP
313;4;147;187;28;714;231;552;65;163;231;250;128;418;-70;442;299;86.2787;375;0;375;299;90;0;0;0;0;0;0;0;0;TP
314;4;147;187;28;714;232;551;64;163;231;250;128;420;-72;441;299;86.7603;375;0;375;299;90;0;0;0;0;0;0;0;0;TP
315;4;147;187;28;714;233;553;63;163;231;251;128;421;-73;440;299;87.0761;375;0;375;299;90;0;0;0;0;0;0;0;0;TP
316;3;147;187;28;714;231;550;63;163;231;251;128;418;-70;442;299;86.2787;375;0;375;299;90;0;0;0;0;0;0;0;0;TP
317;10;143;187;27;714;230;552;64;163;231;250;128;419;-71;443;299;86.2887;375;0;375;299;90;0;0;0;0;0;0;0;0;TP
318;10;143;187;27;715;231;551;64;163;231;251;128;419;-71;443;299;86.2887;375;0;375;299;90;0;0;0;0;0;0;0;0;TP
319;10;143;187;28;713;229;551;64;163;231;251;128;419;-71;443;299;86.2887;375;0;375;299;90;0;0;0;0;0;0;0;0;TP
320;10;143;187;28;716;233;552;64;163;231;251;128;420;-72;442;299;86.6064;375;0;375;299;90;0;0;0;0;0;0;0;0;TP
321;3;147;187;27;716;234;550;62;163;231;251;128;419;-71;441;299;86.5972;375;0;375;299;90;0;0;0;0;0;0;0;0;TP
322;10;143;187;27;714;232;551;64;163;231;251;128;420;-72;441;299;86.7603;375;0;375;299;90;0;0;0;0;0;0;0;0;TP
323;4;147;187;28;715;232;551;63;163;231;250;128;418;-70;442;299;86.2787;375;0;375;299;90;0;0;0;0;0;0;0;0;TP
324;10;143;187;28;712;229;549;62;163;231;250;128;418;-70;442;299;86.2787;375;0;375;299;90;0;0;0;0;0;0;0;0;TP
325;10;143;187;28;714;234;552;64;163;231;251;128;420;-72;440;299;86.9143;375;0;375;299;90;0;0;0;0;0;0;0;0;TP
326;10;143;187;28;714;232;552;63;163;231;251;128;421;-73;441;299;86.9225;375;0;375;299;90;0;0;0;0;0;0;0;0;TP
327;12;141;187;28;716;232;551;64;163;231;250;128;419;-71;443;299;86.2887;375;0;375;299;90;0;0;0;0;0;0;0;0;TP
328;3;147;187;28;712;229;552;63;0;0;0;0;-2763;-3376;446;299;48.8726;375;0;375;299;90;0;0;0;0;0;0;0;0;TP
329;4;147;187;28;715;232;551;64;163;231;251;128;418;-70;442;299;86.2787;375;0;375;299;90;0;0;0;0;0;0;0;0;TP
330;10;143;187;28;714;231;552;63;163;231;250;128;420;-72;442;299;86.6064;375;0;375;299;90;0;0;0;0;0;0;0;0;TP
331;4;147;187;28;714;232;551;63;163;231;250;128;420;-72;441;299;86.7603;375;0;375;299;90;0;0;0;0;0;0;0;0;TP
332;10;143;187;27;714;232;552;63;163;231;251;128;421;-73;441;299;86.9225;375;0;375;299;90;0;0;0;0;0;0;0;0;TP
333;10;143;187;28;715;232;551;64;163;231;250;128;418;-70;442;299;86.2787;375;0;375;299;90;0;0;0;0;0;0;0;0;TP
334;10;143;187;28;714;232;552;63;163;231;251;128;421;-73;441;299;86.9225;375;0;375;299;90;0;0;0;0;0;0;0;0;TP
335;10;143;187;27;715;233;551;64;163;231;250;128;418;-70;442;299;86.2787;375;0;375;299;90;0;0;0;0;0;0;0;0;TP
336;14;141;187;27;712;230;553;63;163;231;251;128;421;-73;441;299;86.9225;375;0;375;299;90;0;0;0;0;0;0;0;0;TP
337;4;147;187;28;714;232;550;62;163;231;250;128;420;-72;441;299;86.7603;375;0;375;299;90;0;0;0;0;0;0;0;0;TP
338;12;141;187;28;716;233;552;63;163;231;251;128;420;-72;442;299;86.6064;375;0;375;299;90;0;0;0;0;0;0;0;0;TP
339;10;143;187;28;716;232;550;62;163;231;250;128;419;-71;443;299;86.2887;375;0;375;299;90;0;0;0;0;0;0;0;0;TP
340;14;141;187;27;715;233;552;64;163;231;251;128;420;-72;441;299;86.7603;375;0;375;299;90;0;0;0;0;0;0;0;0;TP
341;4;147;187;28;714;233;552;63;163;231;250;128;421;-73;440;299;87.0761;375;0;375;299;90;0;0;0;0;0;0;0;0;TP
342;10;143;187;28;712;230;553;63;163;231;251;128;421;-73;441;299;86.9225;375;0;375;299;90;0;0;0;0;0;0;0;0;TP
343;12;141;187;28;716;232;550;62;163;231;250;128;419;-71;443;299;86.2887;375;0;375;299;90;0;0;0;0;0;0;0;0;TP
344;10;143;187;28;716;232;549;62;163;231;250;128;419;-71;443;299;86.2887;375;0;375;299;90;0;0;0;0;0;0;0;0;TP
345;10;143;187;27;716;233;550;62;163;231;250;128;420;-72;442;299;86.6064;375;0;375;299;90;0;0;0;0;0;0;0;0;TP
346;12;141;187;28;716;234;550;62;163;231;250;128;419;-71;441;299;86.5972;375;0;375;299;90;0;0;0;0;0;0;0;0;TP
347;12;141;187;28;715;231;550;63;163;231;250;128;419;-71;443;299;86.2887;375;0;375;299;90;0;0;0;0;0;0;0;0;TP
348;10;143;187;28;715;232;551;64;163;231;250;128;418;-70;442;299;86.2787;375;0;375;299;90;0;0;0;0;0;0;0;0;TP
349;12;141;188;28;714;231;550;63;163;231;250;128;418;-70;442;299;86.2787;375;0;375;299;90;0;0;0;0;0;0;0;0;TP
350;3;147;187;28;716;232;552;65;163;231;250;128;419;-71;443;299;86.2887;375;0;375;299;90;0;0;0;0;0;0;0;0;TP
351;10;143;187;28;715;233;552;64;163;231;250;128;420;-72;441;299;86.7603;375;0;375;299;90;0;0;0;0;0;0;0;0;TP
352;14;141;187;27;713;231;552;62;163;231;250;128;421;-73;441;299;86.9225;375;0;375;299;90;0;0;0;0;0;0;0;0;TP
353;4;147;187;28;713;230;550;63;163;231;250;128;418;-70;442;299;86.2787;375;0;375;299;90;0;0;0;0;0;0;0;0;TP
354;10;143;187;28;712;229;551;64;163;231;250;128;418;-70;442;299;86.2787;375;0;375;299;90;0;0;0;0;0;0;0;0;TP
355;12;141;187;28;716;233;550;62;163;231;251;128;420;-72;442;299;86.6064;375;0;375;299;90;0;0;0;0;0;0;0;0;TP
356;3;147;187;28;712;229;552;63;163;231;250;128;420;-72;442;299;86.6064;375;0;375;299;90;0;0;0;0;0;0;0;0;TP
357;10;143;187;27;713;228;551;64;163;231;251;128;418;-70;444;299;85.9696;375;0;375;299;90;0;0;0;0;0;0;0;0;TP
358;14;141;187;27;714;232;550;62;163;231;251;128;420;-72;441;299;86.7603;375;0;375;299;90;0;0;0;0;0;0;0;0;TP
359;10;143;187;28;714;232;550;62;163;231;250;128;420;-72;441;299;86.7603;375;0;375;299;90;0;0;0;0;0;0;0;0;TP
360;12;141;187;28;715;234;551;63;163;231;250;128;419;-71;441;299;86.5972;375;0;375;299;90;0;0;0;0;0;0;0;0;TP
361;12;141;187;28;715;231;551;64;163;231;251;128;419;-71;443;299;86.2887;375;0;375;299;90;0;0;0;0;0;0;0;0;TP
362;10;143;187;28;715;232;551;64;163;231;250;128;418;-70;442;299;86.2787;375;0;375;299;90;0;0;0;0;0;0;0;0;TP
363;15;139;187;28;714;230;550;62;163;231;250;128;419;-71;443;299;86.2887;375;0;375;299;90;0;0;0;0;0;0;0;0;TP
364;14;141;187;27;715;233;551;64;163;231;250;128;418;-70;442;299;86.2787;375;0;375;299;90;0;0;0;0;0;0;0;0;TP
365;4;147;187;28;716;232;550;62;163;231;250;128;419;-71;443;299;86.2887;375;0;375;299;90;0;0;0;0;0;0;0;0;TP
366;4;147;187;28;713;233;553;64;163;231;250;128;420;-72;440;299;86.9143;375;0;375;299;90;0;0;0;0;0;0;0;0;TP
367;10;143;187;28;713;232;551;63;163;231;250;128;419;-71;441;299;86.5972;375;0;375;299;90;0;0;0;0;0;0;0;0;TP
368;15;140;187;28;714;231;550;62;163;231;250;128;420;-72;442;299;86.6064;375;0;375;299;90;0;0;0;0;0;0;0;0;TP
369;14;141;187;27;714;232;550;62;163;231;250;128;420;-72;441;299;86.7603;375;0;375;299;90;0;0;0;0;0;0;0;0;TP
370;3;147;187;27;716;234;552;64;163;231;250;128;420;-72;441;299;86.7603;375;0;375;299;90;0;0;0;0;0;0;0;0;TP
371;10;143;187;27;715;232;551;64;163;231;250;128;418;-70;442;299;86.2787;375;0;375;299;90;0;0;0;0;0;0;0;0;TP
372;10;143;187;28;714;230;550;62;163;231;250;128;419;-71;443;299;86.2887;375;0;375;299;90;0;0;0;0;0;0;0;0;TP
373;10;143;187;28;714;232;550;62;163;231;251;128;420;-72;441;299;86.7603;375;0;375;299;90;0;0;0;0;0;0;0;0;TP
374;10;143;187;28;712;230;550;62;163;231;250;128;420;-72;441;299;86.7603;375;0;375;299;90;0;0;0;0;0;0;0;0;TP
375;10;143;187;28;715;234;552;63;163;231;250;128;421;-73;440;299;87.0761;375;0;375;299;90;0;0;0;0;0;0;0;0;TP
376;14;141;187;27;717;235;552;63;163;231;250;128;420;-72;441;299;86.7603;375;0;375;299;90;0;0;0;0;0;0;0;0;TP
377;10;143;187;28;714;230;550;62;163;231;250;128;419;-71;443;299;86.2887;375;0;375;299;90;0;0;0;0;0;0;0;0;TP
378;10;143;187;28;714;231;550;62;163;231;250;128;420;-72;442;299;86.6064;375;0;375;299;90;0;0;0;0;0;0;0;0;TP
379;10;143;187;28;713;233;551;62;163;231;250;128;420;-72;440;299;86.9143;375;0;375;299;90;0;0;0;0;0;0;0;0;TP
380;12;141;187;28;714;232;550;62;163;231;251;128;420;-72;441;299;86.7603;375;0;375;299;90;0;0;0;0;0;0;0;0;TP
381;14;141;187;27;712;228;550;62;163;231;250;128;419;-71;443;299;86.2887;375;0;375;299;90;0;0;0;0;0;0;0;0;TP
382;12;141;187;28;716;232;550;62;163;231;250;128;419;-71;443;299;86.2887;375;0;375;299;90;0;0;0;0;0;0;0;0;TP
383;10;143;187;28;714;230;550;62;163;231;251;128;419;-71;443;299;86.2887;375;0;375;299;90;0;0;0;0;0;0;0;0;TP
384;10;143;187;28;714;232;553;63;163;231;250;128;421;-73;441;299;86.9225;375;0;375;299;90;0;0;0;0;0;0;0;0;TP
385;10;143;187;28;712;230;551;64;163;231;250;128;418;-70;442;299;86.2787;375;0;375;299;90;0;0;0;0;0;0;0;0;TP
386;12;141;187;28;714;231;552;63;163;231;250;128;420;-72;442;299;86.6064;375;0;375;299;90;0;0;0;0;0;0;0;0;TP
387;10;143;187;28;712;230;552;64;163;231;250;128;420;-72;441;299;86.7603;375;0;375;299;90;0;0;0;0;0;0;0;0;TP
388;12;141;187;28;713;230;551;64;163;231;250;128;418;-70;442;299;86.2787;375;0;375;299;90;0;0;0;0;0;0;0;0;TP
389;10;143;187;28;714;231;550;63;163;231;250;128;418;-70;442;299;86.2787;375;0;375;299;90;0;0;0;0;0;0;0;0;TP
390;10;143;187;28;715;233;551;63;163;231;250;128;420;-72;441;299;86.7603;375;0;375;299;90;0;0;0;0;0;0;0;0;TP
391;10;143;187;28;716;233;551;64;163;231;251;128;418;-70;442;299;86.2787;375;0;375;299;90;0;0;0;0;0;0;0;0;TP
392;12;141;187;28;714;232;551;63;163;231;251;128;420;-72;441;299;86.7603;375;0;375;299;90;0;0;0;0;0;0;0;0;TP
393;14;141;187;27;712;228;550;62;163;231;250;128;419;-71;443;299;86.2887;375;0;375;299;90;0;0;0;0;0;0;0;0;TP
394;12;141;187;28;714;231;549;62;163;231;250;128;418;-70;442;299;86.2787;375;0;375;299;90;0;0;0;0;0;0;0;0;TP
395;12;141;187;28;712;230;551;63;163;231;250;128;420;-72;441;299;86.7603;375;0;375;299;90;0;0;0;0;0;0;0;0;TP
396;10;143;187;28;714;231;552;63;163;231;250;128;420;-72;442;299;86.6064;375;0;375;299;90;0;0;0;0;0;0;0;0;TP
397;14;141;187;27;715;232;551;62;163;231;251;128;420;-72;442;299;86.6064;375;0;375;299;90;0;0;0;0;0;0;0;0;TP
398;12;141;188;28;714;231;550;62;163;231;251;128;420;-72;442;299;86.6064;375;0;375;299;90;0;0;0;0;0;0;0;0;TP
399;10;143;187;27;714;232;550;62;163;231;251;128;420;-72;441;299;86.7603;375;0;375;299;90;0;0;0;0;0;0;0;0;TP
400;12;143;187;27;715;232;551;63;163;231;250;128;420;-72;442;299;86.6064;375;0;375;299;90;0;0;0;0;0;0;0;0;TP
401;12;141;187;28;716;235;552;63;163;231;251;128;421;-73;441;299;86.9225;375;0;375;299;90;0;0;0;0;0;0;0;0;TP
402;10;143;187;28;717;234;550;63;163;231;250;128;418;-70;442;299;86.2787;375;0;375;299;90;0;0;0;0;0;0;0;0;TP
403;10;143;187;28;715;232;550;63;163;231;250;128;418;-70;442;299;86.2787;375;0;375;299;90;0;0;0;0;0;0;0;0;TP
404;10;143;187;27;714;231;552;63;163;231;251;128;420;-72;442;299;86.6064;375;0;375;299;90;0;0;0;0;0;0;0;0;TP
405;10;143;187;28;713;230;551;65;163;231;250;128;418;-70;442;299;86.2787;375;0;375;299;90;0;0;0;0;0;0;0;0;TP
406;10;143;187;28;713;228;550;63;163;231;250;128;418;-70;444;299;85.9696;375;0;375;299;90;0;0;0;0;0;0;0;0;TP
407;14;141;187;27;714;231;550;63;163;231;251;128;418;-70;442;299;86.2787;375;0;375;299;90;0;0;0;0;0;0;0;0;TP
408;10;143;187;27;714;232;551;63;163;231;250;128;420;-72;441;299;86.7603;375;0;375;299;90;0;0;0;0;0;0;0;0;TP
409;10;143;187;28;711;228;550;63;163;231;251;128;418;-70;442;299;86.2787;375;0;375;299;90;0;0;0;0;0;0;0;0;TP
410;12;141;187;28;716;234;550;62;163;231;250;128;419;-71;441;299;86.5972;375;0;375;299;90;0;0;0;0;0;0;0;0;TP
411;4;147;187;28;711;228;551;64;163;231;251;128;418;-70;442;299;86.2787;375;0;375;299;90;0;0;0;0;0;0;0;0;TP
412;14;141;187;27;713;231;550;62;163;231;250;128;419;-71;441;299;86.5972;375;0;375;299;90;0;0;0;0;0;0;0;0;TP
413;15;140;187;28;712;229;551;64;163;231;250;128;418;-70;442;299;86.2787;375;0;375;299;90;0;0;0;0;0;0;0;0;TP
414;14;141;187;27;714;232;550;62;163;231;250;128;420;-72;441;299;86.7603;375;0;375;299;90;0;0;0;0;0;0;0;0;TP
415;12;141;187;28;715;232;550;63;163;231;250;128;418;-70;442;299;86.2787;375;0;375;299;90;0;0;0;0;0;0;0;0;TP
416;10;143;187;27;716;233;551;64;163;231;251;128;418;-70;442;299;86.2787;375;0;375;299;90;0;0;0;0;0;0;0;0;TP
417;14;141;187;27;715;232;551;64;163;231;250;128;418;-70;442;299;86.2787;375;0;375;299;90;0;0;0;0;0;0;0;0;TP
418;10;143;187;28;715;232;552;63;163;231;250;128;420;-72;442;299;86.6064;375;0;375;299;90;0;0;0;0;0;0;0;0;TP
419;10;143;187;28;713;230;551;64;163;231;250;128;418;-70;442;299;86.2787;375;0;375;299;90;0;0;0;0;0;0;0;0;TP
420;14;141;187;27;714;230;552;64;163;231;250;128;419;-71;443;299;86.2887;375;0;375;299;90;0;0;0;0;0;0;0;0;TP
421;10;143;187;28;714;231;550;63;163;231;250;128;418;-70;442;299;86.2787;375;0;375;299;90;0;0;0;0;0;0;0;0;TP
422;15;140;187;28;714;231;550;63;163;231;251;128;418;-70;442;299;86.2787;375;0;375;299;90;0;0;0;0;0;0;0;0;TP
423;10;143;187;28;715;232;551;64;163;231;250;128;418;-70;442;299;86.2787;375;0;375;299;90;0;0;0;0;0;0;0;0;TP
424;4;147;187;28;714;232;551;64;163;231;251;128;418;-70;442;299;86.2787;375;0;375;299;90;0;0;0;0;0;0;0;0;TP
425;12;141;187;28;715;234;551;64;163;231;250;128;419;-71;441;299;86.5972;375;0;375;299;90;0;0;0;0;0;0;0;0;TP
426;10;143;187;28;713;233;551;62;163;231;250;128;420;-72;440;299;86.9143;375;0;375;299;90;0;0;0;0;0;0;0;0;TP
427;10;143;187;28;712;228;551;63;163;231;251;128;419;-71;443;299;86.2887;375;0;375;299;90;0;0;0;0;0;0;0;0;TP
428;14;141;187;27;717;235;552;63;163;231;250;128;420;-72;441;299;86.7603;375;0;375;299;90;0;0;0;0;0;0;0;0;TP
429;10;143;187;28;715;234;551;62;163;231;250;128;421;-73;440;299;87.0761;375;0;375;299;90;0;0;0;0;0;0;0;0;TP
430;10;143;187;27;715;231;549;61;163;231;251;128;419;-71;443;299;86.2887;375;0;375;299;90;0;0;0;0;0;0;0;0;TP
431;11;142;187;27;714;232;550;62;163;231;251;127;420;-72;441;299;86.7603;375;0;375;299;90;0;0;0;0;0;0;0;0;TP
432;14;141;187;27;716;231;550;64;163;231;251;127;418;-70;444;299;85.9696;375;0;375;299;90;0;0;0;0;0;0;0;0;TP
433;12;142;187;27;716;232;551;64;163;231;251;127;419;-71;443;299;86.2887;375;0;375;299;90;0;0;0;0;0;0;0;0;TP
434;10;143;187;27;714;232;550;62;163;231;251;127;420;-72;441;299;86.7603;375;0;375;299;90;0;0;0;0;0;0;0;0;TP
435;10;143;187;28;716;232;550;62;163;231;251;127;419;-71;443;299;86.2887;375;0;375;299;90;0;0;0;0;0;0;0;0;TP
436;10;143;187;27;714;232;550;62;163;231;251;127;420;-72;441;299;86.7603;375;0;375;299;90;0;0;0;0;0;0;0;0;TP
437;14;139;187;28;713;232;550;61;163;231;251;127;421;-73;440;299;87.0761;375;0;375;299;90;0;0;0;0;0;0;0;0;TP
438;10;143;187;27;717;235;551;63;163;231;251;127;420;-72;441;299;86.7603;375;0;375;299;90;0;0;0;0;0;0;0;0;TP
439;10;143;187;27;713;233;551;62;163;231;251;127;420;-72;440;299;86.9143;375;0;375;299;90;0;0;0;0;0;0;0;0;TP
440;10;143;187;27;715;232;551;64;163;231;251;127;418;-70;442;299;86.2787;375;0;375;299;90;0;0;0;0;0;0;0;0;TP
441;14;141;187;27;715;232;552;63;163;231;251;127;420;-72;442;299;86.6064;375;0;375;299;90;0;0;0;0;0;0;0;0;TP
442;12;141;187;28;714;233;553;63;163;231;251;127;421;-73;440;299;87.0761;375;0;375;299;90;0;0;0;0;0;0;0;0;TP
443;14;141;187;27;713;230;551;64;163;231;251;127;418;-70;442;299;86.2787;375;0;375;299;90;0;0;0;0;0;0;0;0;TP
444;10;143;187;27;712;229;549;61;163;231;251;127;418;-70;442;299;86.2787;375;0;375;299;90;0;0;0;0;0;0;0;0;TP
445;14;141;187;27;714;231;550;63;163;231;251;127;418;-70;442;299;86.2787;375;0;375;299;90;0;0;0;0;0;0;0;0;TP
446;10;143;187;27;714;231;550;62;163;231;251;127;420;-72;442;299;86.6064;375;0;375;299;90;0;0;0;0;0;0;0;0;TP
447;10;143;187;27;714;233;553;63;163;231;251;127;421;-73;440;299;87.0761;375;0;375;299;90;0;0;0;0;0;0;0;0;TP
448;14;141;187;27;716;232;551;64;163;231;251;127;419;-71;443;299;86.2887;375;0;375;299;90;0;0;0;0;0;0;0;0;TP
449;14;141;187;27;715;232;551;64;163;231;251;127;418;-70;442;299;86.2787;375;0;375;299;90;0;0;0;0;0;0;0;0;TP
450;14;141;187;27;714;232;550;62;163;231;251;127;420;-72;441;299;86.7603;375;0;375;299;90;0;0;0;0;0;0;0;0;TP
451;14;141;187;27;713;232;552;64;163;231;251;127;419;-71;441;299;86.5972;375;0;375;299;90;0;0;0;0;0;0;0;0;TP
452;10;143;187;27;712;229;551;62;163;231;251;127;420;-72;442;299;86.6064;375;0;375;299;90;0;0;0;0;0;0;0;0;TP
453;14;141;187;27;714;231;550;63;163;231;251;127;418;-70;442;299;86.2787;375;0;375;299;90;0;0;0;0;0;0;0;0;TP
454;14;141;187;27;711;228;549;62;163;231;251;127;418;-70;442;299;86.2787;375;0;375;299;90;0;0;0;0;0;0;0;0;TP
455;10;143;187;27;709;226;551;64;331;34;331;25;0;0;0;0;0;0;0;0;0;0;0;0;0;0;0;0;0;0;TP
456;10;143;187;28;711;229;552;62;163;231;251;127;421;-73;441;299;86.9225;375;0;375;299;90;0;0;0;0;0;0;0;0;TP
457;10;143;187;27;714;231;550;62;163;231;251;127;420;-72;442;299;86.6064;375;0;375;299;90;0;0;0;0;0;0;0;0;TP
458;10;143;187;27;713;231;551;63;163;231;251;127;420;-72;441;299;86.7603;375;0;375;299;90;0;0;0;0;0;0;0;0;TP
459;10;143;187;27;714;230;550;63;163;231;251;127;419;-71;443;299;86.2887;375;0;375;299;90;0;0;0;0;0;0;0;0;TP
460;10;143;187;27;712;229;551;62;163;231;251;127;420;-72;442;299;86.6064;375;0;375;299;90;0;0;0;0;0;0;0;0;TP
461;3;147;187;28;712;228;550;62;163;231;251;127;419;-71;443;299;86.2887;375;0;375;299;90;0;0;0;0;0;0;0;0;TP
462;10;143;187;27;713;230;552;64;163;231;251;127;420;-72;442;299;86.6064;375;0;375;299;90;0;0;0;0;0;0;0;0;TP
463;10;143;187;27;714;231;550;63;163;231;251;127;418;-70;442;299;86.2787;375;0;375;299;90;0;0;0;0;0;0;0;0;TP
464;4;148;187;27;713;230;550;63;163;231;251;127;418;-70;442;299;86.2787;375;0;375;299;90;0;0;0;0;0;0;0;0;TP
465;10;143;187;27;714;231;550;63;163;231;251;127;418;-70;442;299;86.2787;375;0;375;299;90;0;0;0;0;0;0;0;0;TP
466;10;143;187;27;717;234;551;64;163;231;251;127;418;-70;442;299;86.2787;375;0;375;299;90;0;0;0;0;0;0;0;0;TP
467;10;143;187;27;715;232;552;63;163;231;251;127;420;-72;442;299;86.6064;375;0;375;299;90;0;0;0;0;0;0;0;0;TP
468;10;143;187;28;713;229;551;63;163;231;251;127;419;-71;443;299;86.2887;375;0;375;299;90;0;0;0;0;0;0;0;0;TP
469;4;148;187;27;712;230;551;65;163;231;251;128;418;-70;442;299;86.2787;375;0;375;299;90;0;0;0;0;0;0;0;0;TP
470;3;147;187;28;713;230;551;65;163;231;251;127;418;-70;442;299;86.2787;375;0;375;299;90;0;0;0;0;0;0;0;0;TP
471;4;148;187;27;709;226;552;65;163;231;251;127;418;-70;442;299;86.2787;375;0;375;299;90;0;0;0;0;0;0;0;0;TP
472;4;148;187;27;703;220;553;66;163;231;251;127;419;-71;442;299;86.443;375;0;375;299;90;0;0;0;0;0;0;0;0;TP
473;3;147;187;28;701;219;552;64;163;231;251;127;420;-72;441;299;86.7603;375;0;375;299;90;0;0;0;0;0;0;0;0;TP
474;4;147;187;28;701;217;552;66;163;231;251;127;417;-69;443;299;85.9586;375;0;375;299;90;0;0;0;0;0;0;0;0;TP
475;3;147;187;28;700;217;554;67;163;231;251;127;419;-71;442;299;86.443;375;0;375;299;90;0;0;0;0;0;0;0;0;TP
476;3;147;187;28;701;213;551;65;163;231;251;127;416;-68;446;299;85.3268;375;0;375;299;90;0;0;0;0;0;0;0;0;TP
477;4;147;187;28;700;214;553;66;163;231;251;127;418;-70;444;299;85.9696;375;0;375;299;90;0;0;0;0;0;0;0;0;TP
478;4;148;187;27;701;215;553;66;163;231;251;127;418;-70;444;299;85.9696;375;0;375;299;90;0;0;0;0;0;0;0;0;TP
479;4;148;187;27;699;216;554;65;163;231;251;127;420;-72;441;299;86.7603;375;0;375;299;90;0;0;0;0;0;0;0;0;TP
480;10;143;187;27;699;216;553;66;163;231;251;127;419;-71;442;299;86.443;375;0;375;299;90;0;0;0;0;0;0;0;0;TP
481;4;148;187;27;699;217;553;64;163;231;251;127;420;-72;441;299;86.7603;375;0;375;299;90;0;0;0;0;0;0;0;0;TP
482;4;147;187;28;700;217;553;66;163;231;251;127;419;-71;442;299;86.443;375;0;375;299;90;0;0;0;0;0;0;0;0;TP
483;4;147;187;28;700;217;552;65;163;231;251;127;419;-71;442;299;86.443;375;0;375;299;90;0;0;0;0;0;0;0;0;TP
484;3;147;187;28;701;217;551;64;163;231;251;127;419;-71;442;299;86.443;375;0;375;299;90;0;0;0;0;0;0;0;0;TP
485;3;147;187;28;702;219;553;64;163;231;250;126;418;-76;442;299;86.3381;375;0;375;299;90;0;0;0;0;0;0;0;0;TP
486;3;147;187;27;702;220;551;65;163;231;251;127;418;-70;441;299;86.4333;375;0;375;299;90;0;0;0;0;0;0;0;0;TP
487;15;139;187;28;701;219;552;64;163;231;250;128;420;-72;441;299;86.7603;375;0;375;299;90;0;0;0;0;0;0;0;0;TP
488;10;143;187;27;700;218;553;65;163;231;251;128;420;-72;441;299;86.7603;375;0;375;299;90;0;0;0;0;0;0;0;0;TP
489;10;143;187;27;703;219;551;64;163;231;251;127;419;-71;442;299;86.443;375;0;375;299;90;0;0;0;0;0;0;0;0;TP
490;3;147;187;28;703;220;551;64;163;231;251;128;418;-70;442;299;86.2787;375;0;375;299;90;0;0;0;0;0;0;0;0;TP
491;3;147;187;28;701;219;552;64;163;231;251;127;420;-72;441;299;86.7603;375;0;375;299;90;0;0;0;0;0;0;0;0;TP
492;3;147;187;28;700;216;550;62;163;231;251;127;419;-71;442;299;86.443;375;0;375;299;90;0;0;0;0;0;0;0;0;TP
493;10;143;187;27;701;218;552;65;163;231;251;127;418;-70;442;299;86.2787;375;0;375;299;90;0;0;0;0;0;0;0;0;TP
494;3;147;187;28;702;219;550;63;163;231;251;127;418;-70;442;299;86.2787;375;0;375;299;90;0;0;0;0;0;0;0;0;TP
495;10;143;187;27;703;220;552;64;163;231;251;128;420;-72;441;299;86.7603;375;0;375;299;90;0;0;0;0;0;0;0;0;TP
496;10;134;158;48;701;218;551;64;163;231;250;126;416;-73;442;299;86.002;375;0;375;299;90;0;0;0;0;0;0;0;0;TP
497;3;147;187;27;702;220;551;64;162;231;250;127;419;-72;440;299;86.7603;375;0;375;299;90;0;0;0;0;0;0;0;0;TP
498;10;143;187;27;702;218;551;65;163;231;251;127;417;-69;443;299;85.9586;375;0;375;299;90;0;0;0;0;0;0;0;0;TP
499;10;143;187;27;703;221;551;63;163;231;251;127;420;-72;441;299;86.7603;375;0;375;299;90;0;0;0;0;0;0;0;0;TP
500;10;143;187;27;701;218;551;64;163;231;251;127;418;-70;442;299;86.2787;375;0;375;299;90;0;0;0;0;0;0;0;0;TP
501;3;147;187;28;702;220;551;62;163;231;251;127;420;-72;441;299;86.7603;375;0;375;299;90;0;0;0;0;0;0;0;0;TP
502;10;143;187;27;701;218;551;64;163;231;251;127;418;-70;442;299;86.2787;375;0;375;299;90;0;0;0;0;0;0;0;0;TP
503;10;143;187;27;700;217;553;64;163;231;251;127;420;-72;441;299;86.7603;375;0;375;299;90;0;0;0;0;0;0;0;0;TP
504;10;143;187;27;701;218;550;62;163;231;251;127;420;-72;441;299;86.7603;375;0;375;299;90;0;0;0;0;0;0;0;0;TP
505;10;143;187;27;701;217;551;64;163;231;251;127;419;-71;442;299;86.443;375;0;375;299;90;0;0;0;0;0;0;0;0;TP
506;11;142;187;27;701;219;552;64;162;231;250;127;419;-72;440;299;86.7603;375;0;375;299;90;0;0;0;0;0;0;0;0;TP
507;10;143;187;27;702;218;551;65;163;232;250;127;415;-71;444;299;85.5184;375;0;375;299;90;0;0;0;0;0;0;0;0;TP
508;10;143;187;27;701;218;552;65;163;232;250;127;416;-72;443;299;85.8376;375;0;375;299;90;0;0;0;0;0;0;0;0;TP
509;10;143;187;27;701;219;552;64;163;232;250;127;418;-75;442;299;86.3283;375;0;375;299;90;0;0;0;0;0;0;0;0;TP
510;10;143;187;27;701;219;550;62;163;232;250;127;418;-75;442;299;86.3283;375;0;375;299;90;0;0;0;0;0;0;0;0;TP
511;10;143;187;27;702;220;552;64;162;232;251;127;420;-72;441;299;86.7603;375;0;375;299;90;0;0;0;0;0;0;0;0;TP
512;4;147;187;28;703;219;551;64;163;233;251;127;417;-72;444;299;85.8376;375;0;375;299;90;0;0;0;0;0;0;0;0;TP
513;4;149;187;27;704;220;552;65;162;234;250;128;417;-73;444;299;85.8487;375;0;375;299;90;0;0;0;0;0;0;0;0;TP
514;3;148;187;28;704;220;553;65;163;235;250;128;416;-75;445;299;85.5662;375;0;375;299;90;0;0;0;0;0;0;0;0;TP
515;4;149;187;27;704;221;553;64;160;236;250;130;421;-71;442;299;86.7516;375;0;375;299;90;0;0;0;0;0;0;0;0;TP
516;4;149;187;27;706;223;554;65;159;239;249;130;420;-74;444;299;86.3185;375;0;375;299;90;0;0;0;0;0;0;0;0;TP
517;4;149;186;28;706;224;556;66;158;241;248;131;419;-77;443;299;86.3478;375;0;375;299;90;0;0;0;0;0;0;0;0;TP
518;3;148;185;28;709;224;555;66;156;243;247;132;417;-74;446;299;85.5543;375;0;375;299;90;0;0;0;0;0;0;0;0;TP
519;4;148;185;27;708;225;555;66;155;246;246;133;416;-77;445;299;85.5896;375;0;375;299;90;0;0;0;0;0;0;0;0;TP
520;3;148;184;29;710;226;556;66;152;249;244;135;416;-78;445;299;85.6013;375;0;375;299;90;0;0;0;0;0;0;0;0;TP
521;4;149;183;29;712;228;556;66;149;252;243;137;416;-77;445;299;85.5896;375;0;375;299;90;0;0;0;0;0;0;0;0;TP
522;4;149;183;29;711;228;556;67;145;257;238;136;408;-86;445;299;84.5105;375;0;375;299;90;0;0;0;0;0;0;0;0;TP
523;4;149;181;29;713;229;555;67;142;262;235;139;405;-84;447;299;83.7419;375;0;375;299;90;0;0;0;0;0;0;0;0;TP
524;3;148;181;31;712;228;556;68;139;269;236;144;411;-80;448;299;84.4241;375;0;375;299;90;0;0;0;0;0;0;0;0;TP
525;4;149;178;30;711;228;557;68;133;274;230;144;403;-91;446;299;83.7082;375;0;375;299;90;0;0;0;0;0;0;0;0;TP
526;4;148;177;31;713;232;557;68;128;282;230;150;411;-84;445;299;84.927;375;0;375;299;90;0;0;0;0;0;0;0;0;TP
527;2;146;176;32;716;234;554;66;121;290;227;154;411;-82;445;299;84.9005;375;0;375;299;90;0;0;0;0;0;0;0;0;TP
528;3;146;173;32;713;231;556;70;115;297;219;154;399;-90;446;299;83.1108;375;0;375;299;90;0;0;0;0;0;0;0;0;TP
529;0;0;0;0;714;234;557;70;112;302;219;162;408;-81;445;299;84.4387;375;0;375;299;90;0;0;0;0;0;0;0;0;TP
530;0;0;0;0;715;235;553;68;112;302;216;168;408;-77;445;299;84.3799;375;0;375;299;90;0;0;0;0;0;0;0;0;TP
531;0;0;0;0;716;236;555;71;110;302;210;171;402;-83;444;299;83.7257;375;0;375;299;90;0;0;0;0;0;0;0;0;TP
532;0;0;0;0;716;235;554;69;111;302;205;177;404;-84;445;299;83.8898;375;0;375;299;90;0;0;0;0;0;0;0;0;TP
533;0;0;0;0;718;239;554;71;110;302;200;184;403;-82;444;299;83.8579;375;0;375;299;90;0;0;0;0;0;0;0;0;TP
534;0;0;0;0;719;240;554;71;110;302;194;190;400;-84;444;299;83.4464;375;0;375;299;90;0;0;0;0;0;0;0;0;TP
535;0;0;0;0;718;242;540;58;110;302;188;198;400;-84;442;299;83.7419;375;0;375;299;90;0;0;0;0;0;0;0;0;TP
536;0;0;0;0;721;243;554;72;111;302;181;206;396;-88;444;299;82.9296;375;0;375;299;90;0;0;0;0;0;0;0;0;TP
537;0;0;0;0;722;244;542;62;111;302;175;216;397;-82;444;299;82.9675;375;0;375;299;90;0;0;0;0;0;0;0;0;TP
538;0;0;0;0;722;246;544;64;112;302;168;226;397;-84;443;299;83.1513;375;0;375;299;90;0;0;0;0;0;0;0;0;TP
539;0;0;0;0;720;243;544;65;112;301;159;237;393;-85;444;299;82.4347;375;0;375;299;90;0;0;0;0;0;0;0;0;TP
540;0;0;0;0;721;245;545;67;112;302;148;248;379;-98;444;299;80.7016;375;0;375;299;90;0;0;0;0;0;0;0;0;TP
541;0;0;0;0;720;246;547;69;111;302;139;262;388;-93;442;299;82.1566;375;0;375;299;90;0;0;0;0;0;0;0;0;TP
542;0;0;0;0;721;244;550;71;219;151;271;91;410;-69;432;299;86.5788;375;0;375;299;90;0;0;0;0;0;0;0;0;TP
543;0;0;0;0;719;244;553;73;212;158;267;93;408;-74;432;299;86.3185;375;0;375;299;90;0;0;0;0;0;0;0;0;TP
544;0;0;0;0;720;244;554;76;205;165;263;97;407;-71;432;299;86.1345;375;0;375;299;90;0;0;0;0;0;0;0;0;TP
545;0;0;0;0;719;245;538;62;198;174;257;102;404;-73;432;299;85.6955;375;0;375;299;90;0;0;0;0;0;0;0;0;TP
546;0;0;0;0;720;245;538;63;189;183;254;107;403;-69;432;299;85.4941;375;0;375;299;90;0;0;0;0;0;0;0;0;TP
547;0;0;0;0;719;243;536;65;180;194;248;112;398;-68;434;299;84.3976;375;0;375;299;90;0;0;0;0;0;0;0;0;TP
548;0;0;0;0;718;246;562;88;169;205;243;118;402;-72;429;299;85.8376;375;0;375;299;90;0;0;0;0;0;0;0;0;TP
549;0;0;0;0;715;243;524;58;158;217;234;122;388;-73;432;299;83.2544;375;0;375;299;90;0;0;0;0;0;0;0;0;TP
550;0;0;0;0;714;245;526;60;147;231;227;128;388;-76;430;299;83.6095;375;0;375;299;90;0;0;0;0;0;0;0;0;TP
551;0;0;0;0;716;245;525;62;136;244;218;133;374;-81;433;299;81.1745;375;0;375;299;90;0;0;0;0;0;0;0;0;TP
552;0;0;0;0;714;241;528;65;125;262;213;143;375;-78;436;299;80.809;375;0;375;299;90;0;0;0;0;0;0;0;0;TP
553;0;0;0;0;712;241;526;65;112;279;202;149;365;-86;435;299;79.6952;375;0;375;299;90;0;0;0;0;0;0;0;0;TP
554;0;0;0;0;708;238;529;67;100;299;194;159;362;-91;435;299;79.3981;375;0;375;299;90;0;0;0;0;0;0;0;0;TP
555;0;0;0;0;709;237;523;64;98;302;192;174;373;-72;437;299;80.2124;375;0;375;299;90;0;0;0;0;0;0;0;0;TP
556;0;0;0;0;710;237;521;64;98;302;184;185;371;-72;438;299;79.7631;375;0;375;299;90;0;0;0;0;0;0;0;0;TP
557;0;0;0;0;706;235;523;66;98;302;173;195;366;-78;437;299;79.3345;375;0;375;299;90;0;0;0;0;0;0;0;0;TP
558;0;0;0;0;695;221;523;67;98;301;163;210;366;-72;440;299;78.7198;375;0;375;299;90;0;0;0;0;0;0;0;0;TP
559;0;0;0;0;684;211;521;68;99;302;150;224;353;-79;442;299;76.751;375;0;375;299;90;0;0;0;0;0;0;0;0;TP
560;0;0;0;0;0;0;0;0;97;302;138;243;369;-86;434;299;80.4171;375;0;375;299;90;0;0;0;0;0;0;0;0;TP
561;0;0;0;0;685;214;524;72;96;302;124;262;358;-72;439;299;77.6839;375;0;375;299;90;0;0;0;0;0;0;0;0;TP
562;0;0;0;0;696;225;522;73;198;150;230;91;332;-92;447;299;73.6105;375;0;375;299;90;0;0;0;0;0;0;0;0;TP
563;0;0;0;0;706;237;525;75;190;159;224;95;331;-99;443;299;74.283;375;0;375;299;90;0;0;0;0;0;0;0;0;TP
564;0;0;0;0;0;0;0;0;0;0;0;0;0;0;0;0;0;0;0;0;0;0;0;0;0;0;0;0;0;0;TP
565;0;0;0;0;682;212;519;79;0;0;0;0;-298;-588;435;299;50.4303;375;0;375;299;90;0;0;0;0;0;0;0;0;TP
566;0;0;0;0;692;222;515;77;714;250;705;246;737;259;810;299;28.7203;375;0;375;299;90;0;0;0;0;0;0;0;0;TP
567;0;0;0;0;697;227;511;77;0;0;0;0;-264;-547;431;299;50.5964;375;0;375;299;90;0;0;0;0;0;0;0;0;TP
568;0;0;0;0;700;230;506;75;143;224;196;127;311;-80;443;299;70.7975;375;0;375;299;90;0;0;0;0;0;0;0;0;TP
569;0;0;0;0;706;233;451;47;132;239;190;133;297;-62;447;299;67.4365;375;0;375;299;90;0;0;0;0;0;0;0;0;TP
570;0;0;0;0;706;234;456;52;121;257;183;141;293;-64;446;299;67.1452;375;0;375;299;90;0;0;0;0;0;0;0;0;TP
571;0;0;0;0;710;238;436;44;108;275;176;150;288;-58;445;299;66.2613;375;0;375;299;90;0;0;0;0;0;0;0;0;TP
572;0;0;0;0;708;240;439;47;96;295;170;160;289;-59;441;299;66.9949;375;0;375;299;90;0;0;0;0;0;0;0;0;TP
573;0;0;0;0;704;236;408;36;90;301;160;169;277;-51;444;299;64.4922;375;0;375;299;90;0;0;0;0;0;0;0;0;TP
574;0;0;0;0;712;244;405;37;87;301;151;179;272;-51;440;299;64.359;375;0;375;299;90;0;0;0;0;0;0;0;0;TP
575;0;0;0;0;691;227;405;39;84;301;142;190;269;-49;442;299;63.5668;375;0;375;299;90;0;0;0;0;0;0;0;0;TP
576;0;0;0;0;689;225;403;41;82;301;134;204;266;-45;443;299;62.7726;375;0;375;299;90;0;0;0;0;0;0;0;0;TP
577;0;0;0;0;690;229;395;39;79;300;124;218;266;-41;439;299;63.0319;375;0;375;299;90;0;0;0;0;0;0;0;0;TP
578;0;0;0;0;681;223;400;44;78;301;112;233;253;-49;439;299;61.8763;375;0;375;299;90;0;0;0;0;0;0;0;0;TP
579;0;0;0;0;682;224;381;38;77;301;101;249;238;-47;440;299;59.723;375;0;375;299;90;0;0;0;0;0;0;0;0;TP
580;0;0;0;0;675;218;368;35;74;301;92;267;251;-33;442;299;60.0881;375;0;375;299;90;0;0;0;0;0;0;0;0;TP
581;0;0;0;0;669;215;365;35;133;159;149;105;198;-60;450;299;54.9331;375;0;375;299;90;0;0;0;0;0;0;0;0;TP
582;0;0;0;0;666;214;370;39;126;168;144;110;198;-64;446;299;55.6593;375;0;375;299;90;0;0;0;0;0;0;0;0;TP
583;0;0;0;0;667;218;356;35;118;177;140;114;200;-54;439;299;55.8999;375;0;375;299;90;0;0;0;0;0;0;0;0;TP
584;0;0;0;0;667;222;361;38;110;187;134;120;197;-59;432;299;56.7181;375;0;375;299;90;0;0;0;0;0;0;0;0;TP
585;0;0;0;0;665;225;353;37;103;198;128;125;193;-58;427;299;56.7567;375;0;375;299;90;0;0;0;0;0;0;0;0;TP
586;0;0;0;0;669;227;337;33;93;208;124;130;195;-47;424;299;56.5014;375;0;375;299;90;0;0;0;0;0;0;0;0;TP
587;0;0;0;0;672;234;333;32;85;220;119;136;192;-50;417;299;57.1902;375;0;375;299;90;0;0;0;0;0;0;0;0;TP
588;0;0;0;0;678;241;341;36;77;232;114;142;194;-51;411;299;58.2011;375;0;375;299;90;0;0;0;0;0;0;0;0;TP
589;0;0;0;0;684;248;344;38;70;246;110;148;192;-52;407;299;58.511;375;0;375;299;90;0;0;0;0;0;0;0;0;TP
590;0;0;0;0;685;252;335;36;62;260;106;155;193;-49;403;299;58.8912;375;0;375;299;90;0;0;0;0;0;0;0;0;TP
591;0;0;0;0;689;257;334;36;54;275;102;163;194;-51;399;299;59.6419;375;0;375;299;90;0;0;0;0;0;0;0;0;TP
592;0;0;0;0;695;259;304;27;46;292;99;172;189;-37;402;299;57.6282;375;0;375;299;90;0;0;0;0;0;0;0;0;TP
593;0;0;0;0;697;262;308;28;41;299;95;178;192;-42;399;299;58.7407;375;0;375;299;90;0;0;0;0;0;0;0;0;TP
594;0;0;0;0;697;264;307;28;38;299;89;186;193;-40;395;299;59.2105;375;0;375;299;90;0;0;0;0;0;0;0;0;TP
595;0;0;0;0;698;264;294;24;36;299;82;195;186;-40;395;299;58.3454;375;0;375;299;90;0;0;0;0;0;0;0;0;TP
596;0;0;0;0;697;264;294;25;34;299;78;205;188;-36;394;299;58.4116;375;0;375;299;90;0;0;0;0;0;0;0;0;TP
597;0;0;0;0;696;264;296;27;34;299;72;215;186;-36;393;299;58.2876;375;0;375;299;90;0;0;0;0;0;0;0;0;TP
598;0;0;0;0;694;264;290;26;33;299;65;228;182;-36;392;299;57.9178;375;0;375;299;90;0;0;0;0;0;0;0;0;TP
599;0;0;0;0;691;264;290;26;31;299;59;240;186;-33;390;299;58.431;375;0;375;299;90;0;0;0;0;0;0;0;0;TP
600;0;0;0;0;689;264;292;26;29;300;51;252;183;-36;388;299;58.5359;375;0;375;299;90;0;0;0;0;0;0;0;0;TP
601;0;0;0;0;691;266;287;24;28;299;43;267;185;-34;386;299;58.8847;375;0;375;299;90;0;0;0;0;0;0;0;0;TP
602;0;0;0;0;689;267;291;26;83;162;97;113;145;-59;392;299;55.3965;375;0;375;299;90;0;0;0;0;0;0;0;0;TP
603;0;0;0;0;686;265;285;25;81;170;97;117;148;-56;392;299;55.4983;375;0;375;299;90;0;0;0;0;0;0;0;0;TP
604;0;0;0;0;688;266;281;26;78;178;96;121;151;-49;391;299;55.4077;375;0;375;299;90;0;0;0;0;0;0;0;0;TP
605;0;0;0;0;688;266;281;25;75;187;96;126;158;-46;389;299;56.1951;375;0;375;299;90;0;0;0;0;0;0;0;0;TP
606;0;0;0;0;688;267;284;27;72;195;96;129;159;-44;387;299;56.3871;375;0;375;299;90;0;0;0;0;0;0;0;0;TP
607;0;0;0;0;687;267;290;28;69;204;94;133;160;-48;387;299;56.8081;375;0;375;299;90;0;0;0;0;0;0;0;0;TP
608;0;0;0;0;685;266;293;29;65;212;94;136;164;-45;385;299;57.2816;375;0;375;299;90;0;0;0;0;0;0;0;0;TP
609;0;0;0;0;685;265;282;25;60;223;94;142;170;-42;384;299;57.889;375;0;375;299;90;0;0;0;0;0;0;0;0;TP
610;0;0;0;0;686;264;283;27;56;236;92;147;167;-41;387;299;57.0948;375;0;375;299;90;0;0;0;0;0;0;0;0;TP
611;0;0;0;0;685;265;290;28;49;248;89;153;170;-42;384;299;57.889;375;0;375;299;90;0;0;0;0;0;0;0;0;TP
612;0;0;0;0;684;266;288;28;41;262;85;159;170;-42;381;299;58.2521;375;0;375;299;90;0;0;0;0;0;0;0;0;TP
613;0;0;0;0;682;267;296;29;33;276;82;163;174;-45;377;299;59.4545;375;0;375;299;90;0;0;0;0;0;0;0;0;TP
614;0;0;0;0;681;264;291;26;26;291;79;171;176;-42;380;299;59.1104;375;0;375;299;90;0;0;0;0;0;0;0;0;TP
615;0;0;0;0;680;264;286;26;23;299;78;180;177;-37;379;299;58.9861;375;0;375;299;90;0;0;0;0;0;0;0;0;TP
616;0;0;0;0;678;262;289;27;24;299;74;189;177;-37;381;299;58.7363;375;0;375;299;90;0;0;0;0;0;0;0;0;TP
617;0;0;0;0;675;259;289;27;23;299;71;199;183;-34;381;299;59.2645;375;0;375;299;90;0;0;0;0;0;0;0;0;TP
618;0;0;0;0;671;257;289;27;23;300;65;210;180;-36;381;299;59.0362;375;0;375;299;90;0;0;0;0;0;0;0;0;TP
619;0;0;0;0;666;253;289;28;24;299;60;221;179;-36;383;299;58.6605;375;0;375;299;90;0;0;0;0;0;0;0;0;TP
620;0;0;0;0;667;255;288;28;24;299;56;234;188;-29;381;299;59.5268;375;0;375;299;90;0;0;0;0;0;0;0;0;TP
621;0;0;0;0;670;255;291;28;25;299;49;247;180;-36;383;299;58.7854;375;0;375;299;90;0;0;0;0;0;0;0;0;TP
622;0;0;0;0;660;249;293;30;27;299;42;263;177;-38;384;299;58.44;375;0;375;299;90;0;0;0;0;0;0;0;0;TP
623;0;0;0;0;665;254;291;29;26;298;35;281;204;-22;382;299;60.9909;375;0;375;299;90;0;0;0;0;0;0;0;0;TP
624;0;0;0;0;666;256;293;29;81;169;98;118;158;-53;385;299;57.1826;375;0;375;299;90;0;0;0;0;0;0;0;0;TP
625;0;0;0;0;675;263;295;30;79;178;97;123;156;-52;385;299;56.8787;375;0;375;299;90;0;0;0;0;0;0;0;0;TP
626;0;0;0;0;679;266;296;30;76;186;98;127;165;-48;382;299;57.9798;375;0;375;299;90;0;0;0;0;0;0;0;0;TP
627;0;0;0;0;679;265;299;31;73;196;98;133;171;-45;382;299;58.4762;375;0;375;299;90;0;0;0;0;0;0;0;0;TP
628;0;0;0;0;680;265;301;31;69;209;97;137;169;-48;384;299;58.2178;375;0;375;299;90;0;0;0;0;0;0;0;0;TP
629;0;0;0;0;679;267;299;29;62;219;95;140;172;-49;379;299;59.2547;375;0;375;299;90;0;0;0;0;0;0;0;0;TP
630;0;0;0;0;677;266;300;28;56;230;92;147;175;-47;377;299;59.723;375;0;375;299;90;0;0;0;0;0;0;0;0;TP
631;0;0;0;0;674;264;301;28;50;243;89;153;177;-49;377;299;60.1135;375;0;375;299;90;0;0;0;0;0;0;0;0;TP
632;0;0;0;0;676;263;296;27;46;259;87;160;175;-48;381;299;59.3041;375;0;375;299;90;0;0;0;0;0;0;0;0;TP
633;0;0;0;0;674;264;314;33;39;275;85;170;181;-52;378;299;60.6965;375;0;375;299;90;0;0;0;0;0;0;0;0;TP
634;0;0;0;0;671;261;303;29;31;295;81;178;177;-49;380;299;59.7436;375;0;375;299;90;0;0;0;0;0;0;0;0;TP
635;0;0;0;0;670;260;303;30;26;299;76;187;180;-45;378;299;60.0761;375;0;375;299;90;0;0;0;0;0;0;0;0;TP
636;0;0;0;0;668;260;305;30;26;299;72;198;184;-44;377;299;60.6343;375;0;375;299;90;0;0;0;0;0;0;0;0;TP
637;0;0;0;0;671;260;306;31;26;299;68;208;183;-44;379;299;60.2551;375;0;375;299;90;0;0;0;0;0;0;0;0;TP
638;0;0;0;0;669;257;312;32;28;299;64;223;190;-43;381;299;60.8175;375;0;375;299;90;0;0;0;0;0;0;0;0;TP
639;0;0;0;0;669;257;308;31;28;299;58;236;192;-39;381;299;60.7873;375;0;375;299;90;0;0;0;0;0;0;0;0;TP
640;0;0;0;0;671;259;311;31;28;299;50;251;186;-45;381;299;60.4528;375;0;375;299;90;0;0;0;0;0;0;0;0;TP
641;0;0;0;0;669;255;304;29;27;299;42;270;204;-32;383;299;61.5961;375;0;375;299;90;0;0;0;0;0;0;0;0;TP
642;0;0;0;0;670;253;304;30;23;299;39;293;470;131;384;299;117.108;375;0;375;299;90;0;0;0;0;0;0;0;0;TP
643;0;0;0;0;670;257;306;29;88;172;105;119;165;-58;391;299;57.664;375;0;375;299;90;0;0;0;0;0;0;0;0;TP
644;0;0;0;0;667;257;320;33;83;181;103;122;165;-64;387;299;58.5513;375;0;375;299;90;0;0;0;0;0;0;0;0;TP
645;0;0;0;0;666;256;321;33;79;188;101;128;171;-62;385;299;59.3406;375;0;375;299;90;0;0;0;0;0;0;0;0;TP
646;0;0;0;0;666;256;317;34;75;201;101;135;173;-55;385;299;59.0839;375;0;375;299;90;0;0;0;0;0;0;0;0;TP
647;0;0;0;0;668;254;309;33;71;215;100;140;175;-48;388;299;58.457;375;0;375;299;90;0;0;0;0;0;0;0;0;TP
648;0;0;0;0;666;253;305;30;65;228;99;146;179;-46;387;299;58.9143;375;0;375;299;90;0;0;0;0;0;0;0;0;TP
649;0;0;0;0;665;251;301;27;58;242;97;151;180;-46;388;299;58.9143;375;0;375;299;90;0;0;0;0;0;0;0;0;TP
650;0;0;0;0;667;253;307;29;50;256;94;158;185;-44;385;299;59.754;375;0;375;299;90;0;0;0;0;0;0;0;0;TP
651;0;0;0;0;669;255;311;30;43;272;90;166;186;-49;384;299;60.3616;375;0;375;299;90;0;0;0;0;0;0;0;0;TP
652;0;0;0;0;671;254;303;26;35;292;87;176;186;-44;387;299;59.6294;375;0;375;299;90;0;0;0;0;0;0;0;0;TP
653;0;0;0;0;671;255;307;28;33;299;82;187;187;-45;386;299;59.9511;375;0;375;299;90;0;0;0;0;0;0;0;0;TP
654;0;0;0;0;668;255;303;26;32;299;76;198;182;-48;384;299;59.7949;375;0;375;299;90;0;0;0;0;0;0;0;0;TP
655;0;0;0;0;670;256;303;25;30;299;72;210;193;-42;384;299;60.7461;375;0;375;299;90;0;0;0;0;0;0;0;0;TP
656;0;0;0;0;667;255;307;27;31;299;67;225;197;-42;383;299;61.3895;375;0;375;299;90;0;0;0;0;0;0;0;0;TP
657;0;0;0;0;670;257;317;29;31;299;60;240;198;-46;382;299;61.9275;375;0;375;299;90;0;0;0;0;0;0;0;0;TP
658;0;0;0;0;666;254;311;26;32;300;51;257;184;-54;384;299;60.4653;375;0;375;299;90;0;0;0;0;0;0;0;0;TP
659;0;0;0;0;666;255;318;27;30;299;42;276;215;-40;381;299;63.9101;375;0;375;299;90;0;0;0;0;0;0;0;0;TP
660;0;0;0;0;669;257;322;28;88;164;106;113;169;-70;386;299;59.5412;375;0;375;299;90;0;0;0;0;0;0;0;0;TP
661;0;0;0;0;670;260;324;26;84;172;105;117;179;-69;380;299;61.3568;375;0;375;299;90;0;0;0;0;0;0;0;0;TP
662;0;0;0;0;669;259;317;22;80;182;104;124;183;-66;379;299;61.7648;375;0;375;299;90;0;0;0;0;0;0;0;0;TP
663;0;0;0;0;664;256;317;23;75;196;104;131;188;-62;378;299;62.2415;375;0;375;299;90;0;0;0;0;0;0;0;0;TP
664;0;0;0;0;663;258;325;26;68;211;102;136;191;-63;375;299;63.0563;375;0;375;299;90;0;0;0;0;0;0;0;0;TP
665;0;0;0;0;662;258;332;28;61;222;100;142;200;-62;371;299;64.6538;375;0;375;299;90;0;0;0;0;0;0;0;0;TP
666;0;0;0;0;663;258;335;27;54;237;96;149;199;-66;372;299;64.6403;375;0;375;299;90;0;0;0;0;0;0;0;0;TP
667;0;0;0;0;663;258;336;25;47;253;93;157;202;-70;372;299;65.2643;375;0;375;299;90;0;0;0;0;0;0;0;0;TP
668;0;0;0;0;664;260;346;30;38;271;87;165;198;-74;371;299;65.1178;375;0;375;299;90;0;0;0;0;0;0;0;0;TP
669;0;0;0;0;663;261;347;29;30;290;85;175;205;-72;369;299;66.1522;375;0;375;299;90;0;0;0;0;0;0;0;0;TP
670;0;0;0;0;663;262;354;30;25;296;77;185;201;-83;367;299;66.5124;375;0;375;299;90;0;0;0;0;0;0;0;0;TP
671;0;0;0;0;663;261;353;28;24;297;70;197;200;-85;368;299;66.3706;375;0;375;299;90;0;0;0;0;0;0;0;0;TP
672;0;0;0;0;661;263;359;29;24;295;64;213;210;-86;364;299;68.1986;375;0;375;299;90;0;0;0;0;0;0;0;0;TP
673;0;0;0;0;661;263;364;31;26;289;58;230;222;-78;363;299;69.4939;375;0;375;299;90;0;0;0;0;0;0;0;0;TP
674;0;0;0;0;659;263;365;29;26;290;47;249;222;-84;362;299;69.9209;375;0;375;299;90;0;0;0;0;0;0;0;0;TP
675;0;0;0;0;658;266;390;41;33;282;41;268;241;-81;360;299;72.6116;375;0;375;299;90;0;0;0;0;0;0;0;0;TP
676;0;0;0;0;659;265;385;33;106;156;143;107;272;-62;348;299;78.1113;375;0;375;299;90;0;0;0;0;0;0;0;0;TP
677;0;0;0;0;664;271;392;35;102;167;142;113;274;-65;350;299;78.2066;375;0;375;299;90;0;0;0;0;0;0;0;0;TP
678;0;0;0;0;656;262;393;32;97;178;141;119;277;-67;353;299;78.2692;375;0;375;299;90;0;0;0;0;0;0;0;0;TP
679;0;0;0;0;656;261;412;43;91;191;141;123;283;-70;354;299;79.1087;375;0;375;299;90;0;0;0;0;0;0;0;0;TP
680;0;0;0;0;657;261;417;40;83;203;139;127;288;-75;355;299;79.8435;375;0;375;299;90;0;0;0;0;0;0;0;0;TP
681;0;0;0;0;654;258;404;26;75;214;135;135;293;-76;354;299;80.7608;375;0;375;299;90;0;0;0;0;0;0;0;0;TP
682;0;0;0;0;655;259;418;35;67;231;130;143;293;-79;357;299;80.3903;375;0;375;299;90;0;0;0;0;0;0;0;0;TP
683;0;0;0;0;655;257;422;34;59;249;125;153;292;-89;361;299;79.9162;375;0;375;299;90;0;0;0;0;0;0;0;0;TP
684;0;0;0;0;652;253;425;32;50;266;121;163;297;-90;363;299;80.3706;375;0;375;299;90;0;0;0;0;0;0;0;0;TP
685;0;0;0;0;655;254;431;34;44;277;115;173;297;-95;364;299;80.3491;375;0;375;299;90;0;0;0;0;0;0;0;0;TP
686;0;0;0;0;652;251;433;33;44;281;110;185;303;-95;365;299;81.0572;375;0;375;299;90;0;0;0;0;0;0;0;0;TP
687;0;0;0;0;653;247;441;37;45;281;100;198;300;-101;368;299;80.352;375;0;375;299;90;0;0;0;0;0;0;0;0;TP
688;0;0;0;0;650;244;441;35;42;286;92;213;304;-101;369;299;80.7701;375;0;375;299;90;0;0;0;0;0;0;0;0;TP
689;0;0;0;0;653;244;450;38;43;291;84;228;306;-109;371;299;80.9481;375;0;375;299;90;0;0;0;0;0;0;0;0;TP
690;0;0;0;0;652;240;451;36;39;296;72;245;306;-112;373;299;80.7413;375;0;375;299;90;0;0;0;0;0;0;0;0;TP
691;0;0;0;0;649;236;453;36;41;297;61;265;301;-119;374;299;80.0937;375;0;375;299;90;0;0;0;0;0;0;0;0;TP
692;0;0;0;0;651;232;458;39;151;153