1;0;0;0;0;0;0;0;0;77;301;104;261;0;0;0;0;0;0;0;0;0;0;0;0;0;0;0;0;0;0;TN
2;0;0;0;0;0;0;0;0;77;301;104;261;340;-93;415;299;79.1687;375;0;375;299;90;0;0;0;0;0;0;0;0;TP
3;0;0;0;0;0;0;0;0;77;301;104;261;340;-93;415;299;79.1687;375;0;375;299;90;0;0;0;0;0;0;0;0;TP
4;0;0;0;0;0;0;0;0;77;301;104;261;340;-93;415;299;79.1687;375;0;375;299;90;0;0;0;0;0;0;0;0;TP
5;0;0;0;0;0;0;0;0;77;301;103;261;333;-92;415;299;78.1557;375;0;375;299;90;0;0;0;0;0;0;0;0;TP
6;0;0;0;0;0;0;0;0;77;301;103;261;333;-92;415;299;78.1557;375;0;375;299;90;0;0;0;0;0;0;0;0;TP
7;0;0;0;0;0;0;0;0;77;301;103;261;333;-92;415;299;78.1557;375;0;375;299;90;0;0;0;0;0;0;0;0;TP
8;0;0;0;0;0;0;0;0;77;301;103;261;333;-92;415;299;78.1557;375;0;375;299;90;0;0;0;0;0;0;0;0;TP
9;0;0;0;0;0;0;0;0;77;301;103;261;333;-92;415;299;78.1557;375;0;375;299;90;0;0;0;0;0;0;0;0;TP
10;0;0;0;0;0;0;0;0;77;301;103;261;333;-92;415;299;78.1557;375;0;375;299;90;0;0;0;0;0;0;0;0;TP
11;0;0;0;0;0;0;0;0;77;301;104;261;340;-93;415;299;79.1687;375;0;375;299;90;0;0;0;0;0;0;0;0;TP
12;0;0;0;0;0;0;0;0;77;301;103;261;333;-92;415;299;78.1557;375;0;375;299;90;0;0;0;0;0;0;0;0;TP
13;0;0;0;0;652;199;488;71;77;301;103;261;314;-63;429;299;72.376;375;0;375;299;90;0;0;0;0;0;0;0;0;TP
14;0;0;0;0;651;200;487;70;77;301;103;261;315;-65;426;299;73.0412;375;0;375;299;90;0;0;0;0;0;0;0;0;TP
15;0;0;0;0;651;201;485;69;77;301;103;261;315;-65;426;299;73.0412;375;0;375;299;90;0;0;0;0;0;0;0;0;TP
16;0;0;0;0;651;201;485;69;77;301;103;261;315;-65;426;299;73.0412;375;0;375;299;90;0;0;0;0;0;0;0;0;TP
17;0;0;0;0;651;201;485;69;77;301;103;261;315;-65;426;299;73.0412;375;0;375;299;90;0;0;0;0;0;0;0;0;TP
18;0;0;0;0;651;201;485;69;77;301;103;261;315;-65;426;299;73.0412;375;0;375;299;90;0;0;0;0;0;0;0;0;TP
19;0;0;0;0;657;204;483;68;77;301;103;261;314;-63;428;299;72.5199;375;0;375;299;90;0;0;0;0;0;0;0;0;TP
20;0;0;0;0;657;204;483;68;77;301;103;261;314;-63;428;299;72.5199;375;0;375;299;90;0;0;0;0;0;0;0;0;TP
21;0;0;0;0;657;204;483;68;77;301;103;261;314;-63;428;299;72.5199;375;0;375;299;90;0;0;0;0;0;0;0;0;TP
22;0;0;0;0;652;201;483;68;77;301;103;261;314;-63;427;299;72.664;375;0;375;299;90;0;0;0;0;0;0;0;0;TP
23;0;0;0;0;653;205;485;68;77;301;103;261;318;-69;422;299;74.2192;375;0;375;299;90;0;0;0;0;0;0;0;0;TP
24;0;0;0;0;654;205;480;65;77;301;103;261;316;-66;424;299;73.517;375;0;375;299;90;0;0;0;0;0;0;0;0;TP
25;0;0;0;0;658;209;486;68;77;301;103;261;318;-69;422;299;74.2192;375;0;375;299;90;0;0;0;0;0;0;0;0;TP
26;0;0;0;0;657;207;479;64;77;301;103;261;316;-66;424;299;73.517;375;0;375;299;90;0;0;0;0;0;0;0;0;TP
27;0;0;0;0;657;207;479;64;77;301;103;261;316;-66;424;299;73.517;375;0;375;299;90;0;0;0;0;0;0;0;0;TP
28;0;0;0;0;657;207;479;64;77;301;103;261;316;-66;424;299;73.517;375;0;375;299;90;0;0;0;0;0;0;0;0;TP
29;0;0;0;0;660;208;478;64;77;301;103;261;314;-63;426;299;72.8083;375;0;375;299;90;0;0;0;0;0;0;0;0;TP
30;0;0;0;0;660;208;478;64;77;301;103;261;314;-63;426;299;72.8083;375;0;375;299;90;0;0;0;0;0;0;0;0;TP
31;0;0;0;0;660;208;478;64;77;301;103;261;314;-63;426;299;72.8083;375;0;375;299;90;0;0;0;0;0;0;0;0;TP
32;0;0;0;0;660;208;478;64;77;301;103;261;314;-63;426;299;72.8083;375;0;375;299;90;0;0;0;0;0;0;0;0;TP
33;0;0;0;0;660;208;478;64;77;301;103;261;314;-63;426;299;72.8083;375;0;375;299;90;0;0;0;0;0;0;0;0;TP
34;0;0;0;0;660;208;478;64;77;301;103;261;314;-63;426;299;72.8083;375;0;375;299;90;0;0;0;0;0;0;0;0;TP
35;0;0;0;0;663;214;471;59;77;301;103;261;315;-65;423;299;73.4742;375;0;375;299;90;0;0;0;0;0;0;0;0;TP
36;0;0;0;0;0;0;0;0;77;301;103;261;333;-92;415;299;78.1557;375;0;375;299;90;0;0;0;0;0;0;0;0;TP
37;0;0;0;0;389;32;287;14;77;301;103;261;265;11;990;299;21.665;375;0;375;299;90;0;0;0;0;0;0;0;0;TP
38;0;0;0;0;0;0;0;0;77;301;103;261;333;-92;415;299;78.1557;375;0;375;299;90;0;0;0;0;0;0;0;0;TP
39;0;0;0;0;664;213;470;60;77;301;103;261;314;-63;425;299;72.9529;375;0;375;299;90;0;0;0;0;0;0;0;0;TP
40;0;0;0;0;0;0;0;0;77;301;103;261;333;-92;415;299;78.1557;375;0;375;299;90;0;0;0;0;0;0;0;0;TP
41;0;0;0;0;389;32;287;14;77;301;103;261;265;11;990;299;21.665;375;0;375;299;90;0;0;0;0;0;0;0;0;TP
42;0;0;0;0;0;0;0;0;77;301;103;261;333;-92;415;299;78.1557;375;0;375;299;90;0;0;0;0;0;0;0;0;TP
43;0;0;0;0;664;214;475;62;77;301;103;261;315;-65;424;299;73.3296;375;0;375;299;90;0;0;0;0;0;0;0;0;TP
44;0;0;0;0;664;213;466;57;77;301;103;261;313;-62;425;299;72.7635;375;0;375;299;90;0;0;0;0;0;0;0;0;TP
45;0;0;0;0;665;213;470;59;77;301;103;261;314;-63;425;299;72.9529;375;0;375;299;90;0;0;0;0;0;0;0;0;TP
46;0;0;0;0;665;213;470;59;77;301;103;261;314;-63;425;299;72.9529;375;0;375;299;90;0;0;0;0;0;0;0;0;TP
47;0;0;0;0;665;213;470;59;77;301;103;261;314;-63;425;299;72.9529;375;0;375;299;90;0;0;0;0;0;0;0;0;TP
48;0;0;0;0;665;213;470;59;77;301;103;261;314;-63;425;299;72.9529;375;0;375;299;90;0;0;0;0;0;0;0;0;TP
49;0;0;0;0;665;213;470;59;77;301;103;261;314;-63;425;299;72.9529;375;0;375;299;90;0;0;0;0;0;0;0;0;TP
50;0;0;0;0;663;211;475;62;77;301;103;261;314;-63;426;299;72.8083;375;0;375;299;90;0;0;0;0;0;0;0;0;TP
51;0;0;0;0;662;211;465;56;77;301;103;261;313;-62;425;299;72.7635;375;0;375;299;90;0;0;0;0;0;0;0;0;TP
52;0;0;0;0;662;211;465;56;77;301;103;261;313;-62;425;299;72.7635;375;0;375;299;90;0;0;0;0;0;0;0;0;TP
53;0;0;0;0;662;208;483;68;77;301;103;261;314;-63;427;299;72.664;375;0;375;299;90;0;0;0;0;0;0;0;0;TP
54;0;0;0;0;0;0;0;0;77;301;103;261;333;-92;415;299;78.1557;375;0;375;299;90;0;0;0;0;0;0;0;0;TP
55;0;0;0;0;658;209;476;63;77;301;103;261;315;-65;424;299;73.3296;375;0;375;299;90;0;0;0;0;0;0;0;0;TP
56;0;0;0;0;657;207;479;64;77;301;103;261;315;-65;425;299;73.1853;375;0;375;299;90;0;0;0;0;0;0;0;0;TP
57;0;0;0;0;657;207;479;64;77;301;103;261;315;-65;425;299;73.1853;375;0;375;299;90;0;0;0;0;0;0;0;0;TP
58;0;0;0;0;658;205;479;65;77;301;103;261;313;-62;428;299;72.3302;375;0;375;299;90;0;0;0;0;0;0;0;0;TP
59;0;0;0;0;658;206;483;69;77;301;103;261;314;-63;427;299;72.664;375;0;375;299;90;0;0;0;0;0;0;0;0;TP
60;0;0;0;0;658;206;483;69;77;301;103;261;314;-63;427;299;72.664;375;0;375;299;90;0;0;0;0;0;0;0;0;TP
61;0;0;0;0;658;206;483;69;77;301;103;261;314;-63;427;299;72.664;375;0;375;299;90;0;0;0;0;0;0;0;0;TP
62;0;0;0;0;658;206;483;69;77;301;103;261;314;-63;427;299;72.664;375;0;375;299;90;0;0;0;0;0;0;0;0;TP
63;0;0;0;0;658;206;483;69;77;301;103;261;314;-63;427;299;72.664;375;0;375;299;90;0;0;0;0;0;0;0;0;TP
64;0;0;0;0;658;206;483;69;77;301;103;261;314;-63;427;299;72.664;375;0;375;299;90;0;0;0;0;0;0;0;0;TP
65;0;0;0;0;658;206;483;69;77;301;103;261;314;-63;427;299;72.664;375;0;375;299;90;0;0;0;0;0;0;0;0;TP
66;0;0;0;0;658;206;483;69;77;301;103;261;314;-63;427;299;72.664;375;0;375;299;90;0;0;0;0;0;0;0;0;TP
67;0;0;0;0;651;203;473;61;77;301;103;261;314;-63;424;299;73.0977;375;0;375;299;90;0;0;0;0;0;0;0;0;TP
68;0;0;0;0;652;202;483;68;77;301;103;261;315;-65;425;299;73.1853;375;0;375;299;90;0;0;0;0;0;0;0;0;TP
69;0;0;0;0;654;201;473;62;77;301;103;261;312;-60;429;299;71.9489;375;0;375;299;90;0;0;0;0;0;0;0;0;TP
70;0;0;0;0;654;201;473;62;77;301;103;261;312;-60;429;299;71.9489;375;0;375;299;90;0;0;0;0;0;0;0;0;TP
71;0;0;0;0;0;0;0;0;77;301;103;261;333;-92;415;299;78.1557;375;0;375;299;90;0;0;0;0;0;0;0;0;TP
72;0;0;0;0;389;32;287;14;77;301;103;261;265;11;990;299;21.665;375;0;375;299;90;0;0;0;0;0;0;0;0;TP
73;0;0;0;0;0;0;0;0;77;301;103;261;333;-92;415;299;78.1557;375;0;375;299;90;0;0;0;0;0;0;0;0;TP
74;0;0;0;0;654;203;474;63;77;301;103;261;313;-62;427;299;72.4744;375;0;375;299;90;0;0;0;0;0;0;0;0;TP
75;0;0;0;0;650;199;472;61;77;301;103;261;313;-62;428;299;72.3302;375;0;375;299;90;0;0;0;0;0;0;0;0;TP
76;0;0;0;0;650;199;472;61;77;301;103;261;313;-62;428;299;72.3302;375;0;375;299;90;0;0;0;0;0;0;0;0;TP
77;0;0;0;0;650;199;472;61;77;301;103;261;313;-62;428;299;72.3302;375;0;375;299;90;0;0;0;0;0;0;0;0;TP
78;0;0;0;0;650;199;472;61;77;301;103;261;313;-62;428;299;72.3302;375;0;375;299;90;0;0;0;0;0;0;0;0;TP
79;0;0;0;0;650;199;472;61;77;301;103;261;313;-62;428;299;72.3302;375;0;375;299;90;0;0;0;0;0;0;0;0;TP
80;0;0;0;0;656;202;470;60;77;301;103;261;312;-60;430;299;71.8048;375;0;375;299;90;0;0;0;0;0;0;0;0;TP
81;0;0;0;0;651;201;479;65;77;301;104;261;318;-60;426;299;73.2568;375;0;375;299;90;0;0;0;0;0;0;0;0;TP
82;0;0;0;0;651;201;479;65;77;301;104;261;318;-60;426;299;73.2568;375;0;375;299;90;0;0;0;0;0;0;0;0;TP
83;0;0;0;0;654;203;461;54;77;301;103;261;312;-60;428;299;72.0933;375;0;375;299;90;0;0;0;0;0;0;0;0;TP
84;0;0;0;0;657;204;474;63;77;301;103;261;312;-60;429;299;71.9489;375;0;375;299;90;0;0;0;0;0;0;0;0;TP
85;0;0;0;0;654;200;474;63;77;301;103;261;312;-60;430;299;71.8048;375;0;375;299;90;0;0;0;0;0;0;0;0;TP
86;0;0;0;0;654;200;474;63;77;301;103;261;312;-60;430;299;71.8048;375;0;375;299;90;0;0;0;0;0;0;0;0;TP
87;0;0;0;0;652;202;479;64;77;301;103;261;316;-66;425;299;73.3728;375;0;375;299;90;0;0;0;0;0;0;0;0;TP
88;0;0;0;0;652;202;479;64;77;301;103;261;316;-66;425;299;73.3728;375;0;375;299;90;0;0;0;0;0;0;0;0;TP
89;0;0;0;0;653;205;477;63;77;301;103;261;316;-66;423;299;73.6615;375;0;375;299;90;0;0;0;0;0;0;0;0;TP
90;0;0;0;0;651;200;471;61;77;301;103;261;313;-62;428;299;72.3302;375;0;375;299;90;0;0;0;0;0;0;0;0;TP
91;0;0;0;0;0;0;0;0;77;301;103;261;333;-92;415;299;78.1557;375;0;375;299;90;0;0;0;0;0;0;0;0;TP
92;0;0;0;0;389;32;287;14;77;301;103;261;265;11;990;299;21.665;375;0;375;299;90;0;0;0;0;0;0;0;0;TP
93;0;0;0;0;389;32;287;14;77;301;103;261;265;11;990;299;21.665;375;0;375;299;90;0;0;0;0;0;0;0;0;TP
94;0;0;0;0;389;32;287;14;77;301;103;261;265;11;990;299;21.665;375;0;375;299;90;0;0;0;0;0;0;0;0;TP
95;0;0;0;0;389;32;287;14;77;301;103;261;265;11;990;299;21.665;375;0;375;299;90;0;0;0;0;0;0;0;0;TP
96;0;0;0;0;389;32;287;14;77;301;103;261;265;11;990;299;21.665;375;0;375;299;90;0;0;0;0;0;0;0;0;TP
97;0;0;0;0;0;0;0;0;77;301;103;261;333;-92;415;299;78.1557;375;0;375;299;90;0;0;0;0;0;0;0;0;TP
98;0;0;0;0;389;32;287;14;77;301;103;261;265;11;990;299;21.665;375;0;375;299;90;0;0;0;0;0;0;0;0;TP
99;0;0;0;0;389;32;287;14;77;301;103;261;265;11;990;299;21.665;375;0;375;299;90;0;0;0;0;0;0;0;0;TP
100;0;0;0;0;0;0;0;0;77;301;103;261;333;-92;415;299;78.1557;375;0;375;299;90;0;0;0;0;0;0;0;0;TP
101;0;0;0;0;652;203;478;63;77;301;103;261;316;-66;424;299;73.517;375;0;375;299;90;0;0;0;0;0;0;0;0;TP
102;0;0;0;0;651;201;473;61;78;301;104;261;314;-62;427;299;72.6189;375;0;375;299;90;0;0;0;0;0;0;0;0;TP
103;0;0;0;0;650;200;482;68;77;301;104;261;318;-60;426;299;73.2568;375;0;375;299;90;0;0;0;0;0;0;0;0;TP
104;0;0;0;0;649;195;474;63;77;301;103;261;312;-60;432;299;71.5172;375;0;375;299;90;0;0;0;0;0;0;0;0;TP
105;0;0;0;0;0;0;0;0;78;301;104;261;334;-92;416;299;78.1557;375;0;375;299;90;0;0;0;0;0;0;0;0;TP
106;0;0;0;0;0;0;0;0;78;301;104;261;334;-92;416;299;78.1557;375;0;375;299;90;0;0;0;0;0;0;0;0;TP
107;0;0;0;0;0;0;0;0;78;301;104;261;334;-92;416;299;78.1557;375;0;375;299;90;0;0;0;0;0;0;0;0;TP
108;0;0;0;0;0;0;0;0;78;301;104;261;334;-92;416;299;78.1557;375;0;375;299;90;0;0;0;0;0;0;0;0;TP
109;0;0;0;0;0;0;0;0;78;301;104;261;334;-92;416;299;78.1557;375;0;375;299;90;0;0;0;0;0;0;0;0;TP
110;0;0;0;0;0;0;0;0;77;301;104;261;340;-93;415;299;79.1687;375;0;375;299;90;0;0;0;0;0;0;0;0;TP
111;0;0;0;0;0;0;0;0;77;301;103;261;333;-92;415;299;78.1557;375;0;375;299;90;0;0;0;0;0;0;0;0;TP
112;0;0;0;0;0;0;0;0;77;301;104;261;340;-93;415;299;79.1687;375;0;375;299;90;0;0;0;0;0;0;0;0;TP
113;0;0;0;0;0;0;0;0;77;301;104;261;340;-93;415;299;79.1687;375;0;375;299;90;0;0;0;0;0;0;0;0;TP
114;0;0;0;0;0;0;0;0;77;301;104;261;340;-93;415;299;79.1687;375;0;375;299;90;0;0;0;0;0;0;0;0;TP
115;0;0;0;0;0;0;0;0;77;301;104;261;340;-93;415;299;79.1687;375;0;375;299;90;0;0;0;0;0;0;0;0;TP
116;0;0;0;0;0;0;0;0;77;301;104;261;340;-93;415;299;79.1687;375;0;375;299;90;0;0;0;0;0;0;0;0;TP
117;0;0;0;0;0;0;0;0;77;301;104;261;340;-93;415;299;79.1687;375;0;375;299;90;0;0;0;0;0;0;0;0;TP
118;0;0;0;0;0;0;0;0;77;301;104;261;340;-93;415;299;79.1687;375;0;375;299;90;0;0;0;0;0;0;0;0;TP
119;0;0;0;0;0;0;0;0;77;301;104;261;340;-93;415;299;79.1687;375;0;375;299;90;0;0;0;0;0;0;0;0;TP
120;0;0;0;0;0;0;0;0;77;301;104;261;340;-93;415;299;79.1687;375;0;375;299;90;0;0;0;0;0;0;0;0;TP
121;0;0;0;0;0;0;0;0;77;301;104;261;340;-93;415;299;79.1687;375;0;375;299;90;0;0;0;0;0;0;0;0;TP
122;0;0;0;0;0;0;0;0;77;301;104;261;340;-93;415;299;79.1687;375;0;375;299;90;0;0;0;0;0;0;0;0;TP
123;0;0;0;0;0;0;0;0;77;301;104;261;340;-93;415;299;79.1687;375;0;375;299;90;0;0;0;0;0;0;0;0;TP
124;0;0;0;0;0;0;0;0;77;301;104;261;340;-93;415;299;79.1687;375;0;375;299;90;0;0;0;0;0;0;0;0;TP
125;0;0;0;0;0;0;0;0;77;301;104;261;340;-93;415;299;79.1687;375;0;375;299;90;0;0;0;0;0;0;0;0;TP
126;0;0;0;0;0;0;0;0;78;301;102;261;317;-97;419;299;75.556;375;0;375;299;90;0;0;0;0;0;0;0;0;TP
127;0;0;0;0;0;0;0;0;78;301;102;261;317;-97;419;299;75.556;375;0;375;299;90;0;0;0;0;0;0;0;0;TP
128;0;0;0;0;0;0;0;0;78;301;102;261;317;-97;419;299;75.556;375;0;375;299;90;0;0;0;0;0;0;0;0;TP
129;0;0;0;0;0;0;0;0;78;301;102;261;317;-97;419;299;75.556;375;0;375;299;90;0;0;0;0;0;0;0;0;TP
130;0;0;0;0;0;0;0;0;78;301;102;261;317;-97;419;299;75.556;375;0;375;299;90;0;0;0;0;0;0;0;0;TP
131;0;0;0;0;0;0;0;0;78;301;102;261;317;-97;419;299;75.556;375;0;375;299;90;0;0;0;0;0;0;0;0;TP
132;0;0;0;0;0;0;0;0;78;301;102;261;317;-97;419;299;75.556;375;0;375;299;90;0;0;0;0;0;0;0;0;TP
133;0;0;0;0;0;0;0;0;78;301;102;261;317;-97;419;299;75.556;375;0;375;299;90;0;0;0;0;0;0;0;0;TP
134;0;0;0;0;0;0;0;0;78;301;102;261;317;-97;419;299;75.556;375;0;375;299;90;0;0;0;0;0;0;0;0;TP
135;0;0;0;0;0;0;0;0;78;301;102;261;317;-97;419;299;75.556;375;0;375;299;90;0;0;0;0;0;0;0;0;TP
136;0;0;0;0;0;0;0;0;78;301;102;261;317;-97;419;299;75.556;375;0;375;299;90;0;0;0;0;0;0;0;0;TP
137;0;0;0;0;0;0;0;0;78;301;102;261;317;-97;419;299;75.556;375;0;375;299;90;0;0;0;0;0;0;0;0;TP
138;0;0;0;0;0;0;0;0;78;301;102;261;317;-97;419;299;75.556;375;0;375;299;90;0;0;0;0;0;0;0;0;TP
139;0;0;0;0;0;0;0;0;78;301;102;261;317;-97;419;299;75.556;375;0;375;299;90;0;0;0;0;0;0;0;0;TP
140;0;0;0;0;0;0;0;0;78;301;102;261;317;-97;419;299;75.556;375;0;375;299;90;0;0;0;0;0;0;0;0;TP
141;0;0;0;0;0;0;0;0;78;301;102;261;317;-97;419;299;75.556;375;0;375;299;90;0;0;0;0;0;0;0;0;TP
142;0;0;0;0;0;0;0;0;78;301;102;261;317;-97;419;299;75.556;375;0;375;299;90;0;0;0;0;0;0;0;0;TP
143;0;0;0;0;0;0;0;0;78;301;102;261;317;-97;419;299;75.556;375;0;375;299;90;0;0;0;0;0;0;0;0;TP
144;0;0;0;0;0;0;0;0;78;301;102;261;317;-97;419;299;75.556;375;0;375;299;90;0;0;0;0;0;0;0;0;TP
145;0;0;0;0;0;0;0;0;77;301;103;261;333;-92;415;299;78.1557;375;0;375;299;90;0;0;0;0;0;0;0;0;TP
146;0;0;0;0;0;0;0;0;77;301;103;261;333;-92;415;299;78.1557;375;0;375;299;90;0;0;0;0;0;0;0;0;TP
147;0;0;0;0;0;0;0;0;77;301;101;261;316;-97;418;299;75.556;375;0;375;299;90;0;0;0;0;0;0;0;0;TP
148;0;0;0;0;0;0;0;0;77;301;103;261;333;-92;415;299;78.1557;375;0;375;299;90;0;0;0;0;0;0;0;0;TP
149;0;0;0;0;0;0;0;0;77;301;103;261;333;-92;415;299;78.1557;375;0;375;299;90;0;0;0;0;0;0;0;0;TP
150;0;0;0;0;0;0;0;0;77;301;103;261;333;-92;415;299;78.1557;375;0;375;299;90;0;0;0;0;0;0;0;0;TP
151;0;0;0;0;0;0;0;0;77;301;103;261;333;-92;415;299;78.1557;375;0;375;299;90;0;0;0;0;0;0;0;0;TP
152;0;0;0;0;0;0;0;0;77;301;103;261;333;-92;415;299;78.1557;375;0;375;299;90;0;0;0;0;0;0;0;0;TP
153;0;0;0;0;0;0;0;0;77;301;103;261;333;-92;415;299;78.1557;375;0;375;299;90;0;0;0;0;0;0;0;0;TP
154;0;0;0;0;0;0;0;0;77;301;103;261;333;-92;415;299;78.1557;375;0;375;299;90;0;0;0;0;0;0;0;0;TP
155;0;0;0;0;0;0;0;0;77;301;103;261;333;-92;415;299;78.1557;375;0;375;299;90;0;0;0;0;0;0;0;0;TP
156;0;0;0;0;0;0;0;0;77;301;103;261;333;-92;415;299;78.1557;375;0;375;299;90;0;0;0;0;0;0;0;0;TP
157;0;0;0;0;0;0;0;0;77;301;102;262;324;-90;415;299;76.8334;375;0;375;299;90;0;0;0;0;0;0;0;0;TP
158;0;0;0;0;0;0;0;0;78;301;102;263;325;-90;416;299;76.8334;375;0;375;299;90;0;0;0;0;0;0;0;0;TP
159;0;0;0;0;0;0;0;0;78;301;102;263;325;-90;416;299;76.8334;375;0;375;299;90;0;0;0;0;0;0;0;0;TP
160;0;0;0;0;0;0;0;0;77;301;100;264;324;-90;415;299;76.8334;375;0;375;299;90;0;0;0;0;0;0;0;0;TP
161;0;0;0;0;388;32;286;14;78;301;100;265;256;9;989;299;21.5855;375;0;375;299;90;0;0;0;0;0;0;0;0;TP
162;0;0;0;0;388;32;286;14;78;301;100;265;256;9;989;299;21.5855;375;0;375;299;90;0;0;0;0;0;0;0;0;TP
163;0;0;0;0;0;0;0;0;77;301;100;264;324;-90;415;299;76.8334;375;0;375;299;90;0;0;0;0;0;0;0;0;TP
164;0;0;0;0;0;0;0;0;77;301;101;263;324;-90;415;299;76.8334;375;0;375;299;90;0;0;0;0;0;0;0;0;TP
165;0;0;0;0;0;0;0;0;77;301;101;263;324;-90;415;299;76.8334;375;0;375;299;90;0;0;0;0;0;0;0;0;TP
166;0;0;0;0;0;0;0;0;77;301;101;263;324;-90;415;299;76.8334;375;0;375;299;90;0;0;0;0;0;0;0;0;TP
167;0;0;0;0;0;0;0;0;77;301;101;262;316;-97;418;299;75.556;375;0;375;299;90;0;0;0;0;0;0;0;0;TP
168;0;0;0;0;0;0;0;0;78;301;101;262;317;-97;419;299;75.556;375;0;375;299;90;0;0;0;0;0;0;0;0;TP
169;0;0;0;0;0;0;0;0;78;301;101;262;317;-97;419;299;75.556;375;0;375;299;90;0;0;0;0;0;0;0;0;TP
170;0;0;0;0;0;0;0;0;78;301;101;262;317;-97;419;299;75.556;375;0;375;299;90;0;0;0;0;0;0;0;0;TP
171;0;0;0;0;0;0;0;0;78;301;101;262;317;-97;419;299;75.556;375;0;375;299;90;0;0;0;0;0;0;0;0;TP
172;0;0;0;0;0;0;0;0;78;301;101;262;317;-97;419;299;75.556;375;0;375;299;90;0;0;0;0;0;0;0;0;TP
173;0;0;0;0;0;0;0;0;78;301;101;262;317;-97;419;299;75.556;375;0;375;299;90;0;0;0;0;0;0;0;0;TP
174;0;0;0;0;0;0;0;0;77;301;101;262;316;-97;418;299;75.556;375;0;375;299;90;0;0;0;0;0;0;0;0;TP
175;0;0;0;0;0;0;0;0;77;301;101;262;316;-97;418;299;75.556;375;0;375;299;90;0;0;0;0;0;0;0;0;TP
176;0;0;0;0;0;0;0;0;77;301;101;262;316;-97;418;299;75.556;375;0;375;299;90;0;0;0;0;0;0;0;0;TP
177;0;0;0;0;0;0;0;0;77;301;101;262;316;-97;418;299;75.556;375;0;375;299;90;0;0;0;0;0;0;0;0;TP
178;0;0;0;0;0;0;0;0;76;301;102;263;340;-84;412;299;79.3532;375;0;375;299;90;0;0;0;0;0;0;0;0;TP
179;0;0;0;0;387;31;284;13;76;301;100;262;252;7;991;299;21.5604;375;0;375;299;90;0;0;0;0;0;0;0;0;TP
180;0;0;0;0;387;31;284;13;76;301;100;262;252;7;991;299;21.5604;375;0;375;299;90;0;0;0;0;0;0;0;0;TP
181;0;0;0;0;0;0;0;0;76;301;98;263;305;-94;417;299;74.0931;375;0;375;299;90;0;0;0;0;0;0;0;0;TP
182;0;0;0;0;0;0;0;0;76;301;98;263;305;-94;417;299;74.0931;375;0;375;299;90;0;0;0;0;0;0;0;0;TP
183;0;0;0;0;0;0;0;0;76;301;98;263;305;-94;417;299;74.0931;375;0;375;299;90;0;0;0;0;0;0;0;0;TP
184;0;0;0;0;0;0;0;0;76;301;98;263;305;-94;417;299;74.0931;375;0;375;299;90;0;0;0;0;0;0;0;0;TP
185;0;0;0;0;0;0;0;0;76;301;98;263;305;-94;417;299;74.0931;375;0;375;299;90;0;0;0;0;0;0;0;0;TP
186;0;0;0;0;0;0;0;0;76;301;98;263;305;-94;417;299;74.0931;375;0;375;299;90;0;0;0;0;0;0;0;0;TP
187;0;0;0;0;0;0;0;0;76;301;98;263;305;-94;417;299;74.0931;375;0;375;299;90;0;0;0;0;0;0;0;0;TP
188;0;0;0;0;0;0;0;0;76;301;98;263;305;-94;417;299;74.0931;375;0;375;299;90;0;0;0;0;0;0;0;0;TP
189;0;0;0;0;0;0;0;0;75;301;97;264;304;-94;416;299;74.0931;375;0;375;299;90;0;0;0;0;0;0;0;0;TP
190;0;0;0;0;0;0;0;0;75;301;97;264;304;-94;416;299;74.0931;375;0;375;299;90;0;0;0;0;0;0;0;0;TP
191;0;0;0;0;0;0;0;0;74;301;94;268;307;-95;415;299;74.6711;375;0;375;299;90;0;0;0;0;0;0;0;0;TP
192;0;0;0;0;0;0;0;0;74;301;91;270;301;-102;417;299;73.8661;375;0;375;299;90;0;0;0;0;0;0;0;0;TP
193;0;0;0;0;385;31;282;13;73;301;91;271;249;7;988;299;21.5604;375;0;375;299;90;0;0;0;0;0;0;0;0;TP
194;0;0;0;0;0;0;0;0;73;301;90;272;312;-97;414;299;75.556;375;0;375;299;90;0;0;0;0;0;0;0;0;TP
195;0;0;0;0;0;0;0;0;73;301;89;273;305;-104;416;299;74.6006;375;0;375;299;90;0;0;0;0;0;0;0;0;TP
196;0;0;0;0;383;31;280;13;73;300;88;275;252;9;987;299;21.5321;375;0;375;299;90;0;0;0;0;0;0;0;0;TP
197;0;0;0;0;0;0;0;0;167;150;197;91;293;-93;431;299;70.6059;375;0;375;299;90;0;0;0;0;0;0;0;0;TP
198;0;0;0;0;0;0;0;0;166;152;196;92;294;-104;437;299;70.4633;375;0;375;299;90;0;0;0;0;0;0;0;0;TP
199;0;0;0;0;0;0;0;0;166;152;196;92;294;-104;437;299;70.4633;375;0;375;299;90;0;0;0;0;0;0;0;0;TP
200;0;0;0;0;0;0;0;0;166;152;196;92;294;-104;437;299;70.4633;375;0;375;299;90;0;0;0;0;0;0;0;0;TP
201;0;0;0;0;0;0;0;0;166;152;196;92;294;-104;437;299;70.4633;375;0;375;299;90;0;0;0;0;0;0;0;0;TP
202;0;0;0;0;0;0;0;0;166;152;196;92;294;-104;437;299;70.4633;375;0;375;299;90;0;0;0;0;0;0;0;0;TP
203;0;0;0;0;0;0;0;0;155;161;188;97;286;-93;425;299;70.4759;375;0;375;299;90;0;0;0;0;0;0;0;0;TP
204;0;0;0;0;0;0;0;0;153;163;187;97;285;-93;424;299;70.4759;375;0;375;299;90;0;0;0;0;0;0;0;0;TP
205;0;0;0;0;381;32;279;14;151;164;186;99;234;7;986;299;21.2211;375;0;375;299;90;0;0;0;0;0;0;0;0;TP
206;0;0;0;0;0;0;0;0;150;165;186;99;294;-99;418;299;72.6952;375;0;375;299;90;0;0;0;0;0;0;0;0;TP
207;0;0;0;0;0;0;0;0;149;168;183;100;285;-104;428;299;70.4633;375;0;375;299;90;0;0;0;0;0;0;0;0;TP
208;0;0;0;0;0;0;0;0;147;167;184;100;292;-100;417;299;72.6051;375;0;375;299;90;0;0;0;0;0;0;0;0;TP
209;0;0;0;0;0;0;0;0;147;167;184;100;292;-100;417;299;72.6051;375;0;375;299;90;0;0;0;0;0;0;0;0;TP
210;0;0;0;0;0;0;0;0;147;167;184;100;292;-100;417;299;72.6051;375;0;375;299;90;0;0;0;0;0;0;0;0;TP
211;0;0;0;0;386;34;263;12;145;171;181;101;229;7;979;299;21.2726;375;0;375;299;90;0;0;0;0;0;0;0;0;TP
212;0;0;0;0;386;34;263;12;145;171;181;101;229;7;979;299;21.2726;375;0;375;299;90;0;0;0;0;0;0;0;0;TP
213;0;0;0;0;381;33;270;14;143;172;180;102;230;7;972;299;21.4812;375;0;375;299;90;0;0;0;0;0;0;0;0;TP
214;0;0;0;0;0;0;0;0;142;174;180;103;285;-96;418;299;71.3912;375;0;375;299;90;0;0;0;0;0;0;0;0;TP
215;0;0;0;0;0;0;0;0;142;174;180;103;285;-96;418;299;71.3912;375;0;375;299;90;0;0;0;0;0;0;0;0;TP
216;0;0;0;0;0;0;0;0;142;174;180;103;285;-96;418;299;71.3912;375;0;375;299;90;0;0;0;0;0;0;0;0;TP
217;0;0;0;0;0;0;0;0;142;174;180;103;285;-96;418;299;71.3912;375;0;375;299;90;0;0;0;0;0;0;0;0;TP
218;0;0;0;0;0;0;0;0;142;174;180;103;285;-96;418;299;71.3912;375;0;375;299;90;0;0;0;0;0;0;0;0;TP
219;0;0;0;0;0;0;0;0;132;185;173;109;285;-99;412;299;72.3023;375;0;375;299;90;0;0;0;0;0;0;0;0;TP
220;0;0;0;0;0;0;0;0;130;188;172;110;284;-98;412;299;72.1297;375;0;375;299;90;0;0;0;0;0;0;0;0;TP
221;0;0;0;0;0;0;0;0;127;189;170;111;286;-100;408;299;72.9982;375;0;375;299;90;0;0;0;0;0;0;0;0;TP
222;0;0;0;0;0;0;0;0;127;189;170;111;286;-100;408;299;72.9982;375;0;375;299;90;0;0;0;0;0;0;0;0;TP
223;0;0;0;0;0;0;0;0;127;189;170;111;286;-100;408;299;72.9982;375;0;375;299;90;0;0;0;0;0;0;0;0;TP
224;0;0;0;0;0;0;0;0;125;193;168;112;281;-97;410;299;71.9566;375;0;375;299;90;0;0;0;0;0;0;0;0;TP
225;0;0;0;0;0;0;0;0;125;193;168;112;281;-97;410;299;71.9566;375;0;375;299;90;0;0;0;0;0;0;0;0;TP
226;0;0;0;0;0;0;0;0;124;194;167;113;281;-98;409;299;72.1297;375;0;375;299;90;0;0;0;0;0;0;0;0;TP
227;0;0;0;0;0;0;0;0;123;195;167;113;280;-97;409;299;71.9566;375;0;375;299;90;0;0;0;0;0;0;0;0;TP
228;0;0;0;0;0;0;0;0;123;195;167;113;280;-97;409;299;71.9566;375;0;375;299;90;0;0;0;0;0;0;0;0;TP
229;0;0;0;0;0;0;0;0;120;199;166;115;284;-100;407;299;72.867;375;0;375;299;90;0;0;0;0;0;0;0;0;TP
230;0;0;0;0;0;0;0;0;120;199;166;115;284;-100;407;299;72.867;375;0;375;299;90;0;0;0;0;0;0;0;0;TP
231;0;0;0;0;0;0;0;0;120;199;166;115;284;-100;407;299;72.867;375;0;375;299;90;0;0;0;0;0;0;0;0;TP
232;0;0;0;0;0;0;0;0;120;199;166;115;284;-100;407;299;72.867;375;0;375;299;90;0;0;0;0;0;0;0;0;TP
233;0;0;0;0;0;0;0;0;120;199;166;115;284;-100;407;299;72.867;375;0;375;299;90;0;0;0;0;0;0;0;0;TP
234;0;0;0;0;465;70;261;12;104;217;155;123;223;1;664;299;34.0483;375;0;375;299;90;0;0;0;0;0;0;0;0;TP
235;0;0;0;0;475;77;263;11;99;222;153;125;222;-1;622;299;36.8699;375;0;375;299;90;0;0;0;0;0;0;0;0;TP
236;0;0;0;0;476;78;256;10;93;229;149;129;221;0;622;299;36.7095;375;0;375;299;90;0;0;0;0;0;0;0;0;TP
237;0;0;0;0;477;80;262;12;88;237;146;133;220;0;612;299;37.3348;375;0;375;299;90;0;0;0;0;0;0;0;0;TP
238;0;0;0;0;477;80;262;12;88;237;146;133;220;0;612;299;37.3348;375;0;375;299;90;0;0;0;0;0;0;0;0;TP
239;0;0;0;0;485;87;263;13;74;256;137;143;218;0;585;299;39.1702;375;0;375;299;90;0;0;0;0;0;0;0;0;TP
240;0;0;0;0;485;87;263;13;74;256;137;143;218;0;585;299;39.1702;375;0;375;299;90;0;0;0;0;0;0;0;0;TP
241;0;0;0;0;516;108;258;13;58;280;126;154;210;-1;543;299;42.0157;375;0;375;299;90;0;0;0;0;0;0;0;0;TP
242;0;0;0;0;527;112;215;8;49;293;120;161;202;4;566;299;39.0227;375;0;375;299;90;0;0;0;0;0;0;0;0;TP
243;0;0;0;0;527;112;215;8;49;293;120;161;202;4;566;299;39.0227;375;0;375;299;90;0;0;0;0;0;0;0;0;TP
244;0;0;0;0;527;112;215;8;49;293;120;161;202;4;566;299;39.0227;375;0;375;299;90;0;0;0;0;0;0;0;0;TP
245;0;0;0;0;527;112;215;8;49;293;120;161;202;4;566;299;39.0227;375;0;375;299;90;0;0;0;0;0;0;0;0;TP
246;0;0;0;0;527;112;215;8;49;293;120;161;202;4;566;299;39.0227;375;0;375;299;90;0;0;0;0;0;0;0;0;TP
247;0;0;0;0;527;112;215;8;49;293;120;161;202;4;566;299;39.0227;375;0;375;299;90;0;0;0;0;0;0;0;0;TP
248;0;0;0;0;527;112;215;8;49;293;120;161;202;4;566;299;39.0227;375;0;375;299;90;0;0;0;0;0;0;0;0;TP
249;0;0;0;0;608;176;204;0;39;300;79;224;198;-2;464;299;48.5323;375;0;375;299;90;0;0;0;0;0;0;0;0;TP
250;0;0;0;0;608;176;204;0;39;300;79;224;198;-2;464;299;48.5323;375;0;375;299;90;0;0;0;0;0;0;0;0;TP
251;0;0;0;0;620;186;210;0;37;300;62;249;191;-8;452;299;49.63;375;0;375;299;90;0;0;0;0;0;0;0;0;TP
252;0;0;0;0;625;191;214;0;35;300;54;265;204;-4;445;299;51.502;375;0;375;299;90;0;0;0;0;0;0;0;0;TP
253;0;0;0;0;625;191;214;0;35;300;54;265;204;-4;445;299;51.502;375;0;375;299;90;0;0;0;0;0;0;0;0;TP
254;0;0;0;0;630;200;219;0;102;164;128;105;181;-18;437;299;51.0767;375;0;375;299;90;0;0;0;0;0;0;0;0;TP
255;0;0;0;0;630;204;221;1;97;174;125;110;181;-17;431;299;51.6511;375;0;375;299;90;0;0;0;0;0;0;0;0;TP
256;0;0;0;0;630;204;221;1;97;174;125;110;181;-17;431;299;51.6511;375;0;375;299;90;0;0;0;0;0;0;0;0;TP
257;0;0;0;0;638;215;230;1;87;192;123;118;190;-19;416;299;54.5989;375;0;375;299;90;0;0;0;0;0;0;0;0;TP
258;0;0;0;0;645;219;233;0;81;200;120;121;191;-20;413;299;55.165;375;0;375;299;90;0;0;0;0;0;0;0;0;TP
259;0;0;0;0;645;219;233;0;81;200;120;121;191;-20;413;299;55.165;375;0;375;299;90;0;0;0;0;0;0;0;0;TP
260;0;0;0;0;653;228;239;0;67;220;114;131;196;-21;402;299;57.2286;375;0;375;299;90;0;0;0;0;0;0;0;0;TP
261;0;0;0;0;653;228;239;0;67;220;114;131;196;-21;402;299;57.2286;375;0;375;299;90;0;0;0;0;0;0;0;0;TP
262;0;0;0;0;653;228;239;0;67;220;114;131;196;-21;402;299;57.2286;375;0;375;299;90;0;0;0;0;0;0;0;0;TP
263;0;0;0;0;653;228;239;0;67;220;114;131;196;-21;402;299;57.2286;375;0;375;299;90;0;0;0;0;0;0;0;0;TP
264;0;0;0;0;662;237;253;0;36;271;98;153;195;-31;394;299;58.9087;375;0;375;299;90;0;0;0;0;0;0;0;0;TP
265;0;0;0;0;668;242;256;0;29;286;94;161;195;-35;393;299;59.3399;375;0;375;299;90;0;0;0;0;0;0;0;0;TP
266;0;0;0;0;670;243;258;1;23;299;94;171;205;-29;393;299;60.1799;375;0;375;299;90;0;0;0;0;0;0;0;0;TP
267;0;0;0;0;668;242;260;3;23;299;89;180;204;-30;393;299;60.124;375;0;375;299;90;0;0;0;0;0;0;0;0;TP
268;0;0;0;0;668;242;260;3;23;299;89;180;204;-30;393;299;60.124;375;0;375;299;90;0;0;0;0;0;0;0;0;TP
269;0;0;0;0;680;253;271;6;30;299;81;204;209;-31;393;299;60.857;375;0;375;299;90;0;0;0;0;0;0;0;0;TP
270;0;0;0;0;684;259;279;8;34;299;79;215;212;-33;391;299;61.6684;375;0;375;299;90;0;0;0;0;0;0;0;0;TP
271;0;0;0;0;690;267;287;8;38;300;76;225;208;-40;388;299;62.0329;375;0;375;299;90;0;0;0;0;0;0;0;0;TP
272;0;0;0;0;701;280;297;7;39;300;73;234;218;-47;384;299;64.3698;375;0;375;299;90;0;0;0;0;0;0;0;0;TP
273;0;0;0;0;708;285;304;8;41;300;67;248;217;-52;384;299;64.5557;375;0;375;299;90;0;0;0;0;0;0;0;0;TP
274;0;0;0;0;712;288;312;9;44;299;61;263;213;-57;385;299;64.2127;375;0;375;299;90;0;0;0;0;0;0;0;0;TP
275;0;0;0;0;716;288;318;10;46;300;55;277;185;-82;388;299;61.9509;375;0;375;299;90;0;0;0;0;0;0;0;0;TP
276;0;0;0;0;716;288;318;10;46;300;55;277;185;-82;388;299;61.9509;375;0;375;299;90;0;0;0;0;0;0;0;0;TP
277;0;0;0;0;716;288;318;10;46;300;55;277;185;-82;388;299;61.9509;375;0;375;299;90;0;0;0;0;0;0;0;0;TP
278;0;0;0;0;716;288;318;10;46;300;55;277;185;-82;388;299;61.9509;375;0;375;299;90;0;0;0;0;0;0;0;0;TP
279;0;0;0;0;715;291;343;13;98;188;132;116;222;-74;385;299;66.3948;375;0;375;299;90;0;0;0;0;0;0;0;0;TP
280;0;0;0;0;717;290;349;14;94;200;130;122;223;-79;388;299;66.4184;375;0;375;299;90;0;0;0;0;0;0;0;0;TP
281;0;0;0;0;717;290;349;14;94;200;130;122;223;-79;388;299;66.4184;375;0;375;299;90;0;0;0;0;0;0;0;0;TP
282;0;0;0;0;717;286;364;14;79;226;127;134;239;-80;386;299;68.8006;375;0;375;299;90;0;0;0;0;0;0;0;0;TP
283;0;0;0;0;0;0;0;0;68;236;122;136;249;-99;375;299;72.4331;375;0;375;299;90;0;0;0;0;0;0;0;0;TP
284;0;0;0;0;0;0;0;0;59;248;118;141;253;-101;372;299;73.4323;375;0;375;299;90;0;0;0;0;0;0;0;0;TP
285;0;0;0;0;709;290;381;18;50;264;112;149;245;-94;374;299;71.8279;375;0;375;299;90;0;0;0;0;0;0;0;0;TP
286;0;0;0;0;0;0;0;0;40;283;109;159;255;-102;373;299;73.6027;375;0;375;299;90;0;0;0;0;0;0;0;0;TP
287;0;0;0;0;0;0;0;0;32;300;104;170;254;-100;374;299;73.2612;375;0;375;299;90;0;0;0;0;0;0;0;0;TP
288;0;0;0;0;0;0;0;0;32;300;98;181;252;-100;374;299;72.9982;375;0;375;299;90;0;0;0;0;0;0;0;0;TP
289;0;0;0;0;0;0;0;0;32;300;98;181;252;-100;374;299;72.9982;375;0;375;299;90;0;0;0;0;0;0;0;0;TP
290;0;0;0;0;0;0;0;0;32;300;98;181;252;-100;374;299;72.9982;375;0;375;299;90;0;0;0;0;0;0;0;0;TP
291;0;0;0;0;0;0;0;0;32;300;98;181;252;-100;374;299;72.9982;375;0;375;299;90;0;0;0;0;0;0;0;0;TP
292;0;0;0;0;0;0;0;0;32;300;98;181;252;-100;374;299;72.9982;375;0;375;299;90;0;0;0;0;0;0;0;0;TP
293;0;0;0;0;0;0;0;0;32;300;98;181;252;-100;374;299;72.9982;375;0;375;299;90;0;0;0;0;0;0;0;0;TP
294;0;0;0;0;0;0;0;0;32;300;98;181;252;-100;374;299;72.9982;375;0;375;299;90;0;0;0;0;0;0;0;0;TP
295;0;0;0;0;0;0;0;0;0;0;0;0;0;0;0;0;0;0;0;0;0;0;0;0;0;0;0;0;0;0;TN
296;0;0;0;0;0;0;0;0;0;0;0;0;0;0;0;0;0;0;0;0;0;0;0;0;0;0;0;0;0;0;TN
297;0;0;0;0;0;0;0;0;0;0;0;0;0;0;0;0;0;0;0;0;0;0;0;0;0;0;0;0;0;0;TN
298;0;0;0;0;0;0;0;0;0;0;0;0;0;0;0;0;0;0;0;0;0;0;0;0;0;0;0;0;0;0;TN
299;0;0;0;0;0;0;0;0;83;199;165;98;306;-71;330;299;86.2887;375;0;375;299;90;0;0;0;0;0;0;0;0;TP
300;0;0;0;0;0;0;0;0;73;208;163;102;304;-64;323;299;87.0038;375;0;375;299;90;0;0;0;0;0;0;0;0;TP
301;0;0;0;0;0;0;0;0;73;208;163;102;304;-64;323;299;87.0038;375;0;375;299;90;0;0;0;0;0;0;0;0;TP
302;0;0;0;0;0;0;0;0;73;208;163;102;304;-64;323;299;87.0038;375;0;375;299;90;0;0;0;0;0;0;0;0;TP
303;0;0;0;0;0;0;0;0;73;208;163;102;304;-64;323;299;87.0038;375;0;375;299;90;0;0;0;0;0;0;0;0;TP
304;0;0;0;0;0;0;0;0;41;269;152;127;313;-80;349;299;84.5739;375;0;375;299;90;0;0;0;0;0;0;0;0;TP
305;0;0;0;0;0;0;0;0;41;269;152;127;313;-80;349;299;84.5739;375;0;375;299;90;0;0;0;0;0;0;0;0;TP
306;0;0;0;0;0;0;0;0;41;269;152;127;313;-80;349;299;84.5739;375;0;375;299;90;0;0;0;0;0;0;0;0;TP
307;0;0;0;0;0;0;0;0;41;269;152;127;313;-80;349;299;84.5739;375;0;375;299;90;0;0;0;0;0;0;0;0;TP
308;0;0;0;0;0;0;0;0;41;269;152;127;313;-80;349;299;84.5739;375;0;375;299;90;0;0;0;0;0;0;0;0;TP
309;0;0;0;0;0;0;0;0;41;269;152;127;313;-80;349;299;84.5739;375;0;375;299;90;0;0;0;0;0;0;0;0;TP
310;0;0;0;0;0;0;0;0;16;301;114;177;310;-71;347;299;84.2894;375;0;375;299;90;0;0;0;0;0;0;0;0;TP
311;0;0;0;0;0;0;0;0;20;301;107;188;314;-79;353;299;84.1094;375;0;375;299;90;0;0;0;0;0;0;0;0;TP
312;0;0;0;0;0;0;0;0;21;301;100;199;313;-71;352;299;83.9829;375;0;375;299;90;0;0;0;0;0;0;0;0;TP
313;0;0;0;0;0;0;0;0;24;301;91;210;304;-77;357;299;81.9766;375;0;375;299;90;0;0;0;0;0;0;0;0;TP
314;0;0;0;0;0;0;0;0;24;301;91;210;304;-77;357;299;81.9766;375;0;375;299;90;0;0;0;0;0;0;0;0;TP
315;0;0;0;0;0;0;0;0;24;301;74;235;312;-79;357;299;83.211;375;0;375;299;90;0;0;0;0;0;0;0;0;TP
316;0;0;0;0;0;0;0;0;24;301;74;235;312;-79;357;299;83.211;375;0;375;299;90;0;0;0;0;0;0;0;0;TP
317;0;0;0;0;0;0;0;0;28;301;53;267;319;-79;361;299;83.6598;375;0;375;299;90;0;0;0;0;0;0;0;0;TP
318;0;0;0;0;0;0;0;0;28;301;53;267;319;-79;361;299;83.6598;375;0;375;299;90;0;0;0;0;0;0;0;0;TP
319;0;0;0;0;0;0;0;0;0;0;0;0;0;0;0;0;0;0;0;0;0;0;0;0;0;0;0;0;0;0;TN
320;0;0;0;0;0;0;0;0;0;0;0;0;0;0;0;0;0;0;0;0;0;0;0;0;0;0;0;0;0;0;TN
321;0;0;0;0;0;0;0;0;0;0;0;0;0;0;0;0;0;0;0;0;0;0;0;0;0;0;0;0;0;0;TN
322;0;0;0;0;0;0;0;0;0;0;0;0;0;0;0;0;0;0;0;0;0;0;0;0;0;0;0;0;0;0;TN
323;0;0;0;0;0;0;0;0;0;0;0;0;0;0;0;0;0;0;0;0;0;0;0;0;0;0;0;0;0;0;TN
324;0;0;0;0;0;0;0;0;0;0;0;0;0;0;0;0;0;0;0;0;0;0;0;0;0;0;0;0;0;0;TN
325;0;0;0;0;0;0;0;0;0;0;0;0;0;0;0;0;0;0;0;0;0;0;0;0;0;0;0;0;0;0;TN
326;0;0;0;0;0;0;0;0;0;0;0;0;0;0;0;0;0;0;0;0;0;0;0;0;0;0;0;0;0;0;TN
327;0;0;0;0;0;0;0;0;0;0;0;0;0;0;0;0;0;0;0;0;0;0;0;0;0;0;0;0;0;0;TN
328;0;0;0;0;0;0;0;0;0;0;0;0;0;0;0;0;0;0;0;0;0;0;0;0;0;0;0;0;0;0;TN
329;0;0;0;0;0;0;0;0;0;0;0;0;0;0;0;0;0;0;0;0;0;0;0;0;0;0;0;0;0;0;TN
330;0;0;0;0;0;0;0;0;0;0;0;0;0;0;0;0;0;0;0;0;0;0;0;0;0;0;0;0;0;0;TN
331;0;0;0;0;0;0;0;0;0;0;0;0;0;0;0;0;0;0;0;0;0;0;0;0;0;0;0;0;0;0;TN
332;0;0;0;0;0;0;0;0;0;0;0;0;0;0;0;0;0;0;0;0;0;0;0;0;0;0;0;0;0;0;TN
333;0;0;0;0;0;0;0;0;0;0;0;0;0;0;0;0;0;0;0;0;0;0;0;0;0;0;0;0;0;0;TN
334;0;0;0;0;0;0;0;0;0;0;0;0;0;0;0;0;0;0;0;0;0;0;0;0;0;0;0;0;0;0;TN
335;0;0;0;0;0;0;0;0;0;0;0;0;0;0;0;0;0;0;0;0;0;0;0;0;0;0;0;0;0;0;TN
336;0;0;0;0;0;0;0;0;0;0;0;0;0;0;0;0;0;0;0;0;0;0;0;0;0;0;0;0;0;0;TN
337;0;0;0;0;0;0;0;0;0;0;0;0;0;0;0;0;0;0;0;0;0;0;0;0;0;0;0;0;0;0;TN
338;0;0;0;0;0;0;0;0;0;0;0;0;0;0;0;0;0;0;0;0;0;0;0;0;0;0;0;0;0;0;TN
339;0;0;0;0;0;0;0;0;0;0;0;0;0;0;0;0;0;0;0;0;0;0;0;0;0;0;0;0;0;0;TN
340;0;0;0;0;0;0;0;0;0;0;0;0;0;0;0;0;0;0;0;0;0;0;0;0;0;0;0;0;0;0;TN
341;0;0;0;0;0;0;0;0;0;0;0;0;0;0;0;0;0;0;0;0;0;0;0;0;0;0;0;0;0;0;TN
342;0;0;0;0;0;0;0;0;0;0;0;0;0;0;0;0;0;0;0;0;0;0;0;0;0;0;0;0;0;0;TN
343;0;0;0;0;0;0;0;0;0;0;0;0;0;0;0;0;0;0;0;0;0;0;0;0;0;0;0;0;0;0;TN
344;0;0;0;0;0;0;0;0;0;0;0;0;0;0;0;0;0;0;0;0;0;0;0;0;0;0;0;0;0;0;TN
345;0;0;0;0;0;0;0;0;0;0;0;0;0;0;0;0;0;0;0;0;0;0;0;0;0;0;0;0;0;0;TN
346;0;0;0;0;0;0;0;0;0;0;0;0;0;0;0;0;0;0;0;0;0;0;0;0;0;0;0;0;0;0;TN
347;0;0;0;0;0;0;0;0;0;0;0;0;0;0;0;0;0;0;0;0;0;0;0;0;0;0;0;0;0;0;TN
348;0;0;0;0;0;0;0;0;0;0;0;0;0;0;0;0;0;0;0;0;0;0;0;