1;0;0;0;0;681;298;671;77;26;300;160;172;0;0;0;0;0;0;0;0;0;0;0;0;0;0;0;0;0;0;TN
2;0;0;0;0;680;298;670;77;26;300;160;172;652;-298;353;299;116.603;375;0;375;299;90;0;0;0;0;0;0;0;0;TP
3;0;0;0;0;682;298;670;77;26;300;160;172;649;-295;354;299;116.411;375;0;375;299;90;0;0;0;0;0;0;0;0;TP
4;0;0;0;0;681;298;671;77;26;300;160;172;653;-299;354;299;116.565;375;0;375;299;90;0;0;0;0;0;0;0;0;TP
5;0;0;0;0;681;298;671;77;26;300;160;172;653;-299;354;299;116.565;375;0;375;299;90;0;0;0;0;0;0;0;0;TP
6;0;0;0;0;681;298;671;77;26;300;160;172;653;-299;354;299;116.565;375;0;375;299;90;0;0;0;0;0;0;0;0;TP
7;0;0;0;0;681;298;671;77;25;300;159;170;653;-309;353;299;116.263;375;0;375;299;90;0;0;0;0;0;0;0;0;TP
8;0;0;0;0;681;298;671;77;25;300;159;170;653;-309;353;299;116.263;375;0;375;299;90;0;0;0;0;0;0;0;0;TP
9;0;0;0;0;681;298;671;77;25;300;159;170;653;-309;353;299;116.263;375;0;375;299;90;0;0;0;0;0;0;0;0;TP
10;0;0;0;0;681;298;671;77;25;300;159;170;653;-309;353;299;116.263;375;0;375;299;90;0;0;0;0;0;0;0;0;TP
11;0;0;0;0;681;298;671;77;25;300;159;170;653;-309;353;299;116.263;375;0;375;299;90;0;0;0;0;0;0;0;0;TP
12;0;0;0;0;681;298;671;77;25;300;159;170;653;-309;353;299;116.263;375;0;375;299;90;0;0;0;0;0;0;0;0;TP
13;0;0;0;0;681;298;671;77;26;300;160;172;654;-300;354;299;116.603;375;0;375;299;90;0;0;0;0;0;0;0;0;TP
14;0;0;0;0;681;298;671;77;25;300;159;170;653;-309;353;299;116.263;375;0;375;299;90;0;0;0;0;0;0;0;0;TP
15;0;0;0;0;681;298;671;77;25;300;159;170;653;-309;353;299;116.263;375;0;375;299;90;0;0;0;0;0;0;0;0;TP
16;0;0;0;0;681;298;671;77;25;300;159;170;653;-309;353;299;116.263;375;0;375;299;90;0;0;0;0;0;0;0;0;TP
17;0;0;0;0;681;298;671;77;25;299;160;170;653;-301;352;299;116.641;375;0;375;299;90;0;0;0;0;0;0;0;0;TP
18;0;0;0;0;681;298;671;77;25;300;159;170;653;-309;353;299;116.263;375;0;375;299;90;0;0;0;0;0;0;0;0;TP
19;0;0;0;0;681;298;671;77;25;299;160;170;653;-301;352;299;116.641;375;0;375;299;90;0;0;0;0;0;0;0;0;TP
20;0;0;0;0;681;298;671;77;25;300;159;170;653;-309;353;299;116.263;375;0;375;299;90;0;0;0;0;0;0;0;0;TP
21;0;0;0;0;681;298;671;77;25;299;160;170;653;-301;352;299;116.641;375;0;375;299;90;0;0;0;0;0;0;0;0;TP
22;0;0;0;0;681;298;671;77;25;300;159;170;653;-309;353;299;116.263;375;0;375;299;90;0;0;0;0;0;0;0;0;TP
23;0;0;0;0;680;298;672;77;25;299;160;170;658;-306;352;299;116.83;375;0;375;299;90;0;0;0;0;0;0;0;0;TP
24;0;0;0;0;681;298;671;77;25;300;159;170;653;-309;353;299;116.263;375;0;375;299;90;0;0;0;0;0;0;0;0;TP
25;0;0;0;0;681;298;671;77;25;299;160;170;653;-301;352;299;116.641;375;0;375;299;90;0;0;0;0;0;0;0;0;TP
26;0;0;0;0;681;298;671;77;25;299;160;170;653;-301;352;299;116.641;375;0;375;299;90;0;0;0;0;0;0;0;0;TP
27;0;0;0;0;680;298;672;77;25;299;160;170;658;-306;352;299;116.83;375;0;375;299;90;0;0;0;0;0;0;0;0;TP
28;0;0;0;0;680;298;672;77;25;299;160;170;658;-306;352;299;116.83;375;0;375;299;90;0;0;0;0;0;0;0;0;TP
29;0;0;0;0;680;298;672;77;25;299;160;170;658;-306;352;299;116.83;375;0;375;299;90;0;0;0;0;0;0;0;0;TP
30;0;0;0;0;681;298;671;77;25;299;160;170;653;-301;352;299;116.641;375;0;375;299;90;0;0;0;0;0;0;0;0;TP
31;0;0;0;0;680;298;672;77;25;299;160;170;658;-306;352;299;116.83;375;0;375;299;90;0;0;0;0;0;0;0;0;TP
32;0;0;0;0;682;298;672;77;25;299;160;170;654;-302;353;299;116.603;375;0;375;299;90;0;0;0;0;0;0;0;0;TP
33;0;0;0;0;680;298;672;77;25;299;160;170;658;-306;352;299;116.83;375;0;375;299;90;0;0;0;0;0;0;0;0;TP
34;0;0;0;0;0;0;0;0;25;299;159;171;389;-48;351;299;96.2496;375;0;375;299;90;0;0;0;0;0;0;0;0;TP
35;0;0;0;0;682;298;672;77;25;300;161;171;654;-301;354;299;116.565;375;0;375;299;90;0;0;0;0;0;0;0;0;TP
36;0;0;0;0;681;298;671;77;25;300;161;171;653;-300;353;299;116.603;375;0;375;299;90;0;0;0;0;0;0;0;0;TP
37;0;0;0;0;680;298;672;77;25;299;160;170;658;-306;352;299;116.83;375;0;375;299;90;0;0;0;0;0;0;0;0;TP
38;0;0;0;0;680;298;672;77;25;300;161;171;658;-305;353;299;116.792;375;0;375;299;90;0;0;0;0;0;0;0;0;TP
39;0;0;0;0;681;298;671;77;24;299;160;171;654;-293;352;299;117.028;375;0;375;299;90;0;0;0;0;0;0;0;0;TP
40;0;0;0;0;681;298;671;77;25;299;160;170;653;-301;352;299;116.641;375;0;375;299;90;0;0;0;0;0;0;0;0;TP
41;0;0;0;0;681;298;671;77;25;299;160;170;653;-301;352;299;116.641;375;0;375;299;90;0;0;0;0;0;0;0;0;TP
42;0;0;0;0;680;298;672;77;25;299;160;170;658;-306;352;299;116.83;375;0;375;299;90;0;0;0;0;0;0;0;0;TP
43;0;0;0;0;680;298;672;77;24;299;160;171;658;-297;351;299;117.253;375;0;375;299;90;0;0;0;0;0;0;0;0;TP
44;0;0;0;0;681;298;671;77;24;299;160;171;654;-293;352;299;117.028;375;0;375;299;90;0;0;0;0;0;0;0;0;TP
45;0;0;0;0;681;298;671;77;25;299;160;170;653;-301;352;299;116.641;375;0;375;299;90;0;0;0;0;0;0;0;0;TP
46;0;0;0;0;681;298;671;77;24;299;160;171;654;-293;352;299;117.028;375;0;375;299;90;0;0;0;0;0;0;0;0;TP
47;0;0;0;0;681;298;671;77;25;299;160;170;653;-301;352;299;116.641;375;0;375;299;90;0;0;0;0;0;0;0;0;TP
48;0;0;0;0;681;298;671;77;24;299;160;171;654;-293;352;299;117.028;375;0;375;299;90;0;0;0;0;0;0;0;0;TP
49;0;0;0;0;681;298;671;77;25;299;160;170;653;-301;352;299;116.641;375;0;375;299;90;0;0;0;0;0;0;0;0;TP
50;0;0;0;0;681;298;671;77;24;299;160;171;654;-293;352;299;117.028;375;0;375;299;90;0;0;0;0;0;0;0;0;TP
51;0;0;0;0;680;298;672;77;24;299;160;171;658;-297;351;299;117.253;375;0;375;299;90;0;0;0;0;0;0;0;0;TP
52;0;0;0;0;681;298;671;77;24;299;160;171;654;-293;352;299;117.028;375;0;375;299;90;0;0;0;0;0;0;0;0;TP
53;0;0;0;0;680;298;672;77;25;299;159;171;658;-306;352;299;116.83;375;0;375;299;90;0;0;0;0;0;0;0;0;TP
54;0;0;0;0;681;298;671;77;24;299;160;171;654;-293;352;299;117.028;375;0;375;299;90;0;0;0;0;0;0;0;0;TP
55;0;0;0;0;681;298;671;77;24;299;160;171;654;-293;352;299;117.028;375;0;375;299;90;0;0;0;0;0;0;0;0;TP
56;0;0;0;0;681;298;671;77;24;299;160;171;654;-293;352;299;117.028;375;0;375;299;90;0;0;0;0;0;0;0;0;TP
57;0;0;0;0;681;298;671;77;24;299;160;171;654;-293;352;299;117.028;375;0;375;299;90;0;0;0;0;0;0;0;0;TP
58;0;0;0;0;680;298;672;77;24;299;160;171;658;-297;351;299;117.253;375;0;375;299;90;0;0;0;0;0;0;0;0;TP
59;0;0;0;0;680;298;672;77;24;299;160;171;658;-297;351;299;117.253;375;0;375;299;90;0;0;0;0;0;0;0;0;TP
60;0;0;0;0;681;298;671;77;24;299;160;171;654;-293;352;299;117.028;375;0;375;299;90;0;0;0;0;0;0;0;0;TP
61;0;0;0;0;680;298;672;77;24;299;160;171;658;-297;351;299;117.253;375;0;375;299;90;0;0;0;0;0;0;0;0;TP
62;0;0;0;0;681;298;671;77;24;299;160;171;654;-293;352;299;117.028;375;0;375;299;90;0;0;0;0;0;0;0;0;TP
63;0;0;0;0;680;298;672;77;24;299;160;171;658;-297;351;299;117.253;375;0;375;299;90;0;0;0;0;0;0;0;0;TP
64;0;0;0;0;681;298;671;77;24;299;160;171;654;-293;352;299;117.028;375;0;375;299;90;0;0;0;0;0;0;0;0;TP
65;0;0;0;0;680;298;672;77;25;299;160;170;658;-306;352;299;116.83;375;0;375;299;90;0;0;0;0;0;0;0;0;TP
66;0;0;0;0;680;298;672;77;24;299;160;171;658;-297;351;299;117.253;375;0;375;299;90;0;0;0;0;0;0;0;0;TP
67;0;0;0;0;681;298;671;77;24;299;160;171;654;-293;352;299;117.028;375;0;375;299;90;0;0;0;0;0;0;0;0;TP
68;0;0;0;0;681;298;671;77;24;299;160;171;654;-293;352;299;117.028;375;0;375;299;90;0;0;0;0;0;0;0;0;TP
69;0;0;0;0;681;298;671;77;24;299;160;171;654;-293;352;299;117.028;375;0;375;299;90;0;0;0;0;0;0;0;0;TP
70;0;0;0;0;681;298;671;77;24;299;160;171;654;-293;352;299;117.028;375;0;375;299;90;0;0;0;0;0;0;0;0;TP
71;0;0;0;0;682;298;672;77;24;299;160;171;655;-294;352;299;117.065;375;0;375;299;90;0;0;0;0;0;0;0;0;TP
72;0;0;0;0;681;298;671;77;25;299;159;171;653;-301;352;299;116.641;375;0;375;299;90;0;0;0;0;0;0;0;0;TP
73;0;0;0;0;681;298;671;77;24;299;160;171;654;-293;352;299;117.028;375;0;375;299;90;0;0;0;0;0;0;0;0;TP
74;0;0;0;0;680;298;672;77;24;299;160;171;658;-297;351;299;117.253;375;0;375;299;90;0;0;0;0;0;0;0;0;TP
75;0;0;0;0;680;298;672;77;24;299;160;171;658;-297;351;299;117.253;375;0;375;299;90;0;0;0;0;0;0;0;0;TP
76;0;0;0;0;680;298;672;77;24;299;160;171;658;-297;351;299;117.253;375;0;375;299;90;0;0;0;0;0;0;0;0;TP
77;0;0;0;0;680;298;672;77;24;299;160;171;658;-297;351;299;117.253;375;0;375;299;90;0;0;0;0;0;0;0;0;TP
78;0;0;0;0;681;298;671;77;24;299;160;171;654;-293;352;299;117.028;375;0;375;299;90;0;0;0;0;0;0;0;0;TP
79;0;0;0;0;682;298;672;77;24;299;160;171;655;-294;352;299;117.065;375;0;375;299;90;0;0;0;0;0;0;0;0;TP
80;0;0;0;0;680;298;672;77;24;299;160;171;658;-297;351;299;117.253;375;0;375;299;90;0;0;0;0;0;0;0;0;TP
81;0;0;0;0;681;298;671;77;24;299;160;171;654;-293;352;299;117.028;375;0;375;299;90;0;0;0;0;0;0;0;0;TP
82;0;0;0;0;681;298;671;77;24;299;160;171;654;-293;352;299;117.028;375;0;375;299;90;0;0;0;0;0;0;0;0;TP
83;0;0;0;0;681;298;671;77;24;299;160;171;654;-293;352;299;117.028;375;0;375;299;90;0;0;0;0;0;0;0;0;TP
84;0;0;0;0;681;298;671;77;24;299;160;171;654;-293;352;299;117.028;375;0;375;299;90;0;0;0;0;0;0;0;0;TP
85;0;0;0;0;680;298;672;77;24;299;160;171;658;-297;351;299;117.253;375;0;375;299;90;0;0;0;0;0;0;0;0;TP
86;0;0;0;0;681;298;671;77;24;299;160;171;654;-293;352;299;117.028;375;0;375;299;90;0;0;0;0;0;0;0;0;TP
87;0;0;0;0;681;298;671;77;24;299;160;171;654;-293;352;299;117.028;375;0;375;299;90;0;0;0;0;0;0;0;0;TP
88;0;0;0;0;681;298;671;77;24;299;160;171;654;-293;352;299;117.028;375;0;375;299;90;0;0;0;0;0;0;0;0;TP
89;0;0;0;0;681;298;671;77;24;299;160;171;654;-293;352;299;117.028;375;0;375;299;90;0;0;0;0;0;0;0;0;TP
90;0;0;0;0;681;298;671;77;24;299;160;171;654;-293;352;299;117.028;375;0;375;299;90;0;0;0;0;0;0;0;0;TP
91;0;0;0;0;681;298;671;77;24;299;160;171;654;-293;352;299;117.028;375;0;375;299;90;0;0;0;0;0;0;0;0;TP
92;0;0;0;0;681;298;671;77;24;299;160;171;654;-293;352;299;117.028;375;0;375;299;90;0;0;0;0;0;0;0;0;TP
93;0;0;0;0;681;298;671;77;25;299;159;171;653;-301;352;299;116.641;375;0;375;299;90;0;0;0;0;0;0;0;0;TP
94;0;0;0;0;680;298;672;77;24;299;160;171;658;-297;351;299;117.253;375;0;375;299;90;0;0;0;0;0;0;0;0;TP
95;0;0;0;0;680;298;672;77;24;299;160;171;658;-297;351;299;117.253;375;0;375;299;90;0;0;0;0;0;0;0;0;TP
96;0;0;0;0;680;298;672;77;24;299;160;171;658;-297;351;299;117.253;375;0;375;299;90;0;0;0;0;0;0;0;0;TP
97;0;0;0;0;682;298;672;77;24;299;160;171;655;-294;352;299;117.065;375;0;375;299;90;0;0;0;0;0;0;0;0;TP
98;0;0;0;0;680;298;672;77;24;299;160;171;658;-297;351;299;117.253;375;0;375;299;90;0;0;0;0;0;0;0;0;TP
99;0;0;0;0;682;298;672;77;24;299;160;171;655;-294;352;299;117.065;375;0;375;299;90;0;0;0;0;0;0;0;0;TP
100;0;0;0;0;681;298;671;77;24;299;160;171;654;-293;352;299;117.028;375;0;375;299;90;0;0;0;0;0;0;0;0;TP
101;0;0;0;0;682;298;672;77;24;299;160;171;655;-294;352;299;117.065;375;0;375;299;90;0;0;0;0;0;0;0;0;TP
102;0;0;0;0;681;298;671;77;24;299;160;171;654;-293;352;299;117.028;375;0;375;299;90;0;0;0;0;0;0;0;0;TP
103;0;0;0;0;681;298;671;77;24;299;160;171;654;-293;352;299;117.028;375;0;375;299;90;0;0;0;0;0;0;0;0;TP
104;0;0;0;0;682;298;672;77;24;299;160;171;655;-294;352;299;117.065;375;0;375;299;90;0;0;0;0;0;0;0;0;TP
105;0;0;0;0;680;298;672;77;24;299;160;171;658;-297;351;299;117.253;375;0;375;299;90;0;0;0;0;0;0;0;0;TP
106;0;0;0;0;681;298;671;77;24;299;160;171;654;-293;352;299;117.028;375;0;375;299;90;0;0;0;0;0;0;0;0;TP
107;0;0;0;0;681;298;671;77;24;299;160;171;654;-293;352;299;117.028;375;0;375;299;90;0;0;0;0;0;0;0;0;TP
108;0;0;0;0;681;298;671;77;24;299;160;171;654;-293;352;299;117.028;375;0;375;299;90;0;0;0;0;0;0;0;0;TP
109;0;0;0;0;680;298;672;77;24;299;160;171;658;-297;351;299;117.253;375;0;375;299;90;0;0;0;0;0;0;0;0;TP
110;0;0;0;0;680;298;672;77;24;299;160;171;658;-297;351;299;117.253;375;0;375;299;90;0;0;0;0;0;0;0;0;TP
111;0;0;0;0;680;298;672;77;24;299;160;171;658;-297;351;299;117.253;375;0;375;299;90;0;0;0;0;0;0;0;0;TP
112;0;0;0;0;680;298;672;77;25;299;159;171;658;-306;352;299;116.83;375;0;375;299;90;0;0;0;0;0;0;0;0;TP
113;0;0;0;0;681;298;671;77;24;299;160;171;654;-293;352;299;117.028;375;0;375;299;90;0;0;0;0;0;0;0;0;TP
114;0;0;0;0;681;298;671;77;25;299;159;171;653;-301;352;299;116.641;375;0;375;299;90;0;0;0;0;0;0;0;0;TP
115;0;0;0;0;681;298;671;77;24;299;160;171;654;-293;352;299;117.028;375;0;375;299;90;0;0;0;0;0;0;0;0;TP
116;0;0;0;0;681;298;671;77;24;299;160;171;654;-293;352;299;117.028;375;0;375;299;90;0;0;0;0;0;0;0;0;TP
117;0;0;0;0;681;298;671;77;24;299;160;171;654;-293;352;299;117.028;375;0;375;299;90;0;0;0;0;0;0;0;0;TP
118;0;0;0;0;680;298;672;77;24;299;160;171;658;-297;351;299;117.253;375;0;375;299;90;0;0;0;0;0;0;0;0;TP
119;0;0;0;0;681;298;671;77;24;299;160;171;654;-293;352;299;117.028;375;0;375;299;90;0;0;0;0;0;0;0;0;TP
120;0;0;0;0;681;298;671;77;24;299;160;171;654;-293;352;299;117.028;375;0;375;299;90;0;0;0;0;0;0;0;0;TP
121;0;0;0;0;681;298;672;77;24;299;160;171;654;-293;352;299;117.028;375;0;375;299;90;0;0;0;0;0;0;0;0;TP
122;0;0;0;0;680;298;672;77;24;299;160;171;658;-297;351;299;117.253;375;0;375;299;90;0;0;0;0;0;0;0;0;TP
123;0;0;0;0;681;298;671;77;24;299;160;171;654;-293;352;299;117.028;375;0;375;299;90;0;0;0;0;0;0;0;0;TP
124;0;0;0;0;680;298;672;77;24;299;160;171;658;-297;351;299;117.253;375;0;375;299;90;0;0;0;0;0;0;0;0;TP
125;0;0;0;0;681;298;671;77;25;299;159;171;653;-301;352;299;116.641;375;0;375;299;90;0;0;0;0;0;0;0;0;TP
126;0;0;0;0;680;298;672;77;24;299;160;171;658;-297;351;299;117.253;375;0;375;299;90;0;0;0;0;0;0;0;0;TP
127;0;0;0;0;680;298;672;77;24;299;160;171;658;-297;351;299;117.253;375;0;375;299;90;0;0;0;0;0;0;0;0;TP
128;0;0;0;0;680;298;672;77;24;299;160;171;658;-297;351;299;117.253;375;0;375;299;90;0;0;0;0;0;0;0;0;TP
129;0;0;0;0;680;298;672;77;24;299;160;171;658;-297;351;299;117.253;375;0;375;299;90;0;0;0;0;0;0;0;0;TP
130;0;0;0;0;682;298;672;77;24;299;160;171;655;-294;352;299;117.065;375;0;375;299;90;0;0;0;0;0;0;0;0;TP
131;0;0;0;0;680;298;672;77;24;299;160;171;658;-297;351;299;117.253;375;0;375;299;90;0;0;0;0;0;0;0;0;TP
132;0;0;0;0;682;298;672;77;24;299;160;171;655;-294;352;299;117.065;375;0;375;299;90;0;0;0;0;0;0;0;0;TP
133;0;0;0;0;680;298;672;77;24;299;160;171;658;-297;351;299;117.253;375;0;375;299;90;0;0;0;0;0;0;0;0;TP
134;0;0;0;0;681;298;671;77;24;299;160;171;654;-293;352;299;117.028;375;0;375;299;90;0;0;0;0;0;0;0;0;TP
135;0;0;0;0;680;298;672;77;24;299;160;171;658;-297;351;299;117.253;375;0;375;299;90;0;0;0;0;0;0;0;0;TP
136;0;0;0;0;681;298;671;77;24;299;160;171;654;-293;352;299;117.028;375;0;375;299;90;0;0;0;0;0;0;0;0;TP
137;0;0;0;0;681;298;671;77;24;299;160;171;654;-293;352;299;117.028;375;0;375;299;90;0;0;0;0;0;0;0;0;TP
138;0;0;0;0;680;298;672;77;24;299;160;171;658;-297;351;299;117.253;375;0;375;299;90;0;0;0;0;0;0;0;0;TP
139;0;0;0;0;682;298;672;77;24;299;160;171;655;-294;352;299;117.065;375;0;375;299;90;0;0;0;0;0;0;0;0;TP
140;0;0;0;0;680;298;672;77;24;299;160;171;658;-297;351;299;117.253;375;0;375;299;90;0;0;0;0;0;0;0;0;TP
141;0;0;0;0;681;298;671;77;24;299;160;171;654;-293;352;299;117.028;375;0;375;299;90;0;0;0;0;0;0;0;0;TP
142;0;0;0;0;680;298;672;77;24;299;160;171;658;-297;351;299;117.253;375;0;375;299;90;0;0;0;0;0;0;0;0;TP
143;0;0;0;0;680;298;672;77;24;299;160;171;658;-297;351;299;117.253;375;0;375;299;90;0;0;0;0;0;0;0;0;TP
144;0;0;0;0;680;298;672;77;24;299;160;171;658;-297;351;299;117.253;375;0;375;299;90;0;0;0;0;0;0;0;0;TP
145;0;0;0;0;681;298;671;77;25;299;159;171;653;-301;352;299;116.641;375;0;375;299;90;0;0;0;0;0;0;0;0;TP
146;0;0;0;0;681;298;671;77;24;299;160;171;654;-293;352;299;117.028;375;0;375;299;90;0;0;0;0;0;0;0;0;TP
147;0;0;0;0;681;298;671;77;24;299;160;171;654;-293;352;299;117.028;375;0;375;299;90;0;0;0;0;0;0;0;0;TP
148;0;0;0;0;681;298;671;77;24;299;160;171;654;-293;352;299;117.028;375;0;375;299;90;0;0;0;0;0;0;0;0;TP
149;0;0;0;0;680;298;672;77;24;299;160;171;658;-297;351;299;117.253;375;0;375;299;90;0;0;0;0;0;0;0;0;TP
150;0;0;0;0;682;298;672;77;24;299;160;171;655;-294;352;299;117.065;375;0;375;299;90;0;0;0;0;0;0;0;0;TP
151;0;0;0;0;681;298;671;77;24;299;160;171;654;-293;352;299;117.028;375;0;375;299;90;0;0;0;0;0;0;0;0;TP
152;0;0;0;0;680;298;672;77;24;299;160;171;658;-297;351;299;117.253;375;0;375;299;90;0;0;0;0;0;0;0;0;TP
153;0;0;0;0;680;298;672;77;24;299;160;171;658;-297;351;299;117.253;375;0;375;299;90;0;0;0;0;0;0;0;0;TP
154;0;0;0;0;682;298;672;77;24;299;160;171;655;-294;352;299;117.065;375;0;375;299;90;0;0;0;0;0;0;0;0;TP
155;0;0;0;0;680;298;672;77;24;299;160;171;658;-297;351;299;117.253;375;0;375;299;90;0;0;0;0;0;0;0;0;TP
156;0;0;0;0;680;298;672;77;24;299;160;171;658;-297;351;299;117.253;375;0;375;299;90;0;0;0;0;0;0;0;0;TP
157;0;0;0;0;680;298;672;77;24;299;160;171;658;-297;351;299;117.253;375;0;375;299;90;0;0;0;0;0;0;0;0;TP
158;0;0;0;0;680;298;672;77;24;299;160;171;658;-297;351;299;117.253;375;0;375;299;90;0;0;0;0;0;0;0;0;TP
159;0;0;0;0;680;298;672;77;24;299;160;171;658;-297;351;299;117.253;375;0;375;299;90;0;0;0;0;0;0;0;0;TP
160;0;0;0;0;681;298;671;77;25;299;159;171;653;-301;352;299;116.641;375;0;375;299;90;0;0;0;0;0;0;0;0;TP
161;0;0;0;0;681;298;671;77;24;299;160;171;654;-293;352;299;117.028;375;0;375;299;90;0;0;0;0;0;0;0;0;TP
162;0;0;0;0;682;298;672;77;24;299;160;171;655;-294;352;299;117.065;375;0;375;299;90;0;0;0;0;0;0;0;0;TP
163;0;0;0;0;681;298;671;77;24;299;160;171;654;-293;352;299;117.028;375;0;375;299;90;0;0;0;0;0;0;0;0;TP
164;0;0;0;0;680;298;672;77;24;299;160;171;658;-297;351;299;117.253;375;0;375;299;90;0;0;0;0;0;0;0;0;TP
165;0;0;0;0;682;298;672;77;24;299;160;171;655;-294;352;299;117.065;375;0;375;299;90;0;0;0;0;0;0;0;0;TP
166;0;0;0;0;680;298;672;77;24;299;160;171;658;-297;351;299;117.253;375;0;375;299;90;0;0;0;0;0;0;0;0;TP
167;0;0;0;0;681;298;671;77;24;299;160;171;654;-293;352;299;117.028;375;0;375;299;90;0;0;0;0;0;0;0;0;TP
168;0;0;0;0;681;298;671;77;24;299;160;171;654;-293;352;299;117.028;375;0;375;299;90;0;0;0;0;0;0;0;0;TP
169;0;0;0;0;680;298;672;77;24;299;160;171;658;-297;351;299;117.253;375;0;375;299;90;0;0;0;0;0;0;0;0;TP
170;0;0;0;0;681;298;671;77;24;299;160;171;654;-293;352;299;117.028;375;0;375;299;90;0;0;0;0;0;0;0;0;TP
171;0;0;0;0;680;298;672;77;24;299;160;171;658;-297;351;299;117.253;375;0;375;299;90;0;0;0;0;0;0;0;0;TP
172;0;0;0;0;681;298;671;77;24;299;160;171;654;-293;352;299;117.028;375;0;375;299;90;0;0;0;0;0;0;0;0;TP
173;0;0;0;0;680;298;672;77;24;299;160;171;658;-297;351;299;117.253;375;0;375;299;90;0;0;0;0;0;0;0;0;TP
174;0;0;0;0;681;298;671;77;24;299;160;171;654;-293;352;299;117.028;375;0;375;299;90;0;0;0;0;0;0;0;0;TP
175;0;0;0;0;682;298;672;77;24;299;160;171;655;-294;352;299;117.065;375;0;375;299;90;0;0;0;0;0;0;0;0;TP
176;0;0;0;0;680;298;672;77;24;299;160;171;658;-297;351;299;117.253;375;0;375;299;90;0;0;0;0;0;0;0;0;TP
177;0;0;0;0;681;298;671;77;24;299;160;171;654;-293;352;299;117.028;375;0;375;299;90;0;0;0;0;0;0;0;0;TP
178;0;0;0;0;681;298;671;77;24;299;160;171;654;-293;352;299;117.028;375;0;375;299;90;0;0;0;0;0;0;0;0;TP
179;0;0;0;0;680;298;672;77;24;299;160;171;658;-297;351;299;117.253;375;0;375;299;90;0;0;0;0;0;0;0;0;TP
180;0;0;0;0;681;298;671;77;24;299;160;171;654;-293;352;299;117.028;375;0;375;299;90;0;0;0;0;0;0;0;0;TP
181;0;0;0;0;680;298;672;77;24;299;160;171;658;-297;351;299;117.253;375;0;375;299;90;0;0;0;0;0;0;0;0;TP
182;0;0;0;0;681;298;671;77;24;299;160;171;654;-293;352;299;117.028;375;0;375;299;90;0;0;0;0;0;0;0;0;TP
183;0;0;0;0;680;298;672;77;24;299;160;171;658;-297;351;299;117.253;375;0;375;299;90;0;0;0;0;0;0;0;0;TP
184;0;0;0;0;681;298;671;77;24;299;160;171;654;-293;352;299;117.028;375;0;375;299;90;0;0;0;0;0;0;0;0;TP
185;0;0;0;0;681;298;671;77;24;299;160;171;654;-293;352;299;117.028;375;0;375;299;90;0;0;0;0;0;0;0;0;TP
186;0;0;0;0;681;298;671;77;24;299;160;171;654;-293;352;299;117.028;375;0;375;299;90;0;0;0;0;0;0;0;0;TP
187;0;0;0;0;681;298;671;77;24;299;160;171;654;-293;352;299;117.028;375;0;375;299;90;0;0;0;0;0;0;0;0;TP
188;0;0;0;0;680;298;672;77;24;299;160;171;658;-297;351;299;117.253;375;0;375;299;90;0;0;0;0;0;0;0;0;TP
189;0;0;0;0;680;298;672;77;24;299;160;171;658;-297;351;299;117.253;375;0;375;299;90;0;0;0;0;0;0;0;0;TP
190;0;0;0;0;682;298;672;77;24;299;160;171;655;-294;352;299;117.065;375;0;375;299;90;0;0;0;0;0;0;0;0;TP
191;0;0;0;0;680;298;672;77;24;299;160;171;658;-297;351;299;117.253;375;0;375;299;90;0;0;0;0;0;0;0;0;TP
192;0;0;0;0;681;298;671;77;24;299;160;171;654;-293;352;299;117.028;375;0;375;299;90;0;0;0;0;0;0;0;0;TP
193;0;0;0;0;680;298;672;77;24;299;160;171;658;-297;351;299;117.253;375;0;375;299;90;0;0;0;0;0;0;0;0;TP
194;0;0;0;0;680;298;672;77;24;299;160;171;658;-297;351;299;117.253;375;0;375;299;90;0;0;0;0;0;0;0;0;TP
195;0;0;0;0;680;298;672;77;24;299;160;171;658;-297;351;299;117.253;375;0;375;299;90;0;0;0;0;0;0;0;0;TP
196;0;0;0;0;680;298;672;77;24;299;160;171;658;-297;351;299;117.253;375;0;375;299;90;0;0;0;0;0;0;0;0;TP
197;0;0;0;0;681;298;671;77;24;299;160;171;654;-293;352;299;117.028;375;0;375;299;90;0;0;0;0;0;0;0;0;TP
198;0;0;0;0;681;298;671;77;24;299;160;171;654;-293;352;299;117.028;375;0;375;299;90;0;0;0;0;0;0;0;0;TP
199;0;0;0;0;680;298;672;77;24;299;160;171;658;-297;351;299;117.253;375;0;375;299;90;0;0;0;0;0;0;0;0;TP
200;0;0;0;0;680;298;672;77;24;299;160;171;658;-297;351;299;117.253;375;0;375;299;90;0;0;0;0;0;0;0;0;TP
201;0;0;0;0;680;298;672;77;24;299;160;171;658;-297;351;299;117.253;375;0;375;299;90;0;0;0;0;0;0;0;0;TP
202;0;0;0;0;681;298;671;77;24;299;160;171;654;-293;352;299;117.028;375;0;375;299;90;0;0;0;0;0;0;0;0;TP
203;0;0;0;0;681;298;671;77;24;299;160;171;654;-293;352;299;117.028;375;0;375;299;90;0;0;0;0;0;0;0;0;TP
204;0;0;0;0;680;298;672;77;24;299;160;171;658;-297;351;299;117.253;375;0;375;299;90;0;0;0;0;0;0;0;0;TP
205;0;0;0;0;681;298;671;77;24;299;160;171;654;-293;352;299;117.028;375;0;375;299;90;0;0;0;0;0;0;0;0;TP
206;0;0;0;0;681;298;671;77;24;299;160;171;654;-293;352;299;117.028;375;0;375;299;90;0;0;0;0;0;0;0;0;TP
207;0;0;0;0;681;298;671;77;24;299;160;171;654;-293;352;299;117.028;375;0;375;299;90;0;0;0;0;0;0;0;0;TP
208;0;0;0;0;680;298;672;77;24;299;160;171;658;-297;351;299;117.253;375;0;375;299;90;0;0;0;0;0;0;0;0;TP
209;0;0;0;0;681;298;671;77;24;299;160;171;654;-293;352;299;117.028;375;0;375;299;90;0;0;0;0;0;0;0;0;TP
210;0;0;0;0;681;298;671;77;24;299;160;171;654;-293;352;299;117.028;375;0;375;299;90;0;0;0;0;0;0;0;0;TP
211;0;0;0;0;682;298;672;77;24;299;160;171;655;-294;352;299;117.065;375;0;375;299;90;0;0;0;0;0;0;0;0;TP
212;0;0;0;0;681;298;671;77;24;299;160;171;654;-293;352;299;117.028;375;0;375;299;90;0;0;0;0;0;0;0;0;TP
213;0;0;0;0;681;298;671;77;24;299;160;171;654;-293;352;299;117.028;375;0;375;299;90;0;0;0;0;0;0;0;0;TP
214;0;0;0;0;681;298;671;77;24;299;160;171;654;-293;352;299;117.028;375;0;375;299;90;0;0;0;0;0;0;0;0;TP
215;0;0;0;0;680;298;672;77;24;299;160;171;658;-297;351;299;117.253;375;0;375;299;90;0;0;0;0;0;0;0;0;TP
216;0;0;0;0;681;298;671;77;24;299;160;171;654;-293;352;299;117.028;375;0;375;299;90;0;0;0;0;0;0;0;0;TP
217;0;0;0;0;681;298;671;77;24;299;160;171;654;-293;352;299;117.028;375;0;375;299;90;0;0;0;0;0;0;0;0;TP
218;0;0;0;0;680;298;672;77;24;299;160;171;658;-297;351;299;117.253;375;0;375;299;90;0;0;0;0;0;0;0;0;TP
219;0;0;0;0;681;298;671;77;24;299;160;171;654;-293;352;299;117.028;375;0;375;299;90;0;0;0;0;0;0;0;0;TP
220;0;0;0;0;682;298;672;77;24;299;160;171;655;-294;352;299;117.065;375;0;375;299;90;0;0;0;0;0;0;0;0;TP
221;0;0;0;0;680;298;672;77;24;299;160;171;658;-297;351;299;117.253;375;0;375;299;90;0;0;0;0;0;0;0;0;TP
222;0;0;0;0;680;298;672;77;24;299;160;171;658;-297;351;299;117.253;375;0;375;299;90;0;0;0;0;0;0;0;0;TP
223;0;0;0;0;680;298;672;77;24;299;160;171;658;-297;351;299;117.253;375;0;375;299;90;0;0;0;0;0;0;0;0;TP
224;0;0;0;0;681;298;671;77;24;299;160;171;654;-293;352;299;117.028;375;0;375;299;90;0;0;0;0;0;0;0;0;TP
225;0;0;0;0;682;298;672;77;24;299;160;171;655;-294;352;299;117.065;375;0;375;299;90;0;0;0;0;0;0;0;0;TP
226;0;0;0;0;680;298;672;77;24;299;160;171;658;-297;351;299;117.253;375;0;375;299;90;0;0;0;0;0;0;0;0;TP
227;0;0;0;0;681;298;671;77;25;299;159;171;653;-301;352;299;116.641;375;0;375;299;90;0;0;0;0;0;0;0;0;TP
228;0;0;0;0;681;298;671;77;24;299;160;171;654;-293;352;299;117.028;375;0;375;299;90;0;0;0;0;0;0;0;0;TP
229;0;0;0;0;680;298;672;77;24;299;160;171;658;-297;351;299;117.253;375;0;375;299;90;0;0;0;0;0;0;0;0;TP
230;0;0;0;0;681;298;671;77;24;299;160;171;654;-293;352;299;117.028;375;0;375;299;90;0;0;0;0;0;0;0;0;TP
231;0;0;0;0;680;298;672;77;24;299;160;171;658;-297;351;299;117.253;375;0;375;299;90;0;0;0;0;0;0;0;0;TP
232;0;0;0;0;680;298;672;77;24;299;160;171;658;-297;351;299;117.253;375;0;375;299;90;0;0;0;0;0;0;0;0;TP
233;0;0;0;0;681;298;671;77;24;299;160;171;654;-293;352;299;117.028;375;0;375;299;90;0;0;0;0;0;0;0;0;TP
234;0;0;0;0;681;298;671;77;24;299;160;171;654;-293;352;299;117.028;375;0;375;299;90;0;0;0;0;0;0;0;0;TP
235;0;0;0;0;682;298;672;77;24;299;160;171;655;-294;352;299;117.065;375;0;375;299;90;0;0;0;0;0;0;0;0;TP
236;0;0;0;0;682;298;672;77;24;299;160;171;655;-294;352;299;117.065;375;0;375;299;90;0;0;0;0;0;0;0;0;TP
237;0;0;0;0;681;298;671;77;24;299;160;171;654;-293;352;299;117.028;375;0;375;299;90;0;0;0;0;0;0;0;0;TP
238;0;0;0;0;682;298;672;77;24;299;160;171;655;-294;352;299;117.065;375;0;375;299;90;0;0;0;0;0;0;0;0;TP
239;0;0;0;0;681;298;671;77;24;299;160;171;654;-293;352;299;117.028;375;0;375;299;90;0;0;0;0;0;0;0;0;TP
240;0;0;0;0;681;298;671;77;24;299;160;171;654;-293;352;299;117.028;375;0;375;299;90;0;0;0;0;0;0;0;0;TP
241;0;0;0;0;680;298;672;77;24;299;160;171;658;-297;351;299;117.253;375;0;375;299;90;0;0;0;0;0;0;0;0;TP
242;0;0;0;0;681;298;671;77;24;299;160;171;654;-293;352;299;117.028;375;0;375;299;90;0;0;0;0;0;0;0;0;TP
243;0;0;0;0;680;298;672;77;24;299;160;171;658;-297;351;299;117.253;375;0;375;299;90;0;0;0;0;0;0;0;0;TP
244;0;0;0;0;681;298;671;77;24;299;160;171;654;-293;352;299;117.028;375;0;375;299;90;0;0;0;0;0;0;0;0;TP
245;0;0;0;0;680;298;672;77;24;299;160;171;658;-297;351;299;117.253;375;0;375;299;90;0;0;0;0;0;0;0;0;TP
246;0;0;0;0;681;298;671;77;24;299;160;171;654;-293;352;299;117.028;375;0;375;299;90;0;0;0;0;0;0;0;0;TP
247;0;0;0;0;680;298;672;77;24;299;160;171;658;-297;351;299;117.253;375;0;375;299;90;0;0;0;0;0;0;0;0;TP
248;0;0;0;0;681;298;671;77;24;299;160;171;654;-293;352;299;117.028;375;0;375;299;90;0;0;0;0;0;0;0;0;TP
249;0;0;0;0;681;298;671;77;24;299;160;171;654;-293;352;299;117.028;375;0;375;299;90;0;0;0;0;0;0;0;0;TP
250;0;0;0;0;680;298;672;77;24;299;160;171;658;-297;351;299;117.253;375;0;375;299;90;0;0;0;0;0;0;0;0;TP
251;0;0;0;0;682;298;672;77;24;299;160;171;655;-294;352;299;117.065;375;0;375;299;90;0;0;0;0;0;0;0;0;TP
252;0;0;0;0;680;298;672;77;24;299;160;171;658;-297;351;299;117.253;375;0;375;299;90;0;0;0;0;0;0;0;0;TP
253;0;0;0;0;681;298;671;77;24;299;160;171;654;-293;352;299;117.028;375;0;375;299;90;0;0;0;0;0;0;0;0;TP
254;0;0;0;0;680;298;672;77;24;299;160;171;658;-297;351;299;117.253;375;0;375;299;90;0;0;0;0;0;0;0;0;TP
255;0;0;0;0;681;298;671;77;24;299;160;171;654;-293;352;299;117.028;375;0;375;299;90;0;0;0;0;0;0;0;0;TP
256;0;0;0;0;680;298;672;77;24;299;160;171;658;-297;351;299;117.253;375;0;375;299;90;0;0;0;0;0;0;0;0;TP
257;0;0;0;0;681;298;671;77;24;299;160;171;654;-293;352;299;117.028;375;0;375;299;90;0;0;0;0;0;0;0;0;TP
258;0;0;0;0;681;298;671;77;24;299;160;171;654;-293;352;299;117.028;375;0;375;299;90;0;0;0;0;0;0;0;0;TP
259;0;0;0;0;680;298;672;77;24;299;160;171;658;-297;351;299;117.253;375;0;375;299;90;0;0;0;0;0;0;0;0;TP
260;0;0;0;0;680;298;672;77;24;299;160;171;658;-297;351;299;117.253;375;0;375;299;90;0;0;0;0;0;0;0;0;TP
261;0;0;0;0;680;298;672;77;24;299;160;171;658;-297;351;299;117.253;375;0;375;299;90;0;0;0;0;0;0;0;0;TP
262;0;0;0;0;681;298;671;77;24;299;160;171;654;-293;352;299;117.028;375;0;375;299;90;0;0;0;0;0;0;0;0;TP
263;0;0;0;0;680;298;672;77;24;299;160;171;658;-297;351;299;117.253;375;0;375;299;90;0;0;0;0;0;0;0;0;TP
264;0;0;0;0;681;298;671;77;24;299;160;171;654;-293;352;299;117.028;375;0;375;299;90;0;0;0;0;0;0;0;0;TP
265;0;0;0;0;680;298;672;77;24;299;160;171;658;-297;351;299;117.253;375;0;375;299;90;0;0;0;0;0;0;0;0;TP
266;0;0;0;0;680;298;672;77;24;299;160;171;658;-297;351;299;117.253;375;0;375;299;90;0;0;0;0;0;0;0;0;TP
267;0;0;0;0;680;298;672;77;24;299;160;171;658;-297;351;299;117.253;375;0;375;299;90;0;0;0;0;0;0;0;0;TP
268;0;0;0;0;681;298;671;77;24;299;160;171;654;-293;352;299;117.028;375;0;375;299;90;0;0;0;0;0;0;0;0;TP
269;0;0;0;0;680;298;672;77;24;299;160;171;658;-297;351;299;117.253;375;0;375;299;90;0;0;0;0;0;0;0;0;TP
270;0;0;0;0;681;298;671;77;24;299;160;171;654;-293;352;299;117.028;375;0;375;299;90;0;0;0;0;0;0;0;0;TP
271;0;0;0;0;680;298;672;77;24;299;160;171;658;-297;351;299;117.253;375;0;375;299;90;0;0;0;0;0;0;0;0;TP
272;0;0;0;0;681;298;671;77;24;299;160;171;654;-293;352;299;117.028;375;0;375;299;90;0;0;0;0;0;0;0;0;TP
273;0;0;0;0;681;298;671;77;24;299;160;171;654;-293;352;299;117.028;375;0;375;299;90;0;0;0;0;0;0;0;0;TP
274;0;0;0;0;680;298;672;77;24;299;160;171;658;-297;351;299;117.253;375;0;375;299;90;0;0;0;0;0;0;0;0;TP
275;0;0;0;0;681;298;671;77;24;299;160;171;654;-293;352;299;117.028;375;0;375;299;90;0;0;0;0;0;0;0;0;TP
276;0;0;0;0;680;298;672;77;24;299;160;171;658;-297;351;299;117.253;375;0;375;299;90;0;0;0;0;0;0;0;0;TP
277;0;0;0;0;681;298;671;77;24;299;160;171;654;-293;352;299;117.028;375;0;375;299;90;0;0;0;0;0;0;0;0;TP
278;0;0;0;0;681;298;671;77;24;299;160;171;654;-293;352;299;117.028;375;0;375;299;90;0;0;0;0;0;0;0;0;TP
279;0;0;0;0;680;298;672;77;24;299;160;171;658;-297;351;299;117.253;375;0;375;299;90;0;0;0;0;0;0;0;0;TP
280;0;0;0;0;681;298;671;77;24;299;160;171;654;-293;352;299;117.028;375;0;375;299;90;0;0;0;0;0;0;0;0;TP
281;0;0;0;0;681;298;671;77;24;299;160;171;654;-293;352;299;117.028;375;0;375;299;90;0;0;0;0;0;0;0;0;TP
282;0;0;0;0;680;298;672;77;24;299;160;171;658;-297;351;299;117.253;375;0;375;299;90;0;0;0;0;0;0;0;0;TP
283;0;0;0;0;680;298;672;77;24;299;160;171;658;-297;351;299;117.253;375;0;375;299;90;0;0;0;0;0;0;0;0;TP
284;0;0;0;0;680;298;672;77;24;299;160;171;658;-297;351;299;117.253;375;0;375;299;90;0;0;0;0;0;0;0;0;TP
285;0;0;0;0;681;298;671;77;24;299;160;171;654;-293;352;299;117.028;375;0;375;299;90;0;0;0;0;0;0;0;0;TP
286;0;0;0;0;681;298;671;77;24;299;160;171;654;-293;352;299;117.028;375;0;375;299;90;0;0;0;0;0;0;0;0;TP
287;0;0;0;0;680;298;672;77;24;299;160;171;658;-297;351;299;117.253;375;0;375;299;90;0;0;0;0;0;0;0;0;TP
288;0;0;0;0;680;298;672;77;24;299;160;171;658;-297;351;299;117.253;375;0;375;299;90;0;0;0;0;0;0;0;0;TP
289;0;0;0;0;681;298;671;77;24;299;160;171;654;-293;352;299;117.028;375;0;375;299;90;0;0;0;0;0;0;0;0;TP
290;0;0;0;0;681;298;671;77;24;299;160;171;654;-293;352;299;117.028;375;0;375;299;90;0;0;0;0;0;0;0;0;TP
291;0;0;0;0;681;298;671;77;24;299;160;171;654;-293;352;299;117.028;375;0;375;299;90;0;0;0;0;0;0;0;0;TP
292;0;0;0;0;681;298;671;77;24;299;160;171;654;-293;352;299;117.028;375;0;375;299;90;0;0;0;0;0;0;0;0;TP
293;0;0;0;0;680;298;672;77;24;299;160;171;658;-297;351;299;117.253;375;0;375;299;90;0;0;0;0;0;0;0;0;TP
294;0;0;0;0;681;298;671;77;24;299;160;171;654;-293;352;299;117.028;375;0;375;299;90;0;0;0;0;0;0;0;0;TP
295;0;0;0;0;681;298;671;77;24;299;160;171;654;-293;352;299;117.028;375;0;375;299;90;0;0;0;0;0;0;0;0;TP
296;0;0;0;0;681;298;671;77;24;299;160;171;654;-293;352;299;117.028;375;0;375;299;90;0;0;0;0;0;0;0;0;TP
297;0;0;0;0;680;298;672;77;24;299;160;171;658;-297;351;299;117.253;375;0;375;299;90;0;0;0;0;0;0;0;0;TP
298;0;0;0;0;680;298;672;77;24;299;160;171;658;-297;351;299;117.253;375;0;375;299;90;0;0;0;0;0;0;0;0;TP
299;0;0;0;0;681;298;671;77;24;299;160;171;654;-293;352;299;117.028;375;0;375;299;90;0;0;0;0;0;0;0;0;TP
300;0;0;0;0;681;298;671;77;24;299;160;171;654;-293;352;299;117.028;375;0;375;299;90;0;0;0;0;0;0;0;0;TP
301;0;0;0;0;681;298;671;77;24;299;160;171;654;-293;352;299;117.028;375;0;375;299;90;0;0;0;0;0;0;0;0;TP
302;0;0;0;0;681;298;671;77;24;299;160;171;654;-293;352;299;117.028;375;0;375;299;90;0;0;0;0;0;0;0;0;TP
303;0;0;0;0;680;298;672;77;24;299;160;171;658;-297;351;299;117.253;375;0;375;299;90;0;0;0;0;0;0;0;0;TP
304;0;0;0;0;681;298;671;77;24;299;160;171;654;-293;352;299;117.028;375;0;375;299;90;0;0;0;0;0;0;0;0;TP
305;0;0;0;0;681;298;671;77;24;299;160;171;654;-293;352;299;117.028;375;0;375;299;90;0;0;0;0;0;0;0;0;TP
306;0;0;0;0;681;298;671;77;24;299;160;171;654;-293;352;299;117.028;375;0;375;299;90;0;0;0;0;0;0;0;0;TP
307;0;0;0;0;681;298;671;77;24;299;160;171;654;-293;352;299;117.028;375;0;375;299;90;0;0;0;0;0;0;0;0;TP
308;0;0;0;0;681;298;671;77;24;299;160;171;654;-293;352;299;117.028;375;0;375;299;90;0;0;0;0;0;0;0;0;TP
309;0;0;0;0;681;298;671;77;24;299;160;171;654;-293;352;299;117.028;375;0;375;299;90;0;0;0;0;0;0;0;0;TP
310;0;0;0;0;681;298;671;77;24;299;160;171;654;-293;352;299;117.028;375;0;375;299;90;0;0;0;0;0;0;0;0;TP
311;0;0;0;0;681;298;671;77;24;299;160;171;654;-293;352;299;117.028;375;0;375;299;90;0;0;0;0;0;0;0;0;TP
312;0;0;0;0;681;298;671;77;24;299;160;171;654;-293;352;299;117.028;375;0;375;299;90;0;0;0;0;0;0;0;0;TP
313;0;0;0;0;680;298;672;77;24;299;160;171;658;-297;351;299;117.253;375;0;375;299;90;0;0;0;0;0;0;0;0;TP
314;0;0;0;0;681;298;671;77;24;299;160;171;654;-293;352;299;117.028;375;0;375;299;90;0;0;0;0;0;0;0;0;TP
315;0;0;0;0;680;298;672;77;24;299;160;171;658;-297;351;299;117.253;375;0;375;299;90;0;0;0;0;0;0;0;0;TP
316;0;0;0;0;681;298;671;77;24;299;160;171;654;-293;352;299;117.028;375;0;375;299;90;0;0;0;0;0;0;0;0;TP
317;0;0;0;0;680;298;672;77;24;299;160;171;658;-297;351;299;117.253;375;0;375;299;90;0;0;0;0;0;0;0;0;TP
318;0;0;0;0;681;298;671;77;24;299;160;171;654;-293;352;299;117.028;375;0;375;299;90;0;0;0;0;0;0;0;0;TP
319;0;0;0;0;681;298;671;77;24;299;160;171;654;-293;352;299;117.028;375;0;375;299;90;0;0;0;0;0;0;0;0;TP
320;0;0;0;0;681;298;671;77;24;299;160;171;654;-293;352;299;117.028;375;0;375;299;90;0;0;0;0;0;0;0;0;TP
321;0;0;0;0;681;298;671;77;24;299;160;171;654;-293;352;299;117.028;375;0;375;299;90;0;0;0;0;0;0;0;0;TP
322;0;0;0;0;681;298;671;77;24;299;160;171;654;-293;352;299;117.028;375;0;375;299;90;0;0;0;0;0;0;0;0;TP
323;0;0;0;0;681;298;671;77;24;299;160;171;654;-293;352;299;117.028;375;0;375;299;90;0;0;0;0;0;0;0;0;TP
324;0;0;0;0;680;298;672;77;24;299;160;171;658;-297;351;299;117.253;375;0;375;299;90;0;0;0;0;0;0;0;0;TP
325;0;0;0;0;681;298;671;77;24;299;160;171;654;-293;352;299;117.028;375;0;375;299;90;0;0;0;0;0;0;0;0;TP
326;0;0;0;0;681;298;671;77;24;299;160;171;654;-293;352;299;117.028;375;0;375;299;90;0;0;0;0;0;0;0;0;TP
327;0;0;0;0;681;298;671;77;24;299;160;171;654;-293;352;299;117.028;375;0;375;299;90;0;0;0;0;0;0;0;0;TP
328;0;0;0;0;680;298;672;77;24;299;160;171;658;-297;351;299;117.253;375;0;375;299;90;0;0;0;0;0;0;0;0;TP
329;0;0;0;0;680;298;672;77;24;299;160;171;658;-297;351;299;117.253;375;0;375;299;90;0;0;0;0;0;0;0;0;TP
330;0;0;0;0;680;298;672;77;24;299;160;171;658;-297;351;299;117.253;375;0;375;299;90;0;0;0;0;0;0;0;0;TP
331;0;0;0;0;681;298;671;77;24;299;160;171;654;-293;352;299;117.028;375;0;375;299;90;0;0;0;0;0;0;0;0;TP
332;0;0;0;0;681;298;671;77;24;299;160;171;654;-293;352;299;117.028;375;0;375;299;90;0;0;0;0;0;0;0;0;TP
333;0;0;0;0;680;298;672;77;25;299;161;171;658;-297;352;299;117.177;375;0;375;299;90;0;0;0;0;0;0;0;0;TP
334;0;0;0;0;682;298;670;78;24;300;160;170;649;-297;353;299;116.411;375;0;375;299;90;0;0;0;0;0;0;0;0;TP
335;0;0;0;0;681;298;669;77;24;300;159;170;648;-296;353;299;116.372;375;0;375;299;90;0;0;0;0;0;0;0;0;TP
336;0;0;0;0;683;298;669;78;25;300;159;170;645;-301;354;299;115.873;375;0;375;299;90;0;0;0;0;0;0;0;0;TP
337;0;0;0;0;681;298;671;77;24;300;160;170;653;-301;353;299;116.565;375;0;375;299;90;0;0;0;0;0;0;0;0;TP
338;0;0;0;0;681;298;671;77;25;300;160;170;653;-300;353;299;116.603;375;0;375;299;90;0;0;0;0;0;0;0;0;TP
339;0;0;0;0;679;297;677;77;25;300;161;171;673;-309;352;299;117.832;375;0;375;299;90;0;0;0;0;0;0;0;0;TP
340;0;0;0;0;678;297;676;77;25;300;160;170;672;-318;352;299;117.413;375;0;375;299;90;0;0;0;0;0;0;0;0;TP
341;0;0;0;0;680;297;676;77;26;300;160;170;668;-322;353;299;116.896;375;0;375;299;90;0;0;0;0;0;0;0;0;TP
342;0;0;0;0;683;298;675;78;27;300;161;171;660;-314;355;299;116.453;375;0;375;299;90;0;0;0;0;0;0;0;0;TP
343;0;0;0;0;682;297;678;78;27;299;163;174;671;-297;354;299;118.008;375;0;375;299;90;0;0;0;0;0;0;0;0;TP
344;0;0;0;0;684;298;676;79;29;301;161;174;661;-302;357;299;116.831;375;0;375;299;90;0;0;0;0;0;0;0;0;TP
345;0;0;0;0;684;297;682;79;29;300;161;176;678;-309;357;299;117.832;375;0;375;299;90;0;0;0;0;0;0;0;0;TP
346;0;0;0;0;687;298;679;79;30;300;159;176;664;-304;359;299;116.83;375;0;375;299;90;0;0;0;0;0;0;0;0;TP
347;0;0;0;0;687;298;681;81;32;300;159;179;670;-307;360;299;117.092;375;0;375;299;90;0;0;0;0;0;0;0;0;TP
348;0;0;0;0;691;298;683;81;32;300;158;182;668;-295;362;299;117.255;375;0;375;299;90;0;0;0;0;0;0;0;0;TP
349;0;0;0;0;691;297;687;82;34;300;156;185;679;-313;363;299;117.309;375;0;375;299;90;0;0;0;0;0;0;0;0;TP
350;0;0;0;0;695;297;689;83;37;301;155;190;678;-307;367;299;117.167;375;0;375;299;90;0;0;0;0;0;0;0;0;TP
351;0;0;0;0;695;297;693;84;38;300;152;193;689;-316;367;299;117.636;375;0;375;299;90;0;0;0;0;0;0;0;0;TP
352;0;0;0;0;701;298;689;85;39;301;149;197;667;-292;371;299;116.604;375;0;375;299;90;0;0;0;0;0;0;0;0;TP
353;0;0;0;0;705;299;688;88;42;301;148;203;656;-266;374;299;116.524;375;0;375;299;90;0;0;0;0;0;0;0;0;TP
354;0;0;0;0;707;298;695;88;44;301;146;208;673;-278;376;299;117.236;375;0;375;299;90;0;0;0;0;0;0;0;0;TP
355;0;0;0;0;709;298;697;89;47;302;142;212;675;-286;379;299;116.839;375;0;375;299;90;0;0;0;0;0;0;0;0;TP
356;0;0;0;0;714;299;697;91;49;302;139;218;664;-272;383;299;116.203;375;0;375;299;90;0;0;0;0;0;0;0;0;TP
357;0;0;0;0;715;298;703;92;51;301;135;223;681;-285;384;299;116.956;375;0;375;299;90;0;0;0;0;0;0;0;0;TP
358;0;0;0;0;0;0;0;0;53;303;132;228;424;-48;384;299;96.5757;375;0;375;299;90;0;0;0;0;0;0;0;0;TP
359;0;0;0;0;0;0;0;0;56;302;128;236;434;-44;389;299;97.4743;375;0;375;299;90;0;0;0;0;0;0;0;0;TP
360;0;0;0;0;0;0;0;0;59;302;123;242;433;-48;389;299;97.2266;375;0;375;299;90;0;0;0;0;0;0;0;0;TP
361;0;0;0;0;0;0;0;0;63;302;119;250;437;-45;396;299;96.7968;375;0;375;299;90;0;0;0;0;0;0;0;0;TP
362;0;0;0;0;0;0;0;0;64;302;115;258;456;-42;397;299;99.8162;375;0;375;299;90;0;0;0;0;0;0;0;0;TP
363;0;0;0;0;0;0;0;0;68;303;109;266;452;-44;402;299;98.2937;375;0;375;299;90;0;0;0;0;0;0;0;0;TP
364;0;0;0;0;0;0;0;0;72;302;103;275;466;-42;405;299;100.142;375;0;375;299;90;0;0;0;0;0;0;0;0;TP
365;0;0;0;0;0;0;0;0;261;159;368;94;519;1;373;299;116.102;375;0;375;299;90;0;0;0;0;0;0;0;0;TP
366;0;0;0;0;0;0;0;0;258;164;370;100;525;11;366;299;118.902;375;0;375;299;90;0;0;0;0;0;0;0;0;TP
367;0;0;0;0;0;0;0;0;254;167;371;102;528;13;363;299;119.982;375;0;375;299;90;0;0;0;0;0;0;0;0;TP
368;0;0;0;0;0;0;0;0;252;172;368;100;530;0;389;299;115.247;375;0;375;299;90;0;0;0;0;0;0;0;0;TP
369;0;0;0;0;0;0;0;0;249;179;367;104;539;-4;399;299;114.799;375;0;375;299;90;0;0;0;0;0;0;0;0;TP
370;0;0;0;0;0;0;0;0;245;184;370;110;546;4;394;299;117.26;375;0;375;299;90;0;0;0;0;0;0;0;0;TP
371;0;0;0;0;0;0;0;0;242;190;367;111;549;-4;410;299;114.643;375;0;375;299;90;0;0;0;0;0;0;0;0;TP
372;0;0;0;0;0;0;0;0;236;198;365;115;553;-6;419;299;113.718;375;0;375;299;90;0;0;0;0;0;0;0;0;TP
373;0;0;0;0;0;0;0;0;232;204;362;117;554;-10;429;299;112.025;375;0;375;299;90;0;0;0;0;0;0;0;0;TP
374;0;0;0;0;0;0;0;0;224;210;361;123;562;-5;424;299;114.416;375;0;375;299;90;0;0;0;0;0;0;0;0;TP
375;0;0;0;0;0;0;0;0;218;217;358;125;562;-9;433;299;112.725;375;0;375;299;90;0;0;0;0;0;0;0;0;TP
376;0;0;0;0;0;0;0;0;212;225;352;126;557;-17;443;299;109.837;375;0;375;299;90;0;0;0;0;0;0;0;0;TP
377;0;0;0;0;0;0;0;0;203;232;348;129;556;-19;445;299;109.242;375;0;375;299;90;0;0;0;0;0;0;0;0;TP
378;0;0;0;0;0;0;0;0;196;242;344;134;557;-21;454;299;107.842;375;0;375;299;90;0;0;0;0;0;0;0;0;TP
379;0;0;0;0;0;0;0;0;188;252;339;138;557;-24;462;299;106.39;375;0;375;299;90;0;0;0;0;0;0;0;0;TP
380;0;0;0;0;0;0;0;0;177;261;334;144;559;-24;463;299;106.553;375;0;375;299;90;0;0;0;0;0;0;0;0;TP
381;0;0;0;0;0;0;0;0;169;272;328;148;554;-30;469;299;104.486;375;0;375;299;90;0;0;0;0;0;0;0;0;TP
382;158;283;323;154;0;0;0;0;422;104;499;77;480;83;236;299;138.483;375;0;375;299;90;0;0;0;0;0;0;0;0;TP
383;147;295;314;158;0;0;0;0;419;108;497;80;488;83;244;299;138.483;375;0;375;299;90;0;0;0;0;0;0;0;0;TP
384;139;303;310;166;0;0;0;0;415;111;494;80;527;66;300;299;134.253;375;0;375;299;90;0;0;0;0;0;0;0;0;TP
385;142;304;306;176;0;0;0;0;412;114;490;80;553;52;340;299;130.773;375;0;375;299;90;0;0;0;0;0;0;0;0;TP
386;0;0;0;0;0;0;0;0;146;304;294;180;553;-37;483;299;101.768;375;0;375;299;90;0;0;0;0;0;0;0;0;TP
387;0;0;0;0;0;0;0;0;149;303;284;186;544;-39;485;299;99.9016;375;0;375;299;90;0;0;0;0;0;0;0;0;TP
388;0;0;0;0;0;0;0;0;152;304;280;198;563;-36;490;299;102.293;375;0;375;299;90;0;0;0;0;0;0;0;0;TP
389;0;0;0;0;0;0;0;0;156;304;274;208;573;-35;494;299;103.307;375;0;375;299;90;0;0;0;0;0;0;0;0;TP
390;0;0;0;0;0;0;0;0;163;305;266;218;569;-38;502;299;101.245;375;0;375;299;90;0;0;0;0;0;0;0;0;TP
391;0;0;0;0;0;0;0;0;169;305;259;228;574;-38;508;299;101.081;375;0;375;299;90;0;0;0;0;0;0;0;0;TP
392;0;0;0;0;0;0;0;0;173;305;250;239;579;-38;512;299;101.245;375;0;375;299;90;0;0;0;0;0;0;0;0;TP
393;0;0;0;0;0;0;0;0;175;305;238;251;573;-41;511;299;100.335;375;0;375;299;90;0;0;0;0;0;0;0;0;TP
394;0;0;0;0;0;0;0;0;180;305;225;265;564;-44;516;299;97.9663;375;0;375;299;90;0;0;0;0;0;0;0;0;TP
395;0;0;0;0;0;0;0;0;364;163;468;107;630;19;456;299;121.858;375;0;375;299;90;0;0;0;0;0;0;0;0;TP
396;0;0;0;0;0;0;0;0;356;169;464;110;633;15;467;299;120.307;375;0;375;299;90;0;0;0;0;0;0;0;0;TP
397;0;0;0;0;0;0;0;0;347;176;455;110;633;1;487;299;116.102;375;0;375;299;90;0;0;0;0;0;0;0;0;TP
398;0;0;0;0;0;0;0;0;337;185;451;117;639;4;487;299;117.26;375;0;375;299;90;0;0;0;0;0;0;0;0;TP
399;0;0;0;0;0;0;0;0;326;194;444;120;640;-2;498;299;115.256;375;0;375;299;90;0;0;0;0;0;0;0;0;TP
400;0;0;0;0;0;0;0;0;313;204;435;122;634;-11;511;299;111.642;375;0;375;299;90;0;0;0;0;0;0;0;0;TP
401;0;0;0;0;0;0;0;0;299;213;425;125;626;-15;515;299;109.469;375;0;375;299;90;0;0;0;0;0;0;0;0;TP
402;0;0;0;0;0;0;0;0;285;225;418;131;631;-17;516;299;109.998;375;0;375;299;90;0;0;0;0;0;0;0;0;TP
403;0;0;0;0;0;0;0;0;267;235;406;132;615;-23;517;299;106.928;375;0;375;299;90;0;0;0;0;0;0;0;0;TP
404;0;0;0;0;0;0;0;0;251;249;397;141;619;-23;520;299;107.09;375;0;375;299;90;0;0;0;0;0;0;0;0;TP
405;0;0;0;0;0;0;0;0;234;261;383;142;600;-31;521;299;103.463;375;0;375;299;90;0;0;0;0;0;0;0;0;TP
406;0;0;0;0;0;0;0;0;216;275;371;148;595;-35;518;299;102.982;375;0;375;299;90;0;0;0;0;0;0;0;0;TP
407;198;291;360;154;0;0;0;0;448;106;516;78;556;61;332;299;133.264;375;0;375;299;90;0;0;0;0;0;0;0;0;TP
408;186;304;347;160;0;0;0;0;439;110;509;80;567;55;351;299;131.517;375;0;375;299;90;0;0;0;0;0;0;0;0;TP
409;184;305;335;168;0;0;0;0;431;112;503;80;571;49;362;299;129.896;375;0;375;299;90;0;0;0;0;0;0;0;0;TP
410;0;0;0;0;0;0;0;0;182;304;330;182;594;-36;520;299;102.456;375;0;375;299;90;0;0;0;0;0;0;0;0;TP
411;0;0;0;0;0;0;0;0;183;304;317;190;584;-38;520;299;100.753;375;0;375;299;90;0;0;0;0;0;0;0;0;TP
412;0;0;0;0;0;0;0;0;184;305;305;197;577;-42;520;299;99.4896;375;0;375;299;90;0;0;0;0;0;0;0;0;TP
413;0;0;0;0;0;0;0;0;185;305;296;208;583;-42;521;299;100.305;375;0;375;299;90;0;0;0;0;0;0;0;0;TP
414;0;0;0;0;0;0;0;0;189;305;284;218;571;-44;525;299;97.6384;375;0;375;299;90;0;0;0;0;0;0;0;0;TP
415;0;0;0;0;0;0;0;0;192;305;273;230;570;-45;528;299;96.961;375;0;375;299;90;0;0;0;0;0;0;0;0;TP
416;0;0;0;0;0;0;0;0;195;305;262;242;571;-48;528;299;97.064;375;0;375;299;90;0;0;0;0;0;0;0;0;TP
417;0;0;0;0;0;0;0;0;196;305;248;256;574;-44;532;299;96.9811;375;0;375;299;90;0;0;0;0;0;0;0;0;TP
418;0;0;0;0;0;0;0;0;195;305;233;271;585;-43;531;299;98.9726;375;0;375;299;90;0;0;0;0;0;0;0;0;TP
419;0;0;0;0;0;0;0;0;355;159;450;99;612;-5;475;299;114.259;375;0;375;299;90;0;0;0;0;0;0;0;0;TP
420;0;0;0;0;0;0;0;0;344;168;442;102;611;-11;489;299;111.482;375;0;375;299;90;0;0;0;0;0;0;0;0;TP
421;0;0;0;0;0;0;0;0;331;176;432;105;606;-18;493;299;109.619;375;0;375;299;90;0;0;0;0;0;0;0;0;TP
422;0;0;0;0;0;0;0;0;317;184;423;108;602;-20;493;299;108.865;375;0;375;299;90;0;0;0;0;0;0;0;0;TP
423;0;0;0;0;0;0;0;0;304;195;415;113;600;-21;498;299;107.68;375;0;375;299;90;0;0;0;0;0;0;0;0;TP
424;0;0;0;0;0;0;0;0;290;206;406;117;598;-27;502;299;106.409;375;0;375;299;90;0;0;0;0;0;0;0;0;TP
425;0;0;0;0;0;0;0;0;275;218;395;122;587;-31;508;299;103.463;375;0;375;299;90;0;0;0;0;0;0;0;0;TP
426;0;0;0;0;0;0;0;0;260;229;386;126;583;-32;508;299;102.767;375;0;375;299;90;0;0;0;0;0;0;0;0;TP
427;0;0;0;0;0;0;0;0;245;244;376;132;578;-38;512;299;101.081;375;0;375;299;90;0;0;0;0;0;0;0;0;TP
428;0;0;0;0;0;0;0;0;228;256;366;137;571;-42;508;299;100.467;375;0;375;299;90;0;0;0;0;0;0;0;0;TP
429;0;0;0;0;0;0;0;0;213;271;354;141;558;-44;512;299;97.6384;375;0;375;299;90;0;0;0;0;0;0;0;0;TP
430;0;0;0;0;0;0;0;0;197;287;344;148;552;-48;511;299;96.7386;375;0;375;299;90;0;0;0;0;0;0;0;0;TP
431;182;303;334;157;0;0;0;0;425;106;494;74;558;45;352;299;129.043;375;0;375;299;90;0;0;0;0;0;0;0;0;TP
432;0;0;0;0;0;0;0;0;180;303;323;165;548;-49;511;299;96.069;375;0;375;299;90;0;0;0;0;0;0;0;0;TP
433;0;0;0;0;0;0;0;0;179;304;311;173;537;-54;509;299;94.5352;375;0;375;299;90;0;0;0;0;0;0;0;0;TP
434;0;0;0;0;0;0;0;0;177;304;300;182;537;-50;509;299;94.587;375;0;375;299;90;0;0;0;0;0;0;0;0;TP
435;0;0;0;0;0;0;0;0;176;304;294;196;557;-44;511;299;97.6384;375;0;375;299;90;0;0;0;0;0;0;0;0;TP
436;0;0;0;0;0;0;0;0;176;304;284;206;560;-44;511;299;98.1301;375;0;375;299;90;0;0;0;0;0;0;0;0;TP
437;0;0;0;0;0;0;0;0;178;305;273;215;555;-48;511;299;97.2266;375;0;375;299;90;0;0;0;0;0;0;0;0;TP
438;0;0;0;0;0;0;0;0;178;304;261;227;554;-45;513;299;96.7968;375;0;375;299;90;0;0;0;0;0;0;0;0;TP
439;0;0;0;0;0;0;0;0;180;304;247;241;555;-48;512;299;97.064;375;0;375;299;90;0;0;0;0;0;0;0;0;TP
440;0;0;0;0;0;0;0;0;183;304;232;255;541;-54;513;299;94.5352;375;0;375;299;90;0;0;0;0;0;0;0;0;TP
441;0;0;0;0;0;0;0;0;185;303;218;273;559;-49;516;299;97.0439;375;0;375;299;90;0;0;0;0;0;0;0;0;TP
442;0;0;0;0;0;0;0;0;339;163;434;99;598;-13;479;299;110.877;375;0;375;299;90;0;0;0;0;0;0;0;0;TP
443;0;0;0;0;0;0;0;0;328;171;428;103;598;-12;479;299;110.939;375;0;375;299;90;0;0;0;0;0;0;0;0;TP
444;0;0;0;0;0;0;0;0;316;177;420;104;593;-14;479;299;110.012;375;0;375;299;90;0;0;0;0;0;0;0;0;TP
445;0;0;0;0;0;0;0;0;305;187;413;110;592;-20;486;299;108.381;375;0;375;299;90;0;0;0;0;0;0;0;0;TP
446;0;0;0;0;0;0;0;0;294;199;404;113;587;-30;501;299;104.649;375;0;375;299;90;0;0;0;0;0;0;0;0;TP
447;0;0;0;0;0;0;0;0;281;210;397;120;590;-29;501;299;105.181;375;0;375;299;90;0;0;0;0;0;0;0;0;TP
448;0;0;0;0;0;0;0;0;267;223;389;123;583;-36;506;299;102.945;375;0;375;299;90;0;0;0;0;0;0;0;0;TP
449;0;0;0;0;0;0;0;0;251;236;379;129;576;-38;508;299;101.408;375;0;375;299;90;0;0;0;0;0;0;0;0;TP
450;0;0;0;0;0;0;0;0;233;252;367;134;568;-43;509;299;99.788;375;0;375;299;90;0;0;0;0;0;0;0;0;TP
451;0;0;0;0;0;0;0;0;216;267;356;141;562;-44;510;299;98.6206;375;0;375;299;90;0;0;0;0;0;0;0;0;TP
452;0;0;0;0;0;0;0;0;198;283;346;147;555;-45;510;299;97.4528;375;0;375;299;90;0;0;0;0;0;0;0;0;TP
453;180;301;332;153;0;0;0;0;470;51;460;39;1423;1194;1001;299;64.7557;375;0;375;299;90;0;0;0;0;0;0;0;0;TP
454;2;167;295;24;0;0;0;0;462;51;455;37;13896;26919;911;299;63.9973;375;0;375;299;90;0;0;0;0;0;0;0;0;TP
455;0;0;0;0;756;198;614;51;172;303;307;172;526;-40;514;299;92.0273;375;0;375;299;90;0;0;0;0;0;0;0;0;TP
456;1;164;277;30;756;200;606;48;170;303;294;183;521;-36;513;299;91.368;375;0;375;299;90;0;0;0;0;0;0;0;0;TP
457;1;168;267;31;755;201;599;47;170;304;284;201;528;-22;514;299;92.4973;375;0;375;299;90;0;0;0;0;0;0;0;0;TP
458;1;168;258;34;754;205;607;53;170;304;266;212;521;-32;510;299;91.9034;375;0;375;299;90;0;0;0;0;0;0;0;0;TP
459;0;0;0;0;0;0;0;0;167;304;249;226;538;-48;499;299;96.4127;375;0;375;299;90;0;0;0;0;0;0;0;0;TP
460;2;164;235;37;755;216;597;56;167;304;231;242;511;-29;504;299;91.2226;375;0;375;299;90;0;0;0;0;0;0;0;0;TP
461;3;166;227;38;756;218;574;44;167;304;213;260;506;-20;506;299;90;375;0;375;299;90;0;0;0;0;0;0;0;0;TP
462;2;166;218;40;755;220;588;56;331;158;391;94;503;-25;516;299;87.7023;375;0;375;299;90;0;0;0;0;0;0;0;0;TP
463;2;166;209;43;756;219;556;40;319;168;383;98;489;-17;522;299;84.0382;375;0;375;299;90;0;0;0;0;0;0;0;0;TP
464;3;168;200;45;756;220;545;36;307;177;375;103;484;-15;520;299;83.4596;375;0;375;299;90;0;0;0;0;0;0;0;0;TP
465;3;169;190;48;757;220;543;39;295;189;366;107;473;-19;525;299;80.7131;375;0;375;299;90;0;0;0;0;0;0;0;0;TP
466;3;169;178;52;756;222;531;35;280;201;357;113;471;-14;520;299;81.1026;375;0;375;299;90;0;0;0;0;0;0;0;0;TP
467;0;0;0;0;757;224;518;31;266;214;347;117;458;-16;522;299;78.5153;375;0;375;299;90;0;0;0;0;0;0;0;0;TP
468;0;0;0;0;757;226;515;32;252;229;336;122;450;-19;522;299;77.2425;375;0;375;299;90;0;0;0;0;0;0;0;0;TP
469;0;0;0;0;757;230;493;24;235;245;325;129;439;-17;519;299;75.7932;375;0;375;299;90;0;0;0;0;0;0;0;0;TP
470;0;0;0;0;758;231;493;27;218;262;315;135;433;-18;517;299;75.1586;375;0;375;299;90;0;0;0;0;0;0;0;0;TP
471;0;0;0;0;757;235;491;29;200;282;304;144;427;-19;513;299;74.8669;375;0;375;299;90;0;0;0;0;0;0;0;0;TP
472;0;0;0;0;758;237;484;29;183;303;291;152;414;-22;512;299;73.0228;375;0;375;299;90;0;0;0;0;0;0;0;0;TP
473;2;158;100;78;757;242;477;29;179;304;279;162;408;-21;507;299;72.8092;375;0;375;299;90;0;0;0;0;0;0;0;0;TP
474;2;154;89;81;760;242;430;15;176;304;266;171;389;-13;510;299;68.8027;375;0;375;299;90;0;0;0;0;0;0;0;0;TP
475;0;0;0;0;758;248;457;26;174;303;254;181;388;-23;501;299;70.6624;375;0;375;299;90;0;0;0;0;0;0;0;0;TP
476;0;0;0;0;760;249;425;17;172;303;242;193;376;-17;502;299;68.2611;375;0;375;299;90;0;0;0;0;0;0;0;0;TP
477;0;0;0;0;759;251;408;13;171;303;228;203;358;-19;501;299;65.7872;375;0;375;299;90;0;0;0;0;0;0;0;0;TP
478;0;0;0;0;760;252;404;14;168;303;219;219;363;-12;500;299;66.2258;375;0;375;299;90;0;0;0;0;0;0;0;0;TP
479;0;0;0;0;759;253;400;15;167;302;207;234;353;-14;498;299;65.1437;375;0;375;299;90;0;0;0;0;0;0;0;0;TP
480;0;0;0;0;759;255;420;25;166;302;194;250;343;-26;495;299;64.9349;375;0;375;299;90;0;0;0;0;0;0;0;0;TP
481;0;0;0;0;759;256;390;16;234;149;242;95;265;-60;518;299;54.8263;375;0;375;299;90;0;0;0;0;0;0;0;0;TP
482;0;0;0;0;760;257;374;13;226;157;234;99;256;-60;516;299;54.0867;375;0;375;299;90;0;0;0;0;0;0;0;0;TP
483;0;0;0;0;760;259;369;14;216;165;230;102;264;-47;504;299;55.2532;375;0;375;299;90;0;0;0;0;0;0;0;0;TP
484;0;0;0;0;760;262;368;15;205;174;222;107;260;-52;496;299;56.0845;375;0;375;299;90;0;0;0;0;0;0;0;0;TP
485;0;0;0;0;761;263;346;10;196;185;214;111;252;-45;494;299;54.8741;375;0;375;299;90;0;0;0;0;0;0;0;0;TP
486;0;0;0;0;759;267;376;22;186;196;207;117;255;-54;482;299;57.2566;375;0;375;299;90;0;0;0;0;0;0;0;0;TP
487;0;0;0;0;759;270;372;23;177;211;199;124;244;-57;479;299;56.5707;375;0;375;299;90;0;0;0;0;0;0;0;0;TP
488;0;0;0;0;761;270;331;14;167;225;193;130;240;-38;477;299;54.8827;375;0;375;299;90;0;0;0;0;0;0;0;0;TP
489;0;0;0;0;761;271;308;10;155;239;186;137;234;-29;473;299;53.9207;375;0;375;299;90;0;0;0;0;0;0;0;0;TP
490;0;0;0;0;760;276;312;10;145;254;178;142;231;-34;464;299;55.0195;375;0;375;299;90;0;0;0;0;0;0;0;0;TP
491;0;0;0;0;761;276;313;12;135;272;171;149;226;-36;463;299;54.722;375;0;375;299;90;0;0;0;0;0;0;0;0;TP
492;0;0;0;0;760;278;329;18;122;291;166;159;232;-38;456;299;56.3885;375;0;375;299;90;0;0;0;0;0;0;0;0;TP
493;0;0;0;0;758;281;367;32;118;300;161;170;236;-48;452;299;58.0986;375;0;375;299;90;0;0;0;0;0;0;0;0;TP
494;0;0;0;0;759;278;319;22;113;300;153;182;225;-30;454;299;55.1602;375;0;375;299;90;0;0;0;0;0;0;0;0;TP
495;0;0;0;0;759;278;287;14;108;300;144;192;216;-23;452;299;53.7616;375;0;375;299;90;0;0;0;0;0;0;0;0;TP
496;0;0;0;0;758;278;277;13;102;300;134;204;210;-23;449;299;53.4159;375;0;375;299;90;0;0;0;0;0;0;0;0;TP
497;0;0;0;0;757;281;280;15;95;300;123;216;203;-23;442;299;53.4159;375;0;375;299;90;0;0;0;0;0;0;0;0;TP
498;0;0;0;0;754;283;292;19;89;300;113;233;205;-28;435;299;54.8788;375;0;375;299;90;0;0;0;0;0;0;0;0;TP
499;0;0;0;0;748;284;297;23;83;300;103;251;217;-21;428;299;56.6001;375;0;375;299;90;0;0;0;0;0;0;0;0;TP
500;0;0;0;0;743;282;257;16;77;299;85;269;165;-30;425;299;51.6816;375;0;375;299;90;0;0;0;0;0;0;0;0;TP
501;0;0;0;0;740;281;255;15;111;167;123;113;156;-35;426;299;51.0485;375;0;375;299;90;0;0;0;0;0;0;0;0;TP
502;0;0;0;0;736;283;254;15;105;175;118;116;155;-39;420;299;51.9027;375;0;375;299;90;0;0;0;0;0;0;0;0;TP
503;0;0;0;0;733;283;263;18;100;185;114;121;150;-43;418;299;51.9168;375;0;375;299;90;0;0;0;0;0;0;0;0;TP
504;0;0;0;0;730;286;293;28;93;197;111;128;158;-48;408;299;54.2287;375;0;375;299;90;0;0;0;0;0;0;0;0;TP
505;0;0;0;0;730;281;233;19;85;210;107;136;154;-22;411;299;51.3184;375;0;375;299;90;0;0;0;0;0;0;0;0;TP
506;0;0;0;0;726;284;248;22;77;220;103;139;155;-25;402;299;52.6801;375;0;375;299;90;0;0;0;0;0;0;0;0;TP
507;0;0;0;0;725;281;227;17;71;232;101;145;156;-17;403;299;51.9872;375;0;375;299;90;0;0;0;0;0;0;0;0;TP
508;0;0;0;0;724;281;227;17;64;245;99;150;162;-16;400;299;52.9269;375;0;375;299;90;0;0;0;0;0;0;0;0;TP
509;0;0;0;0;723;282;232;19;57;259;96;157;165;-16;397;299;53.6281;375;0;375;299;90;0;0;0;0;0;0;0;0;TP
510;0;0;0;0;718;286;268;28;50;274;90;164;159;-31;390;299;55.008;375;0;375;299;90;0;0;0;0;0;0;0;0;TP
511;0;0;0;0;717;282;231;21;43;292;86;174;156;-16;394;299;52.9269;375;0;375;299;90;0;0;0;0;0;0;0;0;TP
512;0;0;0;0;716;279;193;15;37;299;84;182;157;-1;395;299;51.5739;375;0;375;299;90;0;0;0;0;0;0;0;0;TP
513;0;0;0;0;712;280;206;17;36;299;79;190;156;-6;392;299;52.2684;375;0;375;299;90;0;0;0;0;0;0;0;0;TP
514;0;0;0;0;713;281;208;17;34;299;75;199;160;-7;390;299;53.0702;375;0;375;299;90;0;0;0;0;0;0;0;0;TP
515;0;0;0;0;714;281;212;19;34;300;72;210;163;-5;391;299;53.1301;375;0;375;299;90;0;0;0;0;0;0;0;0;TP
516;0;0;0;0;711;281;214;20;33;300;67;221;163;-5;389;299;53.3721;375;0;375;299;90;0;0;0;0;0;0;0;0;TP
517;0;0;0;0;709;280;200;16;31;299;61;234;167;0;388;299;53.5308;375;0;375;299;90;0;0;0;0;0;0;0;0;TP
518;0;0;0;0;706;281;215;20;32;300;53;247;158;-9;385;299;53.6093;375;0;375;299;90;0;0;0;0;0;0;0;0;TP
519;0;0;0;0;705;279;201;18;31;299;49;264;177;6;386;299;54.4993;375;0;375;299;90;0;0;0;0;0;0;0;0;TP
520;0;0;0;0;704;280;199;16;80;168;88;120;112;-23;399;299;48.2892;375;0;375;299;90;0;0;0;0;0;0;0;0;TP
521;0;0;0;0;701;281;203;17;76;176;86;123;114;-29;393;299;49.6152;375;0;375;299;90;0;0;0;0;0;0;0;0;TP
522;0;0;0;0;701;281;198;16;72;185;86;127;122;-22;389;299;50.2471;375;0;375;299;90;0;0;0;0;0;0;0;0;TP
523;0;0;0;0;699;282;214;19;68;194;84;131;124;-30;385;299;51.5746;375;0;375;299;90;0;0;0;0;0;0;0;0;TP
524;0;0;0;0;700;282;211;18;65;203;84;134;125;-23;385;299;51.0807;375;0;375;299;90;0;0;0;0;0;0;0;0;TP
525;0;0;0;0;702;280;200;16;61;213;83;139;130;-19;386;299;51.1648;375;0;375;299;90;0;0;0;0;0;0;0;0;TP
526;0;0;0;0;702;282;215;18;58;225;84;145;138;-21;383;299;52.5614;375;0;375;299;90;0;0;0;0;0;0;0;0;TP
527;0;0;0;0;701;282;218;19;55;239;85;152;143;-19;383;299;52.9575;375;0;375;299;90;0;0;0;0;0;0;0;0;TP
528;0;0;0;0;700;283;233;21;50;254;84;156;147;-25;381;299;54.1623;375;0;375;299;90;0;0;0;0;0;0;0;0;TP
529;0;0;0;0;700;283;240;21;44;267;82;161;150;-28;380;299;54.8788;375;0;375;299;90;0;0;0;0;0;0;0;0;TP
530;0;0;0;0;700;283;232;17;36;282;80;167;153;-26;378;299;55.3048;375;0;375;299;90;0;0;0;0;0;0;0;0;TP
531;0;0;0;0;702;281;219;14;29;299;79;173;155;-18;381;299;54.5136;375;0;375;299;90;0;0;0;0;0;0;0;0;TP
532;0;0;0;0;703;280;211;12;28;299;76;182;156;-15;382;299;54.2557;375;0;375;299;90;0;0;0;0;0;0;0;0;TP
533;0;0;0;0;701;280;210;12;27;300;73;191;158;-13;381;299;54.445;375;0;375;299;90;0;0;0;0;0;0;0;0;TP
534;0;0;0;0;701;281;217;13;29;300;70;201;162;-16;381;299;55.1915;375;0;375;299;90;0;0;0;0;0;0;0;0;TP
535;0;0;0;0;702;283;234;17;30;299;69;212;173;-15;380;299;56.6057;375;0;375;299;90;0;0;0;0;0;0;0;0;TP
536;0;0;0;0;705;281;220;15;32;299;64;224;164;-14;384;299;54.8976;375;0;375;299;90;0;0;0;0;0;0;0;0;TP
537;0;0;0;0;707;282;230;15;33;299;60;236;171;-16;384;299;55.9338;375;0;375;299;90;0;0;0;0;0;0;0;0;TP
538;0;0;0;0;708;282;235;17;35;300;55;250;164;-22;386;299;55.3327;375;0;375;299;90;0;0;0;0;0;0;0;0;TP
539;0;0;0;0;710;281;227;15;36;298;48;265;150;-25;388;299;53.7002;375;0;375;299;90;0;0;0;0;0;0;0;0;TP
540;0;0;0;0;711;281;234;16;93;165;107;115;146;-31;399;299;52.5238;375;0;375;299;90;0;0;0;0;0;0;0;0;TP
541;0;0;0;0;711;282;238;16;91;173;107;118;151;-29;397;299;53.1301;375;0;375;299;90;0;0;0;0;0;0;0;0;TP
542;0;0;0;0;711;282;238;15;88;182;108;122;158;-27;394;299;54.0982;375;0;375;299;90;0;0;0;0;0;0;0;0;TP
543;0;0;0;0;712;281;233;15;85;191;108;127;163;-23;394;299;54.3447;375;0;375;299;90;0;0;0;0;0;0;0;0;TP
544;0;0;0;0;709;282;238;16;81;202;108;132;168;-21;391;299;55.1283;375;0;375;299;90;0;0;0;0;0;0;0;0;TP
545;0;0;0;0;707;283;248;18;77;212;107;135;169;-27;388;299;56.1076;375;0;375;299;90;0;0;0;0;0;0;0;0;TP
546;0;0;0;0;707;282;242;15;73;223;107;139;173;-24;389;299;56.2281;375;0;375;299;90;0;0;0;0;0;0;0;0;TP
547;0;0;0;0;710;281;236;13;69;236;104;145;170;-22;392;299;55.3327;375;0;375;299;90;0;0;0;0;0;0;0;0;TP
548;0;0;0;0;711;281;237;13;62;251;103;150;171;-21;392;299;55.3701;375;0;375;299;90;0;0;0;0;0;0;0;0;TP
549;0;0;0;0;712;283;240;12;56;266;102;157;178;-20;390;299;56.3929;375;0;375;299;90;0;0;0;0;0;0;0;0;TP
550;0;0;0;0;712;283;249;15;50;283;99;166;180;-23;391;299;56.764;375;0;375;299;90;0;0;0;0;0;0;0;0;TP
551;0;0;0;0;712;282;249;17;43;300;97;174;181;-21;392;299;56.6001;375;0;375;299;90;0;0;0;0;0;0;0;0;TP
552;0;0;0;0;715;282;242;13;41;300;95;182;186;-16;392;299;56.8166;375;0;375;299;90;0;0;0;0;0;0;0;0;TP
553;0;0;0;0;715;281;243;13;40;300;90;192;187;-17;393;299;56.8997;375;0;375;299;90;0;0;0;0;0;0;0;0;TP
554;0;0;0;0;713;283;256;17;40;300;84;205;187;-20;390;299;57.5288;375;0;375;299;90;0;0;0;0;0;0;0;0;TP
555;0;0;0;0;713;280;231;12;41;300;79;218;186;-12;394;299;56.225;375;0;375;299;90;0;0;0;0;0;0;0;0;TP
556;0;0;0;0;712;280;235;13;43;300;74;231;186;-12;394;299;56.225;375;0;375;299;90;0;0;0;0;0;0;0;0;TP
557;0;0;0;0;714;281;244;13;43;300;68;245;185;-19;394;299;56.6858;375;0;375;299;90;0;0;0;0;0;0;0;0;TP
558;0;0;0;0;715;282;250;15;44;300;60;265;186;-19;394;299;56.8118;375;0;375;299;90;0;0;0;0;0;0;0;0;TP
559;0;0;0;0;715;282;251;16;102;168;115;115;155;-36;406;299;53.1575;375;0;375;299;90;0;0;0;0;0;0;0;0;TP
560;0;0;0;0;716;282;249;15;97;176;117;119;168;-29;399;299;54.8442;375;0;375;299;90;0;0;0;0;0;0;0;0;TP
561;0;0;0;0;715;282;257;16;92;185;116;122;173;-31;396;299;55.9508;375;0;375;299;90;0;0;0;0;0;0;0;0;TP
562;0;0;0;0;716;282;250;15;88;196;113;126;171;-27;397;299;55.2683;375;0;375;299;90;0;0;0;0;0;0;0;0;TP
563;0;0;0;0;716;282;249;15;82;210;112;133;175;-25;395;299;55.823;375;0;375;299;90;0;0;0;0;0;0;0;0;TP
564;0;0;0;0;716;282;254;16;76;223;110;138;175;-27;395;299;55.9867;375;0;375;299;90;0;0;0;0;0;0;0;0;TP
565;0;0;0;0;715;282;250;15;67;236;107;144;180;-23;391;299;56.764;375;0;375;299;90;0;0;0;0;0;0;0;0;TP
566;0;0;0;0;715;283;246;13;60;251;105;150;180;-21;390;299;56.7251;375;0;375;299;90;0;0;0;0;0;0;0;0;TP
567;0;0;0;0;716;283;248;14;53;269;102;160;185;-21;391;299;57.2286;375;0;375;299;90;0;0;0;0;0;0;0;0;TP
568;0;0;0;0;715;284;262;19;46;288;100;170;188;-22;390;299;57.8185;375;0;375;299;90;0;0;0;0;0;0;0;0;TP
569;0;0;0;0;714;284;258;18;41;300;97;178;188;-20;390;299;57.6568;375;0;375;299;90;0;0;0;0;0;0;0;0;TP
570;0;0;0;0;715;283;250;17;40;300;92;189;189;-15;391;299;57.2463;375;0;375;299;90;0;0;0;0;0;0;0;0;TP
571;0;0;0;0;714;284;255;17;39;299;86;199;189;-19;388;299;57.9622;375;0;375;299;90;0;0;0;0;0;0;0;0;TP
572;0;0;0;0;715;282;247;16;38;299;80;212;188;-15;391;299;57.1175;375;0;375;299;90;0;0;0;0;0;0;0;0;TP
573;0;0;0;0;713;283;251;17;40;300;74;226;186;-17;390;299;57.1549;375;0;375;299;90;0;0;0;0;0;0;0;0;TP
574;0;0;0;0;712;283;246;17;41;300;68;245;196;-10;390;299;57.8781;375;0;375;299;90;0;0;0;0;0;0;0;0;TP
575;0;0;0;0;711;283;251;18;42;300;60;262;192;-16;390;299;57.8477;375;0;375;299;90;0;0;0;0;0;0;0;0;TP
576;0;0;0;0;712;282;249;17;97;166;109;116;146;-38;403;299;52.6704;375;0;375;299;90;0;0;0;0;0;0;0;0;TP
577;0;0;0;0;712;282;248;17;93;175;109;121;155;-34;398;299;53.8807;375;0;375;299;90;0;0;0;0;0;0;0;0;TP
578;0;0;0;0;711;282;248;15;88;183;108;124;162;-31;394;299;54.8916;375;0;375;299;90;0;0;0;0;0;0;0;0;TP
579;0;0;0;0;709;284;265;20;84;194;106;131;166;-37;390;299;56.3099;375;0;375;299;90;0;0;0;0;0;0;0;0;TP
580;0;0;0;0;709;282;247;18;79;207;105;137;166;-27;391;299;55.3872;375;0;375;299;90;0;0;0;0;0;0;0;0;TP
581;0;0;0;0;710;284;259;19;73;219;102;142;167;-31;389;299;56.0702;375;0;375;299;90;0;0;0;0;0;0;0;0;TP
582;0;0;0;0;708;283;253;17;64;233;99;148;173;-27;385;299;56.9638;375;0;375;299;90;0;0;0;0;0;0;0;0;TP
583;0;0;0;0;706;284;257;19;57;249;95;155;170;-30;383;299;57.0803;375;0;375;299;90;0;0;0;0;0;0;0;0;TP
584;0;0;0;0;706;282;236;14;50;267;93;164;172;-21;385;299;56.3513;375;0;375;299;90;0;0;0;0;0;0;0;0;TP
585;0;0;0;0;709;282;242;14;43;285;85;169;158;-32;387;299;55.3229;375;0;375;299;90;0;0;0;0;0;0;0;0;TP
586;0;0;0;0;709;282;240;14;37;300;89;183;178;-19;387;299;56.6858;375;0;375;299;90;0;0;0;0;0;0;0;0;TP
587;0;0;0;0;710;282;245;16;36;300;85;193;180;-17;387;299;56.7727;375;0;375;299;90;0;0;0;0;0;0;0;0;TP
588;0;0;0;0;711;284;262;20;35;299;79;204;184;-26;385;299;58.2648;375;0;375;299;90;0;0;0;0;0;0;0;0;TP
589;0;0;0;0;711;282;248;16;34;300;74;216;185;-17;387;299;57.4116;375;0;375;299;90;0;0;0;0;0;0;0;0;TP
590;0;0;0;0;710;283;256;17;34;299;67;231;189;-20;385;299;58.4326;375;0;375;299;90;0;0;0;0;0;0;0;0;TP
591;0;0;0;0;711;283;254;17;36;300;59;249;184;-20;387;299;57.5288;375;0;375;299;90;0;0;0;0;0;0;0;0;TP
592;0;0;0;0;710;283;255;17;36;299;51;267;187;-21;386;299;58.1236;375;0;375;299;90;0;0;0;0;0;0;0;0;TP
593;0;0;0;0;709;284;263;20;94;167;108;114;149;-45;396;299;54.3208;375;0;375;299;90;0;0;0;0;0;0;0;0;TP
594;0;0;0;0;708;285;262;17;89;174;108;116;157;-45;390;299;55.8892;375;0;375;299;90;0;0;0;0;0;0;0;0;TP
595;0;0;0;0;710;283;253;14;84;183;107;120;162;-36;389;299;55.878;375;0;375;299;90;0;0;0;0;0;0;0;0;TP
596;0;0;0;0;711;285;268;20;81;194;105;127;164;-41;388;299;56.6222;375;0;375;299;90;0;0;0;0;0;0;0;0;TP
597;0;0;0;0;709;288;293;28;79;208;105;136;171;-46;386;299;58.0693;375;0;375;299;90;0;0;0;0;0;0;0;0;TP
598;0;0;0;0;710;284;265;22;73;223;106;141;175;-28;388;299;56.9207;375;0;375;299;90;0;0;0;0;0;0;0;0;TP
599;0;0;0;0;708;285;273;23;65;237;103;145;176;-31;385;299;57.6526;375;0;375;299;90;0;0;0;0;0;0;0;0;TP
600;0;0;0;0;708;283;261;20;57;251;100;152;179;-26;385;299;57.6316;375;0;375;299;90;0;0;0;0;0;0;0;0;TP
601;0;0;0;0;707;284;256;17;50;268;96;159;176;-27;384;299;57.4606;375;0;375;299;90;0;0;0;0;0;0;0;0;TP
602;0;0;0;0;705;284;259;18;42;287;94;170;181;-28;383;299;58.2948;375;0;375;299;90;0;0;0;0;0;0;0;0;TP
603;0;0;0;0;705;284;258;18;38;299;91;179;182;-26;384;299;58.1375;375;0;375;299;90;0;0;0;0;0;0;0;0;TP
604;0;0;0;0;705;284;267;20;37;299;88;188;188;-26;382;299;59.166;375;0;375;299;90;0;0;0;0;0;0;0;0;TP
605;0;0;0;0;708;283;257;16;37;299;83;200;186;-24;386;299;58.2344;375;0;375;299;90;0;0;0;0;0;0;0;0;TP
606;0;0;0;0;709;284;262;16;37;299;79;213;192;-25;384;299;59.3493;375;0;375;299;90;0;0;0;0;0;0;0;0;TP
607;0;0;0;0;708;284;261;16;38;299;71;225;184;-27;385;299;58.3435;375;0;375;299;90;0;0;0;0;0;0;0;0;TP
608;0;0;0;0;706;284;263;15;37;299;64;241;189;-26;383;299;59.166;375;0;375;299;90;0;0;0;0;0;0;0;0;TP
609;0;0;0;0;705;286;280;19;36;300;55;257;189;-36;380;299;60.3104;375;0;375;299;90;0;0;0;0;0;0;0;0;TP
610;0;0;0;0;704;285;264;13;34;299;43;277;185;-33;379;299;59.7007;375;0;375;299;90;0;0;0;0;0;0;0;0;TP
611;0;0;0;0;703;286;265;14;90;169;106;116;155;-50;387;299;56.3858;375;0;375;299;90;0;0;0;0;0;0;0;0;TP
612;0;0;0;0;704;286;268;16;88;180;107;123;161;-47;386;299;56.9645;375;0;375;299;90;0;0;0;0;0;0;0;0;TP
613;0;0;0;0;706;286;278;18;83;191;108;127;176;-45;383;299;58.9628;375;0;375;299;90;0;0;0;0;0;0;0;0;TP
614;0;0;0;0;705;286;276;16;78;202;106;131;175;-47;382;299;59.1094;375;0;375;299;90;0;0;0;0;0;0;0;0;TP
615;0;0;0;0;705;287;284;18;71;214;104;137;184;-45;378;299;60.579;375;0;375;299;90;0;0;0;0;0;0;0;0;TP
616;0;0;0;0;705;286;278;15;66;226;101;142;182;-44;379;299;60.1294;375;0;375;299;90;0;0;0;0;0;0;0;0;TP
617;0;0;0;0;705;287;281;15;59;241;99;149;184;-46;378;299;60.6501;375;0;375;299;90;0;0;0;0;0;0;0;0;TP
618;0;0;0;0;704;288;282;15;52;257;98;157;190;-43;376;299;61.46;375;0;375;299;90;0;0;0;0;0;0;0;0;TP
619;0;0;0;0;701;287;283;15;45;273;94;164;187;-46;376;299;61.2849;375;0;375;299;90;0;0;0;0;0;0;0;0;TP
620;0;0;0;0;700;289;288;16;36;293;92;175;195;-42;374;299;62.3038;375;0;375;299;90;0;0;0;0;0;0;0;0;TP
621;0;0;0;0;698;289;295;19;34;299;87;186;197;-45;372;299;63.0366;375;0;375;299;90;0;0;0;0;0;0;0;0;TP
622;0;0;0;0;699;290;305;22;35;299;83;196;196;-49;373;299;63.0412;375;0;375;299;90;0;0;0;0;0;0;0;0;TP
623;0;0;0;0;699;291;306;21;35;299;79;208;201;-48;372;299;63.7661;375;0;375;299;90;0;0;0;0;0;0;0;0;TP
624;0;0;0;0;701;291;317;23;35;300;74;221;210;-50;373;299;64.9651;375;0;375;299;90;0;0;0;0;0;0;0;0;TP
625;0;0;0;0;704;290;308;19;35;300;66;235;204;-48;376;299;63.6334;375;0;375;299;90;0;0;0;0;0;0;0;0;TP
626;0;0;0;0;703;292;319;20;34;300;58;251;206;-58;373;299;64.9304;375;0;375;299;90;0;0;0;0;0;0;0;0;TP
627;0;0;0;0;705;290;307;16;33;300;49;270;217;-45;375;299;65.3306;375;0;375;299;90;0;0;0;0;0;0;0;0;TP
628;0;0;0;0;703;291;309;17;100;167;134;112;226;-40;366;299;67.5604;375;0;375;299;90;0;0;0;0;0;0;0;0;TP
629;0;0;0;0;703;290;312;18;97;178;134;117;230;-39;368;299;67.7906;375;0;375;299;90;0;0;0;0;0;0;0;0;TP
630;0;0;0;0;704;291;321;20;91;187;135;122;240;-36;365;299;69.5377;375;0;375;299;90;0;0;0;0;0;0;0;0;TP
631;0;0;0;0;703;289;317;18;87;199;133;127;238;-37;370;299;68.5523;375;0;375;299;90;0;0;0;0;0;0;0;0;TP
632;0;0;0;0;702;290;328;19;80;212;131;132;244;-40;368;299;69.9084;375;0;375;299;90;0;0;0;0;0;0;0;0;TP
633;0;0;0;0;703;290;333;19;73;225;129;139;247;-42;369;299;70.3142;375;0;375;299;90;0;0;0;0;0;0;0;0;TP
634;0;0;0;0;705;288;326;15;65;241;127;147;249;-37;373;299;69.7435;375;0;375;299;90;0;0;0;0;0;0;0;0;TP
635;0;0;0;0;706;287;324;13;57;258;125;156;253;-36;375;299;69.9894;375;0;375;299;90;0;0;0;0;0;0;0;0;TP
636;0;0;0;0;705;287;336;16;47;278;120;163;253;-44;377;299;70.1243;375;0;375;299;90;0;0;0;0;0;0;0;0;TP
637;0;0;0;0;706;286;331;13;36;298;115;173;253;-43;379;299;69.7751;375;0;375;299;90;0;0;0;0;0;0;0;0;TP
638;0;0;0;0;705;285;336;13;35;300;111;186;262;-40;379;299;70.9588;375;0;375;299;90;0;0;0;0;0;0;0;0;TP
639;0;0;0;0;705;286;341;15;38;300;104;199;261;-44;380;299;70.8664;375;0;375;299;90;0;0;0;0;0;0;0;0;TP
640;0;0;0;0;705;288;360;21;40;300;99;212;269;-47;379;299;72.3635;375;0;375;299;90;0;0;0;0;0;0;0;0;TP
641;0;0;0;0;708;285;343;14;40;300;88;224;259;-46;383;299;70.2305;375;0;375;299;90;0;0;0;0;0;0;0;0;TP
642;0;0;0;0;711;283;332;10;40;300;79;241;262;-38;386;299;69.7988;375;0;375;299;90;0;0;0;0;0;0;0;0;TP
643;0;0;0;0;713;284;340;12;45;300;71;262;274;-34;389;299;70.9479;375;0;375;299;90;0;0;0;0;0;0;0;0;TP
644;0;0;0;0;718;283;333;11;144;157;174;101;252;-44;403;299;66.2393;375;0;375;299;90;0;0;0;0;0;0;0;0;TP
645;0;0;0;0;719;285;349;15;139;167;174;105;258;-49;402;299;67.5206;375;0;375;299;90;0;0;0;0;0;0;0;0;TP
646;0;0;0;0;723;283;336;10;134;174;172;108;259;-43;403;299;67.1663;375;0;375;299;90;0;0;0;0;0;0;0;0;TP
647;0;0;0;0;725